seqid	P25307_1001_S1	P25307_1002_S2	P25307_1003_S3	P25307_1004_S4	P25307_1005_S5	P25307_1006_S6	P25307_1007_S7	P25307_1008_S8	P25307_1009_S9	P25307_1010_S10	P25307_1013_S13	P25307_1014_S14	P25307_1015_S15	P25307_1016_S16	P25307_1017_S17	P25307_1018_S18	P25307_1021_S21	P25307_1064_S64	P25307_1065_S65	P30414_1055_S55	P30414_1056_S56	P30414_1057_S57	P30414_1058_S58	P30414_1059_S59	P30414_1060_S60	P30414_1061_S61	P30414_1062_S62	P30414_1063_S63	P30414_1064_S64	P30414_1065_S65	P30414_1066_S66	P30414_1067_S67	P30414_1068_S68	P30414_1069_S69	P30414_1070_S70	P30414_1071_S71	P30414_1072_S72	P30414_1073_S73	P30414_1074_S74	P30414_1075_S75	P30414_1076_S76	P30414_1077_S77	P30414_1078_S78	P30414_1079_S79	P30414_1080_S80
c9defb9d23fc31888e1b6901c68e1cf3	224	97	47908	110	158	128994	108	145	79731	1182	72	127	89	105	165	10	27072	13604	13331	61401	46879	219	3	160	0	9	26761	33450	7550	4564	24196	74528	92	68	586	2105	1931	7756	6	537	24983	46394	45765	41472	62051
2655f5f111358858104f5d0c95960ffb	108973	1159	1920	101443	659	806	290463	1071	145	85	1463	3276	1219	77944	70336	17832	397	223	139	4	0	11	20	5000	0	76	216	471	167	86	6	25	38	23	3406	24	33	199	0	19	23	13	18	22	23
25386fbea1b084c8c0432007b9ca51e0	715	1474	403	221	51421	349	290	128179	0	18	43	122	35	26	0	3	243	304	124	0	0	327	1230	1187	0	163	28	63	19	15	0	28	0	0	0	0	7	56	0	0	22	23	21	11	10
132fae8d9f732cb0ad35c6b0a16484b1	0	0	0	0	0	0	0	0	686	0	0	0	0	0	0	0	0	0	0	11	0	0	0	0	3	7	19	44	18	268	638	8345	34846	35864	19019	26107	227	2380	0	2200	26	27	21	16	0
70ff71e6f2f68263d320091ae1505d39	548	205	2675	0	97088	295	0	1013	110	33	0	0	0	0	0	0	1121	437	559	0	0	23	0	3989	56	166	0	155	0	0	0	0	60	0	2002	45	0	58	0	0	0	0	0	0	0
1a597e4d6ae20d0bd4bb1a032c67f05f	60	39	20360	34	43	48646	41	60	6909	39	0	13	0	0	9	0	937	435	518	24	0	6	0	3	0	0	64	378	93	56	0	0	0	0	0	0	25	86	0	0	89	200	77	91	65
b3f82a2a48abe0d2804345122af792a8	18	0	1385	0	0	3834	0	8	21883	23	0	0	0	21	14	0	1656	550	1060	326	11767	15	0	0	0	0	920	3212	783	571	37	967	25	1145	104	22	15879	1474	0	141	1006	980	630	684	552
e635f619c27f553ee41f69b4db20f864	0	0	0	0	0	0	0	0	0	1986	6	7	53	0	107	5	19772	4681	4197	77	0	76	0	8	0	0	1929	10511	5343	3243	84	0	0	0	0	0	1588	4848	0	335	3300	2415	2596	1879	2533
5407a2990b1f17dc1f9bc6d3a5d2a398	0	0	0	0	0	0	0	0	324	0	0	0	0	0	0	0	0	0	0	0	0	0	0	0	0	0	9	25	0	147	364	4166	16605	17275	9267	12412	128	1151	0	1054	10	14	0	0	9
4f56d727618edb7e3a2e380eeb9de013	0	0	0	0	0	0	0	0	0	27	0	0	0	0	0	0	1824	1452	996	0	0	371	49	0	0	0	237	345	63	102	77	15	0	0	729	3988	24	79	0	46116	303	557	368	601	465
c62aa8525073c11748695a02775e6c59	34	0	70	0	0	0	0	126	31922	19	23	16	13	35	0	0	58	31	16	179	0	46	0	3	0	0	565	7470	775	587	0	213	0	0	69	926	283	1310	0	94	0	2	0	0	0
73bac68563ffcbd96babeb70a358dbaa	0	0	0	0	0	0	0	0	0	0	0	0	0	0	0	0	0	0	8	0	0	36027	6328	7	85	298	26	67	23	24	0	0	0	0	17	0	13	33	3	0	4	5	0	4	0
c2dcd20faab238980f4ba657f8c22a64	0	16	8	0	0	0	0	12	0	0	0	0	0	0	0	0	39	17	29	0	0	27	1	37849	249	1009	60	103	43	22	0	3	25	40	67	65	6	19	0	10	6	7	6	4	3
107e3dc8481a9fb9d976bb101a6550ac	0	0	0	0	0	0	0	0	15	11	0	0	0	0	0	0	963	344	386	16	0	42	0	16	0	0	1900	4422	2314	1357	432	162	19203	0	31	0	760	2606	0	2294	56	66	45	42	39
0238123dfbebecc4098533b6b53da1d7	5617	65	90	5195	28	0	14200	48	0	0	80	148	0	3916	3559	968	0	0	0	0	0	0	0	0	0	0	0	0	0	0	0	0	0	0	0	0	0	0	0	0	0	0	0	0	0
198718ff1f936dcd969f2e2695931b24	0	0	1817	0	0	4895	0	0	8521	0	0	0	0	0	0	0	304	0	211	439	6145	0	0	0	0	0	1018	1684	376	150	177	918	0	0	0	0	635	197	0	0	1205	1190	1065	825	1247
f2b67619d7e96ddae33cdc3277c2be3d	0	0	0	0	0	0	0	0	0	260	0	0	9	0	0	0	3862	1053	962	214	0	30	0	11	0	0	775	4314	1383	1644	46	0	0	0	0	0	1523	6500	0	172	1505	977	846	968	935
6b9ba8421d8814b3200d3c19cca39e8c	0	0	0	0	0	0	0	0	0	0	0	0	0	0	0	0	16	0	0	0	0	0	0	0	0	0	43	52	12	51	0	0	663	15552	29	79	4222	7267	0	0	0	0	0	0	0
2c894426e65c04aba58dc8d97429acdd	112	92	102	70	55	57	76	26468	0	0	44	0	0	0	0	0	0	62	0	0	0	0	0	0	0	0	0	0	0	0	0	0	0	0	0	0	0	0	0	0	0	0	0	0	0
676e06f5b0f40ab24e9ca3c6e8d9a3a9	0	0	1316	0	0	2954	0	0	7569	0	0	0	0	0	0	0	232	104	206	272	5657	0	0	0	0	0	830	1514	343	140	113	600	0	0	0	0	726	200	0	0	866	848	757	571	786
3fb400dd1df208725833b5c104d0e07a	0	0	1585	0	0	3982	0	0	8962	49	0	0	0	0	0	0	227	109	199	280	3848	0	0	0	0	0	669	1243	296	135	120	531	0	0	0	0	368	129	0	0	737	722	673	510	711
562b371da2d8e078abb5df96cc83b21b	3	0	131	0	0	337	3	0	642	20	0	0	0	0	0	0	1217	735	605	688	52	40	0	12	0	0	1089	3924	1248	641	206	22	0	0	12	0	632	1577	0	209	991	3137	2088	1812	2314
c087aad2913d38933c9437a7212e5d5c	0	0	1107	0	7	870	0	11	7689	0	0	0	8	10	0	0	241	248	239	42	259	0	0	0	0	0	28	146	47	31	0	17	4	0	704	5	9884	625	0	18	22	29	22	37	32
fc66574db4ef600413f95ae0fa8d074b	0	0	0	0	4	0	0	0	24	283	0	0	26	0	59	0	6549	2116	1687	138	0	10	0	3	0	0	342	1328	612	708	67	0	0	0	0	0	541	2499	0	73	1118	847	635	654	598
e524c2c137a1d61fd3a6fa3114c49508	96	3584	83	53	35	420	62	104	0	32	18	29	36	0	0	0	876	317	359	0	0	25	7	823	0	0	346	2657	680	341	0	50	71	0	8540	80	157	821	0	40	24	52	29	22	27
fb9afca37c70b121113bbc191aaa556f	38	7	0	37	0	0	161	0	24	16	17	0	24	11906	7069	1218	0	0	0	0	0	0	0	0	0	0	0	0	0	0	0	0	0	0	0	0	0	0	0	0	0	0	0	0	0
dba4e2c6dc6e9ec5ed6f2167927a906d	3333	38	56	3052	0	0	8597	0	0	0	0	96	0	2325	2113	569	0	0	0	0	0	0	0	0	0	0	0	0	0	0	0	0	0	0	0	0	0	0	0	0	0	0	0	0	0
5adbe5a0587e057b33aea09f4bd224ab	0	0	0	0	0	0	0	0	0	52	0	0	8	0	17	0	2803	1276	690	177	0	21	0	17	0	2	1546	2825	1228	657	32	0	0	0	0	0	872	4295	0	102	445	633	605	723	440
4014e82819488cb3f2f702775d64e54d	0	0	0	0	0	0	0	0	0	56	0	0	4	0	3	0	1113	275	218	290	0	12	0	3	0	0	644	1713	508	488	1376	0	0	0	4	0	1761	9150	0	183	422	432	206	241	251
b9b2ebd62c19880c3d92d0508530b169	86	61	1283	62	35	129	56	15525	23	0	0	0	0	0	0	0	137	128	68	0	0	0	0	0	0	0	0	0	0	0	5	0	524	8	94	67	10	63	0	0	0	0	0	0	0
6eab552c835ec8b407de7e3a26350f55	0	0	0	0	0	0	0	0	0	10	0	0	46	0	10	0	1499	699	425	171	0	15	0	8	0	0	1152	2105	846	741	23	0	0	0	0	0	1128	6403	0	128	258	422	494	494	387
704e74d4504ffb65f06a3d6117a6f219	0	0	2134	0	0	479	0	0	260	7	0	0	0	0	0	0	326	153	132	20	0	2	0	0	0	0	71	179	70	63	79	3033	0	3375	0	5	1396	4851	0	28	61	65	46	59	56
3e9ffbf1ed5ff26d161fa460b783631a	0	0	0	0	0	0	0	0	0	0	0	0	0	0	0	0	430	359	261	0	0	126	11	0	0	0	54	80	0	34	38	0	0	0	196	1349	0	26	0	12612	109	159	110	154	147
8df2aa540adbf4450e58540f3da46c9a	0	0	0	0	0	0	0	0	0	45	0	0	6	0	21	0	2857	978	690	382	0	23	0	0	0	0	630	1372	409	426	51	0	0	0	0	0	565	3021	0	61	619	817	721	636	492
d9c597dece8573e75b38be5b26794a44	0	0	0	0	0	0	0	0	0	104	0	0	15	0	21	0	3250	1023	896	183	0	20	0	3	0	0	382	1436	522	506	38	0	0	0	0	0	371	2413	0	117	828	641	668	638	707
a676759808c60442011596644a994023	0	0	0	0	0	0	0	0	0	279	0	0	14	0	23	0	4543	1264	1116	96	0	8	0	0	0	0	250	1064	386	379	35	0	0	0	0	0	273	1387	0	56	897	675	572	672	664
c644dd2fe8dd44028035444047c3d983	0	0	167	0	0	318	0	0	8599	0	8	0	11	0	0	0	21	19	7	0	4881	0	0	0	0	0	0	20	0	4	0	49	0	0	0	0	0	9	0	0	0	6	18	0	9
dc92544b89274c769be10d0364ae99ac	0	0	0	0	0	0	0	0	0	29	0	0	12	0	9	0	1955	1171	514	215	0	11	0	8	0	0	835	1896	973	762	18	0	0	0	0	0	420	1631	0	50	445	1025	938	557	408
6a65cfe0c6b308d1cb5e588101f4827a	0	0	4517	0	0	936	0	0	2103	0	0	0	0	0	0	0	551	181	163	0	391	0	0	0	0	0	302	736	126	130	0	270	0	0	0	0	0	89	0	0	423	1289	553	418	460
839600efdcdbef565408caddeceac596	21	9	3520	8	31	3064	0	22	4316	17	0	0	0	0	0	0	897	609	636	0	0	0	0	0	0	0	107	234	86	34	0	0	0	0	0	0	0	16	0	0	0	0	0	0	0
c7b2d2a980333a1e3c70fd2183ea557e	0	0	0	0	0	0	0	0	0	17	0	0	0	0	0	0	472	121	106	34	0	14	0	5	0	0	632	1670	559	799	73	0	0	0	0	0	1249	5515	0	375	224	236	117	143	109
9c00a194aba42fba33dd64b8d15008d8	0	0	0	0	0	0	0	0	0	99	0	0	6	0	20	0	3899	1026	924	211	0	0	0	0	0	0	79	329	144	182	12	0	0	0	0	0	356	1928	0	17	652	617	468	715	551
9323c3722d91c902cf58f4ccbf4e1b81	0	0	0	0	0	0	0	0	0	0	0	0	0	0	0	0	305	102	98	22	0	20	0	6	0	0	1392	3292	1572	808	6	0	0	0	2	0	718	2732	0	166	83	85	61	84	72
88866b6a71c2f1459f26529f34a9152d	0	0	0	0	0	0	0	0	0	7	0	0	0	0	0	0	467	126	109	40	0	19	0	3	0	0	468	2168	768	560	350	0	0	0	0	0	855	3882	0	239	444	390	239	273	212
f253c6cd2912a3bb868d8dabd5ab1572	0	0	0	0	0	0	0	0	0	0	0	0	0	0	0	0	142	30	61	8	0	34	0	94	0	0	1536	4293	1103	682	0	36	58	7	181	21	250	1828	0	89	87	124	77	94	74
a1c0e592c8b82eb065f5f6f9c859e006	5	15	10	0	0	28	7	13	8	0	2	9	4	0	0	0	94	45	48	0	0	5	0	0	0	0	315	375	89	105	5	0	0	0	2	0	2049	7531	0	4	3	5	3	3	6
9a0833f2a6a2064b81bb4b9d9e641af2	0	0	0	0	4	0	0	0	0	157	0	0	15	0	29	0	3493	980	1020	109	0	0	0	4	0	0	178	789	328	312	32	0	0	0	0	0	145	822	0	20	548	530	398	432	347
b87dca9772642393b00e9a67390cd2d9	10	0	206	0	0	417	0	0	9693	0	0	0	0	10	0	0	0	0	0	0	290	0	0	0	0	0	0	0	0	0	0	12	0	8	3	0	0	0	0	0	0	0	12	0	0
f119617098174a90be4e7084827fce06	0	0	389	0	0	881	0	0	1179	39	0	0	5	0	4	0	1500	650	640	5341	0	0	0	0	0	0	0	0	0	0	0	0	0	0	0	0	0	9	0	0	0	0	7	0	7
8c2045572400a7ea3aa403c7fdee19c5	0	0	125	0	0	117	0	0	115	130	0	0	20	0	31	0	5406	2049	2533	80	0	0	0	0	0	0	6	0	0	0	0	0	0	0	0	0	13	0	0	0	0	0	0	0	0
9d31e2eb96e1293447ac09bfab2fbcd6	0	0	0	0	0	0	0	0	0	0	0	0	0	0	0	0	64	31	19	0	0	35	0	7	0	0	847	4108	338	1224	0	0	0	0	0	0	430	2927	0	109	0	0	0	0	0
870814914f1eedb025661316a4947d73	0	0	0	0	0	0	0	0	0	9	0	0	3	0	0	0	303	94	73	17	0	18	0	2	0	0	415	1417	507	453	71	0	0	0	0	0	611	4983	0	110	193	169	176	198	239
5f9f613dad7ea4e2836d5c008e7b6618	0	0	3671	0	0	3415	0	0	2202	0	0	0	0	0	0	0	131	95	110	0	0	0	0	0	0	0	74	111	0	0	0	0	0	0	0	0	0	0	0	0	0	0	0	0	0
137332d83e7f8d6856f1923f8dd7bdae	0	0	0	0	0	8	0	0	70	169	0	0	14	0	20	0	4234	2460	2793	0	0	0	0	0	0	0	0	0	0	0	0	0	0	0	0	0	0	0	0	0	0	0	0	0	0
9eea37e9e8421e4bd69a6b47feff7dea	0	0	728	0	0	1840	0	0	2694	0	0	0	0	0	0	0	36	18	21	90	1372	0	0	0	0	0	285	319	61	28	43	249	0	0	0	0	11	13	0	0	376	378	394	249	439
3c9ff5c231b4a71a8ea1480c6e5074ff	0	0	0	0	0	0	70	11	0	0	0	51	0	5403	3366	520	21	0	0	0	0	0	0	0	0	0	0	0	0	0	0	0	0	0	0	0	0	0	0	0	0	0	0	0	0
d6b66168f07e1c8fe2ebc484ea04370b	0	0	1416	0	0	3676	0	0	2297	0	0	0	0	0	0	0	828	408	383	0	0	0	0	0	0	0	0	0	0	0	0	0	0	0	0	0	0	0	0	0	0	0	0	0	0
3263d80b3e45d5c6766b00ca3aa91245	0	0	0	0	0	0	0	0	0	91	0	0	3	0	10	0	1407	1052	429	257	3	3	0	2	0	0	252	870	384	219	5	0	0	0	0	0	399	2272	0	111	213	262	192	199	272
9e01bc00a41826b0d54cb56b8aecd89f	0	0	0	0	0	0	0	0	0	0	0	0	0	0	0	0	102	0	0	0	0	49	0	0	0	0	0	0	0	0	0	0	0	0	0	0	0	0	0	7932	74	100	47	79	67
60c99afa7e2c3d0374c25728ba6b8158	0	0	0	0	0	0	0	0	0	116	0	0	22	0	17	0	2354	718	750	88	0	4	0	0	0	0	168	698	318	272	29	0	0	0	0	0	185	911	0	16	437	358	351	314	286
cb9eedadcb72cadcaa9df0e47ddc346a	0	0	0	0	0	0	0	0	0	0	0	0	0	0	0	0	218	61	45	41	0	15	0	0	0	0	434	1554	183	338	23	0	0	9	9	7	702	4110	0	78	129	116	86	121	87
46b6b111daf87e1d19de88bfe535a4ac	0	0	0	0	0	0	0	0	0	0	0	0	0	0	0	0	44	17	15	123	0	11	0	5	0	0	536	1346	512	458	28	0	0	0	0	0	562	2637	0	50	261	455	420	536	294
1fc6663e4fd4905e58d9b8b515435159	33	33	237	20	0	2705	11	3895	13	6	0	0	0	0	2	0	243	145	207	4	3	0	0	29	0	0	21	78	30	33	7	0	6	0	0	8	14	81	0	6	26	28	14	11	6
da82d7cbd98f12d086a70803af5d2b43	3	0	2	0	0	0	4	0	83	41	0	0	7	0	0	0	2824	897	1104	12	0	0	0	0	0	0	33	236	114	100	162	6	0	3	4	0	260	1022	0	68	105	139	119	88	101
aeab9fb0cdf55e9984794bd7bf776b53	0	0	0	0	0	0	0	0	0	22	0	0	8	0	11	0	1884	403	375	26	0	7	0	0	0	0	43	572	45	224	3	0	0	0	0	0	301	1683	0	27	424	238	256	300	341
8e021e17d6ccb8681a6b63b21eb70d7c	0	0	0	0	0	0	0	0	0	0	0	0	0	0	0	0	383	107	85	68	0	0	0	9	0	0	600	1490	403	377	13	0	0	0	0	0	463	2526	0	32	122	127	120	94	73
17028cc8da92a1ba53cc44cc1c4463bb	0	0	0	0	0	0	0	0	0	77	0	0	0	0	0	0	1488	420	391	48	0	0	0	0	0	0	223	914	393	377	17	0	0	0	0	0	288	1172	0	23	316	222	204	212	204
60e0ef07f02c4b9ebb995fb82c1f4772	0	0	0	0	0	0	0	0	0	31	0	0	0	0	28	0	2319	774	518	0	0	0	0	0	0	0	184	689	369	257	22	82	0	0	0	0	59	116	0	23	334	327	208	289	228
81c931f8888552fd0946fa577c05a5e1	0	0	0	0	0	0	0	0	0	16	0	0	5	0	9	0	1451	708	377	33	0	7	0	0	0	0	339	805	215	276	0	0	0	0	0	0	295	1629	0	23	72	104	106	120	88
707cdf49c60865182b1037c810362b0d	22	0	0	11	0	0	68	0	7	0	5	0	0	3837	2424	254	6	0	0	0	0	0	0	0	0	0	0	0	0	0	0	0	0	0	0	0	0	0	0	0	0	0	0	0	0
a9db862e6a06d1b3312f58386d668ba1	0	0	0	0	0	0	0	0	0	0	0	0	0	0	0	0	116	36	29	5	0	10	0	4	0	0	594	1820	811	736	0	0	0	0	0	0	210	1557	0	14	167	169	109	110	98
3fa15f0b27deae82303c9223db1d6b73	69	48	0	20	5206	23	43	972	0	0	0	0	0	0	0	0	0	0	0	0	0	0	35	90	0	0	0	0	0	0	0	0	0	0	0	0	0	0	0	0	0	0	0	0	0
c8feec71268a145139b3d78887bea771	0	0	90	0	0	87	0	0	343	0	0	0	0	0	0	0	186	72	53	0	0	16	0	2	0	0	966	2536	794	404	0	0	0	3	0	8	48	418	0	10	0	0	0	0	0
da6fee974d95b66601632887923bb8a3	0	0	0	0	0	0	0	0	0	0	0	0	0	0	0	0	188	70	57	28	0	7	0	4	0	0	307	843	534	917	4	0	0	0	0	0	396	1894	0	55	76	141	116	209	167
951715ebf2551ecfaf886cd3b79756b2	0	0	0	0	0	0	0	3	0	0	0	0	0	0	0	0	0	0	9	0	0	0	0	0	0	0	5	5	0	11	10	26	1512	0	3388	919	10	45	0	1	0	8	0	0	0
01b6d32a92cd742f36c74aa02420ed3a	0	0	29	0	0	20	0	0	26	35	0	0	6	0	20	0	2713	875	1188	0	0	0	0	0	0	0	172	445	69	63	0	0	0	0	0	0	42	102	0	4	0	0	0	0	0
c053fec7944d0bdc685a2f39a6595388	0	0	0	0	0	0	0	0	0	0	0	0	0	0	0	0	74	39	21	13	0	7	0	3	0	0	849	1816	826	479	3	0	0	0	0	0	198	1104	0	24	44	59	37	72	35
6e739a5eaf9d1e0505236e0486c14a07	0	0	0	0	0	0	0	0	0	31	0	0	7	0	4	0	1220	466	438	16	0	10	0	0	0	0	352	1015	562	325	0	0	0	0	0	0	113	429	0	0	106	163	86	126	105
da13b1788d8da83c9b69ce3c956eaef5	0	0	0	0	0	0	0	0	0	0	0	0	0	0	0	0	24	0	0	0	0	0	0	0	0	0	0	18	0	27	8	15	195	0	2098	2802	52	197	0	20	0	0	0	0	0
366647571ee4e937872d4b5d257e14e1	0	0	944	0	0	2537	0	0	1489	0	0	0	0	0	0	0	476	0	0	0	0	0	0	0	0	0	0	0	0	0	0	0	0	0	0	0	0	0	0	0	0	0	0	0	0
466380aae09e32cbad8159de01f1cf8a	0	0	0	0	0	0	0	0	0	17	0	0	0	0	14	0	1334	281	298	31	0	0	0	0	0	0	31	313	39	126	0	0	0	0	0	0	285	1339	0	23	277	180	245	292	304
67d9a48d1ffadbfa64d836a8eb42a245	0	0	0	0	1471	0	0	3831	0	0	0	0	0	0	0	0	0	0	0	0	0	0	0	0	0	0	0	0	0	0	0	0	0	0	0	0	0	0	0	0	0	0	0	0	0
10ab0086415e16c99987f836d743e7ad	0	0	389	0	0	0	0	4907	0	0	0	0	0	0	0	0	0	0	0	0	0	0	0	0	0	0	0	0	0	0	0	0	0	0	0	0	0	0	0	0	0	0	0	0	0
3883d8f83b890e2512d4a4c8579f6abe	36	10	151	0	4940	0	0	49	0	0	0	0	0	0	0	0	0	0	0	0	0	0	0	0	0	0	0	0	0	0	0	0	0	0	0	0	0	0	0	0	0	0	0	0	0
6a2851bb4f46b15386702b1c0d7a6f79	0	0	0	0	0	0	0	0	0	37	0	0	0	0	0	0	923	271	325	52	0	0	0	0	0	0	227	916	404	365	0	0	0	0	0	0	84	468	0	0	285	208	168	256	179
a98027d2a049dadb45ad5e771297c509	0	0	0	0	0	0	0	0	0	0	0	0	0	0	0	0	36	0	24	1832	3239	0	0	0	0	0	0	5	0	0	0	0	0	0	0	0	0	0	0	0	0	4	0	0	0
21ca8f6222211237603d7f910b2dbe67	0	0	0	0	0	0	0	0	0	11	0	0	0	0	7	0	1722	625	768	0	0	4	0	0	0	0	118	674	364	277	10	0	0	0	0	0	60	337	0	4	7	9	7	11	6
47d011cc4bf606d64d6b234fdd3cc9f8	0	0	0	0	0	2	0	0	0	10	0	0	0	0	9	0	1817	636	589	1090	414	0	0	0	0	0	26	77	28	19	0	0	0	0	0	0	12	42	0	0	12	92	37	28	14
8a82ec0b5b722b6825a138c1a7d6cb62	0	0	0	0	0	0	0	0	0	0	0	0	0	0	0	0	0	0	0	0	0	328	4395	0	0	0	50	120	20	12	0	0	0	0	0	0	2	11	0	0	0	0	0	0	0
49d771e07116b4feb5bbcce2cb0731ef	0	0	1896	0	0	1533	0	0	1030	0	0	0	0	0	0	0	60	42	46	0	0	0	0	0	0	0	37	61	14	0	0	0	0	0	0	0	0	0	0	0	0	0	0	0	0
c3391427c5a1564bf20bb7930b5e1fd1	0	0	0	0	0	0	0	0	0	0	0	0	0	0	0	0	168	43	29	18	0	16	0	2	0	0	238	1920	321	215	0	0	0	0	0	0	246	1068	0	51	118	69	31	55	49
3638f2062c305c79df283ef573a10b97	0	0	0	0	0	0	0	0	12	0	748	733	560	0	0	0	12	8	0	0	0	8	0	0	911	1574	0	0	0	0	0	0	0	10	0	0	3	5	0	0	0	0	0	0	0
a3a78bb993f53b10c00387850a4aa226	0	0	0	0	0	0	0	0	0	0	0	0	0	0	0	0	188	56	64	48	0	0	0	0	0	0	281	971	436	328	12	0	0	0	0	0	125	742	0	34	303	237	179	247	238
53fe663219397f3c95e9fa9d48a80358	0	0	0	0	0	0	0	0	0	0	0	0	0	0	0	0	6	0	0	984	3435	0	0	0	0	0	0	0	0	0	0	0	0	0	0	0	0	0	0	0	0	0	0	0	2
dc304e7bd59e143d419bafda5dd442b5	0	0	198	0	0	0	0	0	645	0	0	0	0	0	0	0	100	48	32	0	0	12	0	0	0	0	256	1108	349	221	0	0	0	0	0	0	155	1069	0	39	28	44	29	21	19
0360675401381e45ad5a4b04b06a3221	0	0	0	0	0	0	0	19	0	0	0	0	0	0	0	0	30	0	0	0	0	38	201	2818	22	269	0	69	27	21	0	509	16	4	22	12	37	73	0	156	0	0	0	0	0
8efd20cf1717ffe09950f95d81ff67ca	0	0	0	0	0	0	0	0	0	21	0	0	0	0	9	0	1626	488	460	9	0	0	0	0	0	0	35	170	82	81	0	0	0	0	0	0	56	264	0	0	255	234	152	214	165
512766d03de66f222eccb7896351a9ea	0	0	0	0	0	0	0	0	0	7	0	0	0	0	0	0	511	162	130	61	0	0	0	0	0	0	80	489	115	139	6	0	0	0	0	0	154	896	0	11	372	315	243	274	237
81973cf2aecc8210a0ef3b4a0e2f06a3	8	0	4064	5	0	0	0	8	0	0	0	0	0	0	0	0	0	0	0	0	0	0	0	0	0	0	0	0	0	0	0	0	0	0	0	0	20	79	0	0	0	0	0	0	0
e5c63cf7da1cc3b9e60f6fa03cd0f5d2	0	0	0	0	0	0	0	0	0	32	0	0	0	0	0	0	1043	381	269	25	0	0	0	0	0	0	124	425	191	204	14	0	0	0	0	0	91	508	0	13	197	166	113	147	124
96105fa77a78ed53c770798af2971cd2	6	0	970	0	0	1065	0	3	481	31	0	0	0	0	0	0	666	329	262	0	23	0	0	0	0	0	58	65	16	0	0	0	0	0	0	0	0	8	0	0	0	0	0	0	0
b2c7f041de049bf2616f5efb52db4ca2	0	0	0	0	0	0	0	0	0	0	0	0	0	0	0	0	266	92	119	4	0	12	0	0	0	0	315	1622	278	206	0	0	0	0	0	0	60	324	0	15	53	139	123	151	145
dcefaeebcc585509dbf3693a180df795	0	0	0	0	0	0	0	0	0	31	0	0	6	0	9	0	1652	756	679	7	0	0	0	0	0	0	137	233	42	45	0	0	0	0	0	0	0	70	0	8	48	50	30	39	22
0c7e8445520692a8fc80df8778bf0ecf	0	0	0	0	0	0	0	0	0	6	0	0	0	0	4	0	1060	388	262	57	0	0	0	0	0	0	54	230	65	74	9	0	0	0	0	0	112	438	0	19	297	274	169	166	126
95df4ddb3a07e2a080bbd441fe8a1331	0	0	0	0	0	0	0	0	0	58	0	0	0	0	0	0	1014	241	300	22	0	0	0	0	0	0	15	138	69	98	9	0	0	0	0	0	215	880	0	17	159	131	117	143	141
e81ba186c2cdae06a01d89ef51540dde	0	0	0	0	0	0	0	0	0	14	0	0	3	0	14	0	1609	644	695	0	0	0	0	0	0	0	76	256	101	95	2	0	0	0	0	0	35	191	0	4	0	0	0	0	0
1e728069bd76d402ff28a9b099fae0b0	7	37	12	2	7	7	7	21	0	20	4	12	5	0	4	0	1122	713	688	0	0	18	0	246	0	59	149	304	90	49	0	0	0	0	0	0	24	91	0	3	7	8	0	3	0
5d0820c2a63426606b762c638adc7640	0	0	105	0	0	296	0	0	2884	0	0	0	0	0	0	0	60	53	43	0	17	0	0	0	0	0	23	53	8	11	0	0	0	0	0	0	0	8	0	0	5	9	0	0	2
a231f3fa92c2cae6605568ffd1a527fc	0	0	0	0	0	12	0	0	24	12	0	0	8	0	13	0	1775	791	814	0	0	0	0	0	0	0	4	5	0	2	0	0	0	0	0	0	0	0	0	0	0	0	0	0	0
9c0705394c826634e9f5e4f40df82aa5	0	0	0	0	0	0	0	0	0	35	0	0	0	0	0	0	939	290	269	0	0	0	0	0	0	0	96	333	130	156	16	0	0	0	0	0	118	477	0	17	165	122	80	104	82
524698743ce3747e272f39fb8e765c0e	0	0	0	0	914	0	0	2433	0	0	0	0	0	0	0	0	0	0	0	0	0	0	0	0	0	0	0	0	0	0	0	0	0	0	0	0	0	0	0	0	0	0	0	0	0
70cfe863cbadf51d69629fd438d6cb2e	0	0	0	0	0	0	0	0	0	8	0	0	0	0	0	0	392	150	112	40	0	3	0	0	0	0	288	480	211	157	13	0	0	0	0	0	158	921	0	23	55	80	66	71	39
460a90067cdaff6f0a070d37b1f01812	0	0	0	0	0	0	0	0	0	0	0	0	0	0	0	0	407	153	179	7	0	6	0	0	0	0	205	838	351	375	0	0	0	3	0	0	34	259	0	5	82	84	75	120	63
83df7a2ffaf603bc5079e1f9a831189f	0	0	0	0	0	0	0	0	0	10	0	0	0	0	0	0	307	94	107	0	0	4	0	3	0	0	379	1058	455	256	0	0	0	0	0	0	38	288	0	3	35	43	30	50	29
17379afe5f495ced4610481d4399dfe5	2	0	0	6	0	0	16	0	0	0	0	0	0	2089	927	135	0	0	0	0	0	0	0	0	0	0	0	0	0	0	0	0	0	0	0	0	0	0	0	0	0	0	0	0	0
69cff643b6a2d3bd96dfd07cc08b8807	0	0	0	0	0	0	0	0	0	0	0	0	0	0	0	0	310	142	124	23	0	22	0	0	0	0	247	860	304	272	0	0	0	0	0	2	66	359	0	0	104	85	67	77	77
ac2c71af55beebc044a6a871b1bfb49e	0	0	0	0	0	0	0	0	0	6	0	0	0	0	0	0	1451	483	399	0	0	0	0	0	0	0	207	309	115	67	0	0	0	0	0	0	0	39	0	0	0	0	0	0	0
cfa7e86c9bf2148e6f60dcb0fcadec09	0	0	0	0	0	0	0	0	0	28	0	0	0	0	0	0	739	315	274	35	0	3	0	0	0	0	111	315	185	81	0	0	0	0	0	0	78	247	0	12	123	161	98	140	110
6aebe3e82e56c89d7398f24f55dbb966	0	0	98	0	2848	0	0	30	0	0	0	0	0	0	0	0	0	0	0	0	0	0	0	0	0	0	0	0	0	0	0	0	0	0	0	0	0	0	0	0	0	0	0	0	0
ad34a12a8b2ee25bead68c29094fc291	0	0	0	0	0	0	0	0	0	0	0	0	0	0	0	0	154	51	39	14	0	0	0	0	0	0	188	686	249	436	27	0	0	0	0	0	116	612	0	25	90	90	51	67	41
9350ac9371328beffb62b9d3d70a129e	0	0	0	0	0	0	0	0	0	13	0	0	0	0	9	0	955	380	226	47	0	0	0	0	0	0	73	142	53	73	5	0	0	0	0	0	39	93	0	7	173	151	67	137	98
2807c6c706ee82b501df5efecbbec8c7	0	0	0	0	0	0	0	0	0	0	0	0	0	0	0	0	118	61	59	0	0	10	3	194	0	0	631	942	355	196	0	0	0	0	0	0	11	112	0	14	4	0	0	8	0
e9857e9401c93d4c6d8e9697062d2c5c	0	0	0	0	0	0	0	0	0	0	0	0	0	0	0	0	102	52	0	32	0	0	0	0	0	0	185	596	199	223	34	0	0	0	0	0	173	926	0	56	38	60	32	0	0
cf8660dd106a3b9439f2eda965404f96	0	0	0	0	0	0	0	0	0	10	0	0	0	0	0	0	292	123	121	14	0	0	0	0	0	0	41	105	51	39	10	0	21	552	0	0	65	164	0	0	283	273	170	224	116
c1e228050e57b5a315ab3ee6e8cd2a6a	0	0	0	0	0	0	0	0	0	0	0	0	0	0	0	0	8	7	0	0	0	0	0	0	0	0	236	691	50	206	0	0	0	0	0	0	197	1137	0	4	25	25	13	21	21
3a6be411290ffd7314517a80b1a9b05f	0	0	0	0	0	0	0	0	0	26	0	0	0	0	0	0	975	291	238	17	0	4	0	0	0	0	44	178	93	57	6	0	0	0	0	0	31	175	0	4	135	120	53	111	67
5720b7ddefb54bea2b515c2ec9836976	0	0	0	0	0	0	0	0	0	0	0	0	0	0	7	0	919	281	276	46	0	0	0	0	0	0	2	31	10	24	0	0	0	0	0	0	73	350	0	5	140	123	95	143	98
0b71a679d52c6584b7caa5d7b948af9d	0	0	571	0	0	432	0	0	1309	16	0	0	0	0	0	0	16	15	0	11	37	0	0	0	0	0	0	18	12	0	0	0	0	0	12	0	85	23	0	0	11	12	14	12	11
c4af04cce57a96115f42a130dd099c85	19	9	0	149	541	7	1727	64	4	0	0	15	6	0	0	0	10	5	0	0	0	0	0	0	0	0	0	0	0	0	0	0	0	0	0	0	0	2	0	0	0	2	0	0	0
0cc2d1f03911b00f8a7139ce3b7cb71e	0	0	0	0	0	0	0	0	0	0	0	0	0	0	0	0	94	0	33	0	0	9	0	0	0	0	125	428	113	121	54	0	0	3	0	0	229	1096	0	41	32	35	31	59	50
da87edf4b84f1a3bc3a299970613ac05	77	0	0	124	0	0	253	0	0	0	0	0	0	771	949	335	0	0	0	0	0	0	0	0	0	0	0	0	0	0	0	0	0	0	0	0	0	0	0	0	0	0	0	0	0
82e6d0ddec5413d5af83933012e881ed	0	0	0	0	0	0	0	0	0	3	0	0	0	0	9	0	674	176	151	35	0	0	0	0	0	0	37	191	52	52	0	0	0	0	0	0	115	376	0	14	193	133	114	88	93
940780bdaf685c3df526ec65a0260fd8	0	0	0	0	0	0	0	0	0	0	0	0	0	0	0	0	81	0	0	0	0	0	0	0	0	0	65	361	136	135	1238	0	0	0	0	0	62	334	0	16	30	24	0	22	0
b4dbe5d8e764d277b9899ddab8ac323c	0	0	0	0	0	0	0	0	0	0	0	0	0	0	0	0	510	194	112	28	0	0	0	0	0	0	138	325	141	76	6	0	0	0	0	0	59	318	0	0	87	107	90	113	86
57d4c1451c870705751d44b9a4eb461f	0	0	0	0	0	0	0	0	0	9	0	0	0	0	0	0	344	80	70	9	0	0	0	0	0	0	89	359	67	55	0	14	29	24	0	31	10	18	0	0	308	269	242	205	157
6f8480924a7feadd3597b704edd23359	0	0	0	0	0	0	0	0	0	0	0	0	0	0	0	0	36	42	30	1774	370	0	0	0	0	0	15	24	7	6	0	0	0	0	0	0	2	18	0	0	0	15	14	8	10
005a9bdd3398b49f515e429a2a886b10	0	0	0	0	0	0	0	0	0	0	0	0	0	0	0	0	0	0	0	0	0	0	0	0	0	0	553	533	68	120	0	0	0	13	511	40	73	417	0	0	0	0	0	0	0
6cc3703221dd86cc90586561d5d77d8b	0	0	0	0	0	0	0	0	0	0	0	0	0	0	0	0	29	5	7	8	0	2	0	0	0	0	113	531	215	169	38	0	0	0	0	0	184	745	0	94	56	41	30	28	31
a17b71ac27227b2feaf8b48f1a7d5569	118	0	0	137	0	0	284	0	0	0	0	0	0	714	764	300	0	0	0	0	0	0	0	0	0	0	0	0	0	0	0	0	0	0	0	0	0	0	0	0	0	0	0	0	0
67360417b9620146da69016f354ce640	0	0	0	0	0	0	0	0	0	0	0	0	0	0	0	0	138	54	55	0	0	9	0	0	0	0	304	560	98	506	0	0	0	0	0	0	84	464	0	21	6	0	2	11	3
f3aceee1cd31b705f9440b4843cc2585	0	0	0	0	0	0	0	0	0	40	0	0	0	0	0	0	744	218	162	0	0	0	0	0	0	0	0	113	41	68	0	0	0	0	0	0	42	208	0	0	172	145	114	119	124
8ae4cec16c230d48ea40faf01223a85d	0	0	0	0	0	0	0	0	0	0	0	0	0	0	0	0	275	107	73	34	0	2	0	2	0	0	172	434	179	114	4	0	0	0	0	0	94	442	0	12	63	85	73	73	62
195cda4528597109859bff77fcc2c40b	0	0	56	0	9	46	0	0	0	0	0	0	0	0	0	0	74	38	38	0	0	45	448	696	0	0	58	138	66	45	0	0	0	0	4	0	219	233	0	30	6	13	10	0	6
13192aa7aa8202d30c22f15256620bb4	0	0	0	0	0	0	0	0	0	0	0	0	0	0	0	0	703	252	201	0	0	0	0	0	0	0	0	128	40	42	0	0	0	0	0	0	60	237	0	0	150	101	112	103	132
ea5604fe761cff6112e72f244a5e9c20	0	0	0	0	0	0	0	0	0	0	0	0	0	0	0	0	0	0	0	0	0	0	0	2147	0	101	0	0	0	0	0	0	0	0	0	0	0	0	0	0	0	0	0	0	0
78d7188b9c65addb810b4eecd3c352d3	0	0	0	0	0	0	0	0	0	26	0	0	0	0	0	0	644	184	186	20	0	0	0	0	0	0	7	61	24	34	11	0	0	0	0	0	87	421	0	5	125	90	75	105	111
f59f61e9d52d199fd2bb6fc73722a74a	0	0	621	0	0	1359	0	0	221	0	0	0	0	0	0	0	0	0	0	0	0	0	0	0	0	0	0	0	0	0	0	0	0	0	0	0	0	0	0	0	0	0	0	0	0
e6df04acf813497594d79314c4b1fec5	0	0	0	0	17	0	0	26	0	0	0	0	17	0	0	0	59	0	23	0	0	0	0	0	0	0	0	0	0	0	0	0	340	0	974	706	0	15	0	0	0	0	0	0	0
02dbded575407af9581872dc15a78826	65	0	0	64	0	0	211	0	0	0	0	0	0	794	856	165	0	0	0	0	0	0	0	0	0	0	0	0	0	0	0	0	0	0	0	0	0	0	0	0	0	0	0	0	0
de7d6ee31b639a98bd30e7c4a279b7dd	0	0	0	0	0	0	0	0	0	0	0	0	0	0	0	0	0	0	0	0	0	0	0	0	0	0	0	0	0	0	0	0	58	0	997	1025	9	58	0	0	0	0	0	0	0
b368458d0f83838ab7769bc4864dfc57	0	0	0	0	0	0	0	0	0	0	0	0	0	0	0	0	184	30	23	6	0	4	0	0	0	0	134	558	186	200	83	0	0	0	0	0	81	434	0	3	65	61	32	39	21
8ca443705ae83d0cd8ddf6eb7879dff5	0	0	0	0	0	0	0	0	0	0	0	0	0	0	0	0	99	24	29	22	0	0	0	0	0	0	117	487	202	164	0	0	0	0	0	0	66	326	0	17	132	113	97	119	111
26b255469a8681f58a51622b533e3f1f	31	0	12	0	0	0	4	189	0	2	12	0	5	0	0	0	355	154	148	7	0	393	1	528	0	12	0	11	3	4	0	0	0	0	0	0	3	0	0	0	38	60	35	32	29
04b5d53f7e739c177d0f0cff5e70d7aa	0	0	0	0	0	0	0	0	0	0	0	0	0	0	0	0	611	147	136	0	0	0	0	0	0	0	63	274	134	97	0	0	0	0	0	0	0	135	0	0	112	98	79	67	78
6f4c08c4872f068cfee3d57cd06f7bb4	0	0	0	0	0	0	0	0	0	37	0	0	0	0	0	0	556	213	125	27	0	0	0	0	30	0	68	204	63	61	0	0	0	0	0	0	41	194	0	0	96	78	69	73	76
5b455d4f31d9c6ee3c2f25bda393a009	0	0	0	0	0	0	0	0	0	36	0	0	0	0	0	0	681	164	182	12	0	0	0	0	0	0	0	51	19	23	5	0	0	0	0	0	110	382	0	8	85	79	33	79	60
a5c8dba4b698f9910bccfe55d553d17a	0	0	0	0	0	0	0	0	0	0	0	0	0	0	0	0	155	74	67	0	0	0	0	0	0	0	308	366	64	98	0	0	47	15	73	59	95	555	0	21	0	0	0	0	0
dbbab9245beb763eda61a16ba911a94a	0	0	0	0	0	0	0	0	0	0	0	0	0	0	0	0	0	0	0	0	0	0	0	0	0	0	0	0	0	0	0	0	784	1171	0	4	0	8	0	0	0	0	0	0	0
90f47e7b40bcae7b7e357e74ebc3828c	0	0	0	0	0	0	0	0	0	0	0	0	0	0	4	0	335	69	110	7	0	0	0	0	0	0	52	343	152	123	0	0	0	0	0	0	17	144	0	5	165	117	77	120	96
aad59d4569a4f3b6d82623822d982ebe	0	0	0	0	0	0	0	3	0	0	0	0	0	0	0	0	55	18	41	0	0	0	0	0	0	0	0	0	0	0	4	0	561	0	1066	172	0	0	0	0	0	0	0	0	0
4fb6b6a6a99ae8f65309c97404acec47	0	0	0	0	0	0	0	0	0	27	0	0	0	0	0	0	209	84	78	20	0	0	0	0	0	0	140	554	207	142	0	0	0	0	0	0	29	134	0	0	79	48	50	67	51
55a72ab293d8126c71dce8b07e7b8af2	0	0	0	0	0	0	0	0	0	0	0	0	0	0	0	0	194	41	46	16	0	6	0	0	0	0	144	451	166	137	0	0	0	0	0	0	54	306	0	6	63	76	61	82	57
0968171bb17d0660dc0bbc7e987682f8	63	0	0	89	0	0	200	0	0	0	0	0	0	671	703	160	0	0	0	0	0	0	0	0	0	0	0	0	0	0	0	0	0	0	0	0	0	0	0	0	0	0	0	0	0
47e84964859be54e0e5bbf109a481589	0	0	0	0	0	0	0	0	0	0	0	0	5	0	0	0	498	303	153	21	0	0	0	0	0	0	27	128	30	36	5	0	0	0	0	0	39	163	0	10	129	102	91	87	59
8cf74c9845b5fea3f98a1e53d7e8b574	0	0	0	0	0	0	0	0	0	21	0	0	6	0	2	0	540	146	133	15	0	4	0	0	0	0	13	152	73	56	7	0	0	0	0	0	61	252	0	16	122	78	42	71	70
23aaf3f03e37cb975e0fdaa7f5c5d06b	0	0	0	0	0	0	0	0	0	28	0	0	0	0	0	0	0	259	255	24	0	0	0	0	0	0	70	267	115	85	3	0	0	0	0	0	0	176	0	8	184	135	124	146	0
a06a83646ef4206839398a85540d7a16	0	0	0	0	0	0	0	0	0	53	0	0	0	0	0	0	632	264	194	0	0	0	0	0	0	0	37	116	51	42	0	0	0	0	0	0	78	233	0	10	48	50	0	32	0
7a3372301726f3c450c16e89b41f919f	138	0	0	145	0	0	343	15	0	0	0	0	0	451	602	115	0	0	0	0	0	0	0	0	0	0	0	0	0	0	0	0	0	0	0	0	0	0	0	0	0	0	0	0	0
d8b3d54af0d5a82afe4eabf5486ee4ac	0	0	0	0	0	0	0	0	0	0	0	0	0	0	0	0	156	0	0	0	0	0	0	0	0	0	110	457	200	137	0	0	0	0	0	0	109	410	0	23	47	48	37	38	33
76ca0b10a2f1e82c71d6aaa7f7ef5083	0	0	0	0	0	0	0	0	0	4	0	0	0	0	0	0	374	129	99	0	0	0	0	0	0	0	87	314	104	85	8	0	0	0	0	0	67	276	0	0	59	51	34	38	34
d1a2cbb1540276dbee0aec11c3620f9d	0	0	0	0	0	0	0	0	0	125	0	0	0	0	0	0	1110	277	247	0	0	0	0	0	0	0	0	0	0	0	0	0	0	0	0	0	0	0	0	0	0	0	0	0	0
fc59eedca7f8fccb8d543824ed4a6ec0	0	0	0	0	0	0	0	0	0	19	0	0	0	0	0	0	583	148	160	22	0	0	0	0	0	0	17	86	32	40	0	0	0	0	0	0	38	172	0	3	97	71	65	82	99
429cca355e99192e03519432dbddce59	0	0	0	0	0	0	0	0	0	0	0	0	32	0	0	0	472	198	104	0	0	0	0	0	0	0	36	132	61	47	69	0	0	0	0	0	70	247	0	0	67	60	38	56	43
89a3a5ac05b52f3a62804a7d9114f53a	0	0	0	0	0	0	0	0	0	0	0	0	0	0	0	0	59	33	39	0	0	19	57	980	56	29	22	78	30	14	21	0	0	0	0	0	40	120	0	0	38	38	18	17	21
89752922f7a6ddef0e568a6ad099c935	0	0	0	0	0	0	0	0	0	0	0	0	0	0	0	0	320	113	111	0	0	0	0	0	0	0	0	0	0	0	18	25	0	0	0	0	373	765	0	0	0	0	0	0	0
640bf4546113bb38a29066de03169b46	0	0	0	0	0	0	0	0	0	0	0	0	0	0	0	0	0	0	0	1719	0	0	0	0	0	0	0	0	0	0	0	0	0	0	0	0	0	0	0	0	0	0	0	0	0
d5a281a646d2e5895dd54c14375d31c6	0	0	0	0	0	0	0	1715	0	0	0	0	0	0	0	0	0	0	0	0	0	0	0	0	0	0	0	0	0	0	0	0	0	0	0	0	0	0	0	0	0	0	0	0	0
2c0a4b3463ead787ef534f247c2b5d07	72	0	0	46	0	0	165	0	0	0	0	0	0	645	654	113	0	0	0	0	0	0	0	0	0	0	0	0	0	0	0	0	0	0	0	0	0	0	0	0	0	0	0	0	0
9551887fe394143f2217db4a4708902e	0	0	0	0	0	0	0	0	0	0	0	0	0	0	0	0	51	0	12	0	0	5	0	0	0	0	8	55	11	33	14	21	57	52	118	79	163	865	0	37	20	31	10	23	14
9d0472d3d77c7b469a29b164d153e60c	0	0	0	0	0	0	0	0	0	0	0	0	0	0	0	0	110	34	42	16	0	0	0	0	0	0	34	215	70	78	3	0	0	0	0	0	103	628	0	6	60	74	57	94	51
edec759c19e62ef53ad121a1c939b694	0	0	0	0	0	0	0	0	0	0	0	0	0	0	0	0	373	96	58	40	0	0	0	0	0	0	26	73	26	26	0	0	0	0	0	0	29	127	0	4	218	159	132	141	112
efe6aeffff905529d51c1984ed628124	0	0	0	0	0	0	0	0	0	12	0	0	0	0	0	0	291	73	60	9	0	0	0	0	0	0	8	137	45	51	0	0	0	0	0	0	131	574	0	17	50	35	22	52	41
52f81e428fc80a494a844c66cebb118c	0	0	0	0	0	0	0	0	0	2	0	0	0	0	4	0	500	215	118	19	0	0	0	0	0	0	95	179	99	62	0	0	0	0	0	0	7	34	0	6	35	65	42	59	57
1b4fb391618afca7692f01e8b415107c	0	0	0	0	0	0	0	0	0	0	0	0	0	0	0	0	0	28	0	0	0	0	0	0	0	0	0	0	0	0	0	0	1390	0	9	81	0	80	0	9	0	0	0	0	0
c17c075dc2c7070c52ba049f664cdd93	0	0	0	0	0	0	0	0	0	0	0	0	0	0	0	0	91	59	59	0	0	209	211	837	23	0	13	37	5	0	0	0	0	0	0	0	0	9	0	0	3	10	7	6	2
2858c22fe3f1ad957215496fbb43afec	0	0	0	0	0	0	0	0	0	15	0	0	7	0	0	0	601	368	321	0	0	0	0	0	0	0	0	58	23	19	0	0	0	0	0	0	0	24	0	0	22	41	18	23	23
f63b68f5f4d2be1d42a726b7cbca4352	0	0	0	0	0	0	0	0	23	0	0	0	0	0	9	0	730	339	433	0	0	0	0	0	0	0	0	0	0	0	0	0	0	0	0	0	0	0	0	0	0	0	0	0	0
12446bf49c569b192de8e27ac9a30694	0	0	0	0	0	0	0	0	0	0	0	0	0	0	0	0	60	11	18	3	0	0	0	0	0	0	114	349	133	107	0	0	0	0	0	0	78	595	0	6	13	13	8	12	12
9bcf15c25ed0f6e5bb8615d3e53703f9	0	0	0	0	0	0	0	0	0	11	0	0	0	0	0	0	401	91	96	9	0	0	0	0	0	0	5	86	20	51	0	0	0	0	0	0	92	445	0	15	42	47	42	47	27
2b13a417abeb677f2515ff067781806a	0	0	0	0	0	20	0	0	0	0	0	0	0	0	0	0	108	59	47	7	0	0	0	0	0	0	43	79	20	61	27	0	462	0	16	122	43	246	0	0	21	41	24	40	38
4d05249b16d1e90f08fdbe7c1ee7aa67	0	0	0	0	0	0	0	0	0	0	0	0	0	0	0	0	387	179	78	39	0	0	0	0	0	0	51	91	35	33	0	0	0	0	0	0	46	216	0	4	65	82	47	71	61
3c7440dc9e117b3dfcfd7d5ff0b69eba	0	0	0	0	0	0	0	0	0	0	0	0	0	0	0	0	0	0	0	0	0	62	0	0	0	0	0	51	0	20	0	0	0	0	110	1087	0	0	0	142	11	0	0	0	0
ecdd51777545f9514589bfbe3f6c1c20	0	0	0	0	0	0	0	0	0	21	0	0	0	0	0	0	511	376	251	0	0	0	0	0	0	0	84	87	33	17	0	0	0	0	0	0	10	52	0	0	0	10	11	9	0
b528573a5876aa834e34f969b9393e23	0	0	0	0	0	0	0	0	0	0	0	0	0	0	0	0	76	0	18	0	0	8	0	0	0	0	138	606	236	171	0	0	0	0	0	0	0	0	0	0	66	52	18	28	18
79b5b618f251890b712f5a76461d409f	0	0	0	0	0	0	0	0	0	0	0	0	0	0	0	0	6	0	0	1303	0	0	0	0	0	0	30	68	14	7	0	0	0	0	0	0	0	5	0	0	0	0	0	0	0
c8cb051eb9ea59956e7f650c2b1e38f4	0	0	0	0	0	0	0	0	0	6	0	0	0	0	0	0	200	45	48	0	0	3	0	0	0	0	46	202	126	102	0	0	0	0	0	0	43	336	0	6	57	54	46	42	28
26155510ed12098cdcb884dac8325aeb	0	0	0	0	0	0	0	0	0	0	0	0	0	0	0	0	380	118	115	0	0	0	0	0	0	0	63	197	82	78	12	0	0	0	0	0	0	125	0	0	47	37	35	58	41
af573f723b542bd155141f531b5c742f	0	0	0	0	0	0	0	0	0	0	0	0	0	0	0	0	32	9	9	0	0	4	0	0	0	0	130	647	290	188	0	0	0	0	0	0	0	4	0	0	18	7	12	24	14
3b7cee636918b4b567edca63251ed6b8	0	0	0	0	0	0	0	0	0	7	0	0	0	0	3	0	215	81	70	16	0	0	0	3	0	0	96	224	92	51	0	0	0	0	0	0	58	321	0	10	27	30	20	31	30
c2bd7c0318f249308e80ea90f0aa98a5	0	0	0	0	0	0	0	0	0	5	0	0	0	0	6	0	623	304	331	26	0	0	0	0	0	0	9	27	0	4	0	0	0	0	0	0	0	22	0	0	10	9	7	0	0
6376307a485389a6bde88b9fc39770ab	0	0	39	0	0	39	0	0	666	5	0	0	0	0	0	0	188	74	50	282	0	0	0	0	0	0	5	20	3	0	0	0	0	0	0	0	0	4	0	0	0	0	0	0	0
9e05110f6a8aca3094e39756e242cfa6	0	0	0	0	0	0	0	0	0	0	174	134	194	0	0	0	9	0	0	0	0	0	0	0	430	426	0	0	0	0	0	0	0	3	0	0	0	0	0	0	0	0	0	0	0
b182a80285ed7ba7e6912dc2cbe2cee2	0	0	0	0	0	0	0	1360	0	0	0	0	0	0	0	0	0	0	0	0	0	0	0	0	0	0	0	0	0	0	0	0	0	0	0	0	0	0	0	0	0	0	0	0	0
b37172d12211e592ce17cb50682dae4e	0	0	0	0	0	0	0	0	0	0	0	0	0	0	0	0	34	29	13	5	0	3	0	0	0	0	74	290	87	61	0	0	0	0	0	0	99	583	0	5	11	15	6	14	6
dc3a19f53ac0d77e0d2c057692c5c597	0	0	0	0	0	0	0	0	0	5	0	0	4	0	0	0	264	222	69	21	0	0	0	0	0	0	34	81	27	18	0	0	0	0	0	0	31	218	0	9	55	86	78	60	51
a0e8bfca07084e71d00e6257fd08c7a6	0	0	0	0	0	0	0	0	0	0	0	0	0	0	0	0	0	0	0	0	0	7	0	2	0	0	165	627	165	174	0	0	0	0	0	0	27	154	0	0	0	0	0	0	0
0911cba59c593e301092507c46bbd73d	0	0	0	0	0	0	0	0	0	0	0	0	0	0	0	0	200	78	44	9	0	0	0	0	0	0	106	253	91	51	0	0	0	0	0	0	54	279	0	12	17	30	29	32	30
0d7e21bdc1d102296abaf8a8a32b2045	0	0	0	0	0	0	0	0	0	0	0	0	0	0	0	0	0	0	0	0	0	0	0	1308	0	0	0	0	0	0	0	0	0	0	0	0	0	0	0	0	0	0	0	0	0
b5072fc79b455f2c21b24d42cc9cee4a	0	0	0	0	0	0	0	0	0	0	0	0	0	0	0	0	462	167	118	15	0	0	0	0	0	0	20	61	21	23	4	0	0	0	0	0	26	143	0	5	60	42	34	46	55
5eba5d2eea7c86e01f381db9ec91b3d0	39	0	0	35	0	0	97	0	0	0	0	0	0	615	421	70	0	0	0	0	0	0	0	0	0	0	0	0	0	0	0	0	0	0	0	0	0	0	0	0	0	0	0	0	0
37573e0ec0bd9a20903bdc88e61a1ae4	0	0	0	0	0	0	0	0	0	5	0	0	4	0	0	0	577	369	310	0	0	0	0	0	0	0	0	0	0	0	0	0	0	0	0	0	0	0	0	0	0	0	0	0	0
175df2adda094460661949a2491c9b27	0	0	0	0	0	0	0	0	0	0	0	0	2	0	0	0	268	63	55	4	0	0	0	0	0	0	43	282	125	139	10	0	0	0	0	0	13	48	0	0	56	69	27	28	30
33374b32036b5047c91ca0dcaaf6e68f	0	0	0	0	0	0	6	0	0	0	0	0	0	808	392	48	0	0	0	0	0	0	0	0	0	0	0	0	0	0	0	0	0	0	0	0	0	0	0	0	0	0	0	0	0
2ea6a3bf4275a143eaee7b0a3b3cfc80	0	0	0	0	0	0	0	0	0	38	0	0	0	0	0	0	460	137	156	20	0	0	0	0	0	0	0	127	43	40	0	0	0	0	0	0	0	0	0	0	61	45	48	64	0
54492758b1a60d7040f7bc395c2fd753	0	0	0	0	0	0	0	0	0	6	0	0	2	0	4	0	362	107	107	10	0	0	0	0	0	0	3	73	19	24	2	0	0	0	0	0	72	245	0	6	43	41	21	40	51
8e9d08d0a7ec0b5cb3019cd1c22d23f2	0	0	0	0	0	11	0	0	41	7	0	0	0	0	5	0	430	158	218	0	0	0	0	0	0	18	15	50	0	11	61	0	8	0	35	0	0	65	0	0	9	30	21	20	21
bb0cdb25e14cdda6f37b332a30ae38b0	0	0	0	0	0	0	0	0	0	0	0	0	0	0	0	0	21	12	6	0	0	0	0	0	0	0	12	73	13	44	0	0	0	0	0	0	120	845	0	7	10	19	20	17	9
f02a201dddcbd4903ac3c372e7467f34	68	0	0	74	0	0	150	0	0	0	0	0	0	352	429	140	0	0	0	0	0	0	0	0	0	0	0	0	0	0	0	0	0	0	0	0	0	0	0	0	0	0	0	0	0
35cead74c1fed0fbaba65a77a525a78b	0	0	0	0	0	0	0	0	0	0	0	0	0	0	0	0	23	0	0	11	0	0	0	0	0	0	54	224	66	65	0	0	0	0	0	0	111	565	0	12	23	28	8	10	13
0b9675b4c1b086a5d8c05cd764183a76	149	0	0	205	0	0	170	0	0	0	0	0	0	288	309	82	0	0	0	0	0	0	0	0	0	0	0	0	0	0	0	0	0	0	0	0	0	0	0	0	0	0	0	0	0
d198ce3c7493c600ee2d92fbdf0c2db3	0	0	0	0	0	0	0	0	0	35	0	0	0	0	0	0	279	108	141	24	0	0	0	0	0	0	0	34	29	31	0	0	0	0	0	0	44	159	0	16	63	49	54	74	52
80882c507aea0c1cf5f071cd5aecbdb4	0	0	0	0	0	0	0	0	0	0	0	0	0	0	0	0	138	62	25	11	0	0	0	0	0	0	135	297	123	88	5	0	0	0	0	0	17	164	0	7	12	29	22	26	27
d45e5a6b25be266ede3e52a591cce78b	0	0	0	0	0	0	0	0	0	0	0	0	0	0	0	0	290	65	65	9	0	0	0	0	0	0	36	124	40	29	0	0	0	0	0	0	63	327	0	16	25	29	12	20	17
99d47e7a0efb51b352e95e05e7786695	0	0	0	0	0	0	0	0	0	21	0	0	0	0	0	0	301	44	82	16	0	0	0	0	0	0	7	60	38	33	6	0	0	0	0	0	51	266	0	9	40	41	47	60	43
4c1149509aeea827cd4896e80f3fde31	0	0	0	0	0	0	0	0	0	0	0	0	0	0	0	0	373	109	126	0	0	0	0	0	0	0	79	154	53	57	0	0	0	0	0	0	21	46	0	0	44	42	0	0	51
84d986117f3c209f91ac417abf1c218f	0	0	0	0	0	0	0	0	0	0	0	0	0	0	0	0	205	65	97	23	0	4	0	0	0	0	69	107	62	48	0	0	0	0	0	0	66	247	0	10	34	33	0	44	38
b7a39ac7623dab7c6a459013fdb41898	0	0	0	0	0	0	0	0	0	0	0	0	0	0	0	0	42	22	21	0	0	0	0	0	0	0	162	446	66	59	0	0	0	0	0	0	52	210	0	2	9	23	13	9	8
98fa0a08bbe485c82fabc961f0f5ac80	0	0	286	0	0	193	0	0	316	2	0	0	0	0	0	0	0	10	18	17	56	0	0	0	0	0	7	17	10	0	0	0	0	0	7	0	104	28	0	0	12	14	17	6	23
435c33fe8f954236a70cfee0895ab82c	0	0	0	0	0	0	0	0	0	0	0	0	0	0	0	0	0	0	0	0	0	0	0	0	0	0	0	0	0	0	0	0	0	658	0	0	166	317	0	0	0	0	0	0	0
5e5e8246c2a107502c50c8b153fe9ff1	0	0	0	0	0	0	0	0	0	0	0	0	0	0	0	0	0	0	0	0	0	4	0	0	0	0	96	469	203	134	0	0	0	0	0	0	28	170	0	2	8	7	6	8	5
2a842052aae6c9fbaba9c23c86a15840	0	0	0	0	0	0	0	0	0	0	0	0	0	0	0	0	0	0	0	0	0	0	0	0	0	0	72	385	182	104	0	0	0	0	0	0	0	182	0	0	124	0	0	0	82
2da8f6716b49504a4958ad2264dec87d	0	0	0	0	0	0	0	0	0	0	0	0	0	0	0	0	274	81	92	6	0	0	0	0	0	0	59	171	73	58	17	0	0	0	0	0	19	152	0	5	31	52	16	13	10
1993a620f23e36fcbdf7f2ee34e63e10	0	0	0	0	0	0	0	0	47	17	0	0	0	0	0	0	519	231	303	0	0	0	0	0	0	0	0	0	0	0	0	0	0	0	0	0	0	0	0	0	0	0	0	0	0
323f8ddd92f49cb0fcf81c23333cb7fd	0	0	0	0	0	0	0	0	0	83	0	0	0	5	0	0	692	171	162	0	0	0	0	0	0	0	0	0	0	0	0	0	0	0	0	0	0	0	0	0	0	0	0	0	0
81dc01a8cb6fb94bccbcf8be7af72186	0	0	0	0	0	0	0	0	0	0	0	0	0	0	0	0	376	77	101	31	0	0	0	0	0	0	7	26	13	19	3	0	0	0	0	0	28	198	0	2	53	58	37	53	29
2af522daf0499906074995079ef1d3a4	0	0	0	0	0	0	0	0	0	34	0	0	0	0	0	0	303	82	70	0	0	0	0	0	0	0	0	60	37	21	0	0	0	0	0	0	30	121	0	0	86	71	67	65	55
fa969bfd2fe42fa102242f405efaf4d7	0	0	0	0	0	0	0	1088	0	0	0	0	0	0	0	0	0	0	0	0	0	0	0	0	0	0	0	0	0	0	0	0	0	0	0	0	0	0	0	0	0	0	0	0	0
e907b9cc1245c6ed0d681a5ef80dad0f	56	0	0	71	0	0	92	0	0	0	0	0	0	322	349	185	0	0	0	0	0	0	0	0	0	0	0	0	0	0	0	0	0	0	0	0	0	0	0	0	0	0	0	0	0
f45115485ae220992aaa644ce98e8d8e	0	0	0	0	0	0	0	1075	0	0	0	0	0	0	0	0	0	0	0	0	0	0	0	0	0	0	0	0	0	0	0	0	0	0	0	0	0	0	0	0	0	0	0	0	0
5332955fe2a5923d2cd552c96b9af74e	0	0	0	0	0	0	0	0	0	0	0	0	0	0	0	0	408	178	181	0	0	0	0	0	0	0	30	75	30	0	5	0	0	0	0	0	0	122	0	0	0	46	0	0	0
6b573677b7ac96c08cf41bbaebe11586	0	0	0	0	0	0	0	0	0	0	0	0	0	0	5	0	905	0	0	0	0	0	0	0	0	0	0	0	0	0	0	0	0	0	0	0	17	0	0	0	0	0	0	0	136
b8311fb029a9df550a8d9fb016e69bcf	0	0	0	0	0	0	0	1044	0	0	0	0	0	0	0	0	0	0	0	0	0	0	0	0	0	0	0	0	0	0	0	0	0	0	0	0	0	0	0	0	0	0	0	0	0
8f9a9b2e2a97fd7490755bf32845d4b4	0	0	0	0	0	0	0	0	0	0	0	0	0	0	0	0	614	230	197	0	0	0	0	0	0	0	0	0	0	0	0	0	0	0	0	0	0	0	0	0	0	0	0	0	0
bcc71cc1efae148c0f7572338d3e2f86	0	0	0	0	0	0	0	0	18	11	0	0	0	0	0	0	521	169	229	0	0	0	0	0	26	63	0	0	0	0	0	0	0	0	0	0	0	0	0	0	0	0	0	0	0
5107178bbc8c17f9847d0ad6e446527a	15	171	353	31	17	300	6	17	75	0	0	17	11	0	0	0	0	0	0	0	0	0	0	7	0	0	0	0	0	0	0	0	0	0	0	0	0	0	0	0	0	0	0	0	0
16e717dc7c5b774338664651a454c6c4	0	0	0	0	0	0	0	1020	0	0	0	0	0	0	0	0	0	0	0	0	0	0	0	0	0	0	0	0	0	0	0	0	0	0	0	0	0	0	0	0	0	0	0	0	0
7807867f19aac72ac19d8fc7b27cfb85	0	0	0	0	0	0	0	0	0	3	0	0	0	0	0	0	321	84	83	12	0	0	0	0	0	0	17	111	42	25	3	0	0	0	0	0	23	101	0	3	57	43	30	34	28
0127b3018c21a9c67b0958524ae76f36	0	0	0	0	0	0	0	0	0	0	0	0	0	0	0	0	0	0	0	43	968	0	0	0	0	0	0	0	0	0	0	0	0	0	0	0	0	0	0	0	0	0	0	0	0
dfd7968de52accd36e90adb8043f53e3	0	0	0	0	0	0	0	0	0	0	0	0	0	0	0	0	29	19	6	6	0	5	0	0	0	0	74	309	61	28	0	0	0	0	0	0	55	372	0	12	3	9	9	4	7
6b19e60a71151242015135e7ff9f1905	0	0	0	0	0	0	0	0	0	0	0	0	0	0	0	0	0	0	0	0	0	0	0	0	0	0	69	147	0	0	0	0	708	0	0	0	0	0	0	75	0	0	0	0	0
7f4cf1fa3ef7ea0800dbc16ef431fe37	0	0	0	0	0	0	0	0	0	0	0	0	0	0	0	0	237	65	64	15	0	0	0	0	0	0	7	46	23	31	0	0	0	0	0	0	45	266	0	11	42	44	30	32	39
9313144c5249234b40b079bdd938d22b	0	0	0	0	0	0	0	0	0	0	0	0	0	0	0	0	266	107	78	19	0	0	0	0	0	0	15	52	13	13	0	0	0	0	0	0	26	127	0	0	70	54	42	66	41
f429b817b7e26a4239d3ee0c050e924d	0	0	0	0	0	0	0	0	0	0	0	0	0	0	0	0	108	28	16	9	0	0	0	0	0	0	83	207	92	38	0	0	0	0	0	0	52	241	0	12	18	23	17	21	22
c8688a1207bee9f6f63ad90d75af7b3a	0	0	0	0	0	0	0	0	0	2	0	0	0	0	0	0	208	103	83	0	0	64	296	91	0	34	15	48	12	0	0	0	0	0	0	0	0	17	0	0	9	0	0	0	0
b21097de41d77308ec03721dde23ca42	0	0	0	0	0	0	0	0	0	0	0	0	0	0	0	0	91	21	12	15	0	0	0	0	0	0	12	57	22	24	0	0	0	0	0	0	55	271	0	3	93	84	50	98	73
28dc404085a265643e9a50261f0f8f5c	0	0	0	0	0	0	0	0	0	0	0	0	3	0	0	0	136	43	38	16	0	0	0	0	0	0	15	55	26	31	0	0	0	0	0	0	96	370	0	0	24	36	26	36	29
7d8eaa392b8d64983fb3313773273019	0	0	0	0	0	0	0	0	0	0	0	0	0	0	0	0	215	57	46	4	0	0	0	0	0	0	5	108	41	38	0	0	0	0	0	0	33	136	0	0	58	82	64	61	32
39f4bc69833af0d2005c60479f619398	0	0	0	0	0	13	0	0	29	0	0	0	0	0	0	0	186	54	70	6	4	0	0	0	0	0	25	103	35	46	0	0	12	9	3	0	41	247	0	1	23	20	16	19	13
591fd2560f27405382e1ea10a0156e10	0	0	0	0	0	0	0	0	0	0	0	0	0	0	0	0	95	65	36	6	0	0	0	0	0	0	86	177	92	44	0	0	0	0	0	0	45	210	0	12	16	21	22	17	21
fc2a5eb047d56ab829c92cb7f6144e36	66	0	0	59	0	0	128	0	0	0	0	0	0	285	305	96	0	0	0	0	0	0	0	0	0	0	0	0	0	0	0	0	0	0	0	0	0	0	0	0	0	0	0	0	0
c5e0bcb1bf517bd2a86a330cd3bda6ec	0	0	453	0	0	39	0	0	11	0	0	0	0	0	0	0	148	69	64	0	0	0	0	0	0	0	24	41	0	0	0	0	0	0	0	0	0	24	0	0	13	21	10	7	12
02d0e067048e691ab9c8869367e5f573	0	0	0	0	0	0	0	0	0	0	0	0	0	0	0	0	297	142	75	0	0	0	0	0	0	0	0	69	0	0	0	0	0	0	0	0	0	41	0	0	62	60	45	81	48
55dc47f5c87899e5683f035ba800e896	0	0	0	0	0	0	0	0	0	25	0	0	0	0	0	0	267	70	75	6	0	0	0	0	0	0	9	64	40	27	0	0	0	0	0	0	37	119	0	0	42	34	20	49	34
b11d57fb0fe93544d5c50cc779b97bc4	0	0	0	0	0	0	0	0	0	2	0	0	0	0	0	0	384	100	55	9	0	0	0	0	0	0	6	45	9	15	2	0	0	0	0	0	6	36	0	0	71	48	33	51	38
9fa5f4f2dd33136c460b06e4d3b6d525	0	0	0	0	0	0	0	0	0	0	0	0	0	0	0	0	326	121	105	0	0	0	0	0	0	0	113	145	32	27	0	0	0	0	0	0	8	33	0	0	0	0	0	0	0
93aef78cda983029b056fea3e7a169c0	0	0	0	0	0	0	0	0	0	0	0	0	2	0	3	0	225	143	63	6	0	0	0	0	0	0	36	113	36	26	0	0	0	0	0	0	30	168	0	7	6	10	7	10	6
ea6a40574bc15036c639879f91661d69	0	0	0	0	0	0	0	0	0	1	0	0	0	0	0	0	167	44	48	0	0	0	0	0	0	0	65	250	55	50	0	0	0	0	0	0	19	111	0	0	17	18	18	13	9
3350c00dc9158ce8c79ba0f97d922a3f	0	0	0	0	0	0	0	0	882	0	0	0	0	0	0	0	0	0	0	0	0	0	0	0	0	0	0	0	0	0	0	0	0	0	0	0	0	0	0	0	0	0	0	0	0
97cb91e064ec3a6a24cab7837d15b785	0	0	0	0	0	0	0	0	0	0	0	0	0	616	251	14	0	0	0	0	0	0	0	0	0	0	0	0	0	0	0	0	0	0	0	0	0	0	0	0	0	0	0	0	0
2632a08c5d1ddc1b5d91ceebc6c8ef6d	0	0	0	0	0	0	0	0	0	0	0	0	0	0	0	0	186	75	43	12	0	0	0	0	0	0	39	124	18	22	6	0	0	0	0	0	32	125	0	0	52	61	37	26	22
7e8d94405f0ab02213bcbd9ba1d3a659	0	0	0	0	0	0	0	0	0	0	0	0	0	0	0	0	0	0	10	0	0	0	0	0	0	0	26	167	76	105	0	0	0	0	0	0	101	362	0	14	11	4	0	0	4
3288d43be8e32aa79ec2d157125594c4	0	0	0	0	0	0	0	0	11	0	0	0	0	0	0	0	258	86	102	0	0	0	0	0	0	0	0	0	0	0	0	0	123	0	0	0	119	161	0	0	0	0	0	0	0
cf99fbeab63d0871c1259350b54c0921	0	0	0	0	0	0	0	0	0	0	0	0	0	0	0	0	206	92	58	0	0	0	0	0	0	0	0	39	24	27	0	0	0	0	0	0	58	176	0	7	47	34	29	51	12
c9de815137665e6c95763183adbe9fda	0	0	0	0	0	0	0	0	0	0	0	0	0	0	0	0	0	0	0	0	0	0	0	0	0	0	35	234	80	70	0	0	0	0	0	0	35	166	0	0	52	53	40	45	41
6ba147a6b7d920797256b4a86549cc51	0	0	0	0	0	0	0	0	0	13	0	0	0	0	0	0	217	59	48	8	0	0	0	0	0	0	0	88	37	29	7	0	0	0	0	0	33	152	0	7	32	24	18	36	36
4eb8b092b2ad9607bc401dcde8ea1dd6	0	0	0	0	0	0	0	0	0	0	0	0	0	0	0	0	0	0	0	0	0	5	0	0	0	0	146	345	113	70	0	0	0	0	0	0	20	136	0	2	0	0	0	0	3
76f4fa5633ef09c35399d27f6149dde1	65	0	0	62	0	0	150	0	0	0	0	0	0	259	217	84	0	0	0	0	0	0	0	0	0	0	0	0	0	0	0	0	0	0	0	0	0	0	0	0	0	0	0	0	0
b65ba0b05c99f591f4c3c45e86810d6f	0	0	0	0	0	0	1	0	0	0	0	0	0	592	222	21	0	0	0	0	0	0	0	0	0	0	0	0	0	0	0	0	0	0	0	0	0	0	0	0	0	0	0	0	0
64fcc5cd7c9d5b90d2f33f34145b072e	0	0	0	0	0	0	0	0	0	8	0	0	0	0	9	0	401	214	199	0	0	0	0	0	0	0	0	0	0	0	0	0	0	0	0	0	0	0	0	0	0	0	0	0	0
a089c57ebeb4e30797ab730e587df61d	0	0	0	0	0	0	0	0	0	0	0	0	0	0	3	0	320	87	65	10	0	0	0	0	0	0	10	21	9	15	0	0	0	0	0	0	0	100	0	0	46	53	26	41	24
692492b6da66ce7760cfa64d4592006b	0	0	0	0	0	0	0	0	0	0	0	0	0	0	0	0	206	50	55	0	0	0	0	0	0	0	8	60	16	15	0	0	0	0	0	0	41	197	0	7	35	47	25	42	25
c6b30a4ef64a5ff4444641ff0e919ddb	0	0	0	0	0	0	0	0	0	0	0	0	0	0	0	0	0	0	0	0	0	0	0	0	0	0	45	418	61	44	0	0	3	0	0	0	0	258	0	0	0	0	0	0	0
924616ccb1c85152a8cd00b48d75cd93	0	0	0	0	0	0	0	0	0	0	0	0	0	0	0	0	220	75	0	0	0	0	0	0	0	0	40	124	40	44	0	0	0	0	0	0	30	136	0	6	48	37	26	0	0
d262f8e011d7680fa01298e7152862cf	0	0	44	0	0	20	0	0	13	40	0	0	0	0	0	0	206	89	155	0	0	0	0	0	0	0	82	118	21	14	0	0	0	0	0	0	0	11	0	0	0	0	0	0	0
0a4ae729b01b841b2ede372fbac956ef	80	0	0	80	0	0	116	0	0	0	0	0	0	156	235	128	0	0	0	0	0	0	0	0	0	0	0	0	0	0	0	0	0	0	0	0	0	0	0	0	0	0	0	0	0
97b888340737be62bf01e65711e36743	0	0	0	0	0	0	0	0	0	2	0	0	0	0	0	0	200	52	36	5	0	0	0	0	0	0	30	97	34	27	0	0	0	0	0	0	33	136	0	6	34	35	18	24	25
aab2a7aafa7ce7bb8477456717a6c1b9	0	0	0	0	0	0	0	0	0	0	0	0	0	0	0	0	85	13	20	0	0	0	0	0	0	0	65	210	65	62	0	0	0	0	0	0	23	158	0	4	14	19	11	19	16
33e0d54ec7d31d9d6434c69550e3edb5	0	0	0	0	0	0	0	0	0	0	0	0	0	0	0	0	0	0	0	0	0	0	0	0	0	0	55	339	66	47	0	0	0	0	0	0	6	40	0	0	54	65	32	37	38
1f095f0c98c87a7708aa2a1de0689709	0	0	0	0	0	0	0	0	0	0	0	0	0	0	0	0	0	0	0	0	0	0	0	0	0	0	102	260	91	65	0	0	0	0	0	0	48	212	0	0	0	0	0	0	0
9792f5450c2fc509bc3d02edda8a11e1	0	0	0	0	0	0	0	770	0	0	0	0	0	0	0	0	0	0	0	0	0	0	0	0	0	0	0	0	0	0	0	0	0	0	0	0	0	0	0	0	0	0	0	0	0
05470750a002f84e76bc41cc7f181ab0	0	0	0	0	0	0	0	0	0	5	0	0	0	0	0	0	305	189	137	11	0	0	0	0	98	0	13	12	0	0	0	0	0	0	0	0	0	0	0	0	0	0	0	0	0
f22a62dc03454b5f1c7fac715b6a99ae	0	0	299	0	0	0	0	0	0	0	0	0	0	0	0	0	157	0	40	0	0	8	0	52	0	0	0	0	0	0	119	0	0	0	0	0	0	0	0	0	20	26	14	18	15
847c48ab486d51f45472e233ed26986f	0	0	0	0	0	0	0	0	0	0	0	0	0	0	0	0	80	19	20	8	0	0	0	0	0	0	64	149	69	48	0	0	0	0	0	0	52	190	0	6	10	8	8	22	11
7f39c04f24e47f5ea2ecbe59fc309ec4	0	0	0	0	0	0	0	0	0	0	0	0	0	0	0	0	0	0	0	0	0	0	0	0	0	0	0	0	0	0	0	0	0	0	0	0	0	150	0	601	0	0	0	0	0
a8efaeb31c130b793b2e0d77f684d71d	0	0	0	0	0	0	0	0	0	0	0	0	0	0	0	0	0	0	0	0	0	0	0	0	0	0	0	0	0	0	0	0	597	0	0	0	0	153	0	0	0	0	0	0	0
f146f02a36be720aa78c5eac91b4d384	0	0	0	0	0	0	0	0	0	0	0	0	0	0	0	0	0	0	0	0	0	6	0	0	0	0	0	0	0	0	0	0	0	0	0	0	0	738	5	0	0	0	0	0	0
064c9d53d7c8844911ba93d061f88439	0	0	0	0	0	0	0	0	0	0	0	0	0	0	0	0	78	55	33	0	0	5	0	0	0	0	89	217	79	54	0	0	0	0	0	0	14	63	0	0	18	18	3	13	5
290e9d0c474faea7f900922bd13a5168	0	0	0	0	0	0	0	0	0	0	0	0	0	0	0	0	165	62	36	12	0	0	0	0	0	0	14	74	26	14	0	0	0	0	0	0	20	154	0	0	32	39	33	30	30
341974d54c3c0922f132923714373e2e	0	0	0	0	0	0	0	0	0	0	0	0	0	0	0	0	43	7	13	7	0	0	0	0	0	0	101	257	91	62	0	0	0	0	0	0	5	37	0	2	29	24	23	19	19
189a90842cd02b6b126dcbba16455928	0	0	0	0	0	0	0	0	0	8	0	0	0	0	0	0	215	60	71	0	0	0	0	0	0	0	0	51	10	17	4	0	0	0	0	0	34	113	0	9	40	19	27	30	19
5ea5e824831ee05a29aad7f6f50f9e54	0	0	0	0	0	0	0	0	0	0	0	0	3	0	0	0	242	81	68	0	0	0	0	0	0	0	0	36	0	11	0	0	0	0	0	0	19	88	0	0	34	41	29	38	28
c991c392707d4ae1f6c522e0cefea337	0	0	0	0	0	0	0	0	0	5	0	0	0	0	0	0	315	182	210	0	0	0	0	0	0	0	0	0	0	0	0	0	0	0	0	0	0	0	0	0	0	0	0	0	0
619dd6a7bfd368204c4d7e40ed615872	0	0	0	0	0	0	0	0	0	0	0	0	0	0	0	0	0	0	0	0	0	0	0	2	0	0	156	206	0	174	0	0	0	0	0	0	0	165	0	0	0	8	0	0	0
e62877f1110500b9f217cf3e0698d7ec	0	0	0	0	0	0	0	0	0	0	0	0	0	0	0	0	198	59	53	0	0	0	0	0	0	0	38	117	37	57	0	0	0	0	0	0	9	26	0	0	32	35	9	14	11
7907f1936915b0571fc209d6eabb5c3b	0	0	0	0	0	0	0	0	0	0	0	0	0	0	0	0	148	48	65	9	0	0	0	0	0	0	0	73	0	46	0	0	0	0	0	0	37	141	0	8	32	20	21	22	20
ebfcaebb6cf73dba5a443fde0ca7400a	0	0	0	0	0	0	0	0	0	0	0	0	0	0	0	0	19	0	0	0	0	0	0	0	0	0	0	39	0	34	79	0	0	0	0	0	78	375	0	27	0	0	0	12	12
cf93e5119b65fde6fa97cee91a84028b	0	0	0	0	0	0	0	0	0	0	0	0	0	0	0	0	160	0	0	0	0	0	0	0	0	0	40	83	0	0	0	0	0	0	0	0	39	192	0	0	34	44	47	34	0
dc20a693ffa631169bff5305f3ea015d	0	0	0	0	0	0	0	0	0	0	0	0	0	0	0	0	218	48	68	0	0	0	0	0	121	0	0	16	0	5	0	0	0	0	0	0	11	73	0	0	34	14	18	26	20
0d1ab88eca7a40be2af86b14f994384d	0	0	43	0	0	19	0	0	0	30	0	0	0	0	0	0	169	112	120	0	0	0	0	0	0	0	55	83	18	10	0	0	0	0	0	0	0	10	0	0	0	0	0	0	0
a8cd92349b805389b4dcf2282b61a9ba	0	0	0	0	0	0	0	0	0	3	0	0	0	0	0	0	244	65	77	10	0	0	0	0	0	0	0	10	0	0	2	0	0	0	0	0	20	70	0	0	36	17	23	40	49
3806b8d34299ae55acb76f07eee81bb0	0	0	0	0	0	0	0	0	0	0	0	0	0	0	0	0	51	0	0	0	0	0	0	0	0	0	0	0	0	18	0	0	440	40	0	32	14	67	0	0	0	0	0	0	0
053f17a2be7cf300ae757705d3c1b633	0	0	0	0	0	0	0	0	0	0	0	0	0	0	0	0	79	49	18	0	0	0	0	0	0	0	69	104	56	41	3	0	0	0	0	0	41	141	0	8	0	16	23	9	0
24c93b639f029593aebfa5b1bc5e267a	27	0	0	47	0	0	97	0	0	0	0	0	0	203	200	68	0	0	0	0	0	0	0	0	0	0	0	0	0	0	0	0	0	0	0	0	0	0	0	0	0	0	0	0	0
667fa2046d923880cbcfe535f80fd8f0	0	0	0	0	0	0	0	0	0	3	0	0	0	0	0	0	111	45	26	6	0	0	0	0	0	0	51	118	38	23	0	0	0	0	0	0	26	131	0	8	7	9	10	13	15
648d14e340c5ea5a864c90a988e13637	0	0	0	0	0	0	0	0	0	0	0	0	0	0	0	0	10	0	6	0	0	0	0	0	0	0	11	166	15	21	0	0	0	0	0	0	50	291	0	0	8	19	9	16	18
f3426fa2c0fb214436d47fc9a61e1068	0	0	0	0	0	0	52	0	0	0	0	0	0	243	230	114	0	0	0	0	0	0	0	0	0	0	0	0	0	0	0	0	0	0	0	0	0	0	0	0	0	0	0	0	0
2b7dc28483215d459beaec300f5ccb3c	0	0	0	0	0	0	0	0	0	0	0	0	0	0	0	0	112	31	35	4	0	0	0	0	0	0	39	162	41	41	0	0	0	0	0	0	19	96	0	5	11	9	7	11	10
3dba8c6b1b20e58c08688f613debb262	0	0	0	0	0	0	0	0	0	0	0	0	0	0	0	0	183	27	46	0	0	0	0	0	0	0	9	58	24	24	30	0	0	0	0	0	33	99	0	0	16	27	19	21	15
9b362086fc99019ef910d605e1a541db	0	0	0	0	0	0	0	0	0	0	0	0	0	0	0	0	118	50	34	4	0	2	0	0	0	0	20	56	25	38	2	0	0	0	0	0	32	105	0	0	30	42	19	29	25
2d574d264b039998671384b94cb29509	0	0	0	0	0	0	0	0	0	0	0	0	3	0	0	0	222	76	60	0	0	0	0	0	0	0	9	39	13	15	0	0	0	0	0	0	10	41	0	0	33	21	30	27	26
0b6375f26b3b9b238ec96665a7829652	0	0	0	0	0	0	0	0	0	0	0	0	10	0	0	0	138	60	75	0	0	0	0	0	0	0	73	123	44	39	0	0	0	0	0	0	9	53	0	0	0	0	0	0	0
c18f00407eb0a0083a63146ed3bb3e0d	35	0	0	39	0	0	67	0	0	0	0	0	0	195	201	82	0	0	0	0	0	0	0	0	0	0	0	0	0	0	0	0	0	0	0	0	0	0	0	0	0	0	0	0	0
435255176456e1974f256476c23dbf6f	0	0	0	26	0	0	96	0	0	0	0	0	0	232	197	68	0	0	0	0	0	0	0	0	0	0	0	0	0	0	0	0	0	0	0	0	0	0	0	0	0	0	0	0	0
2fc145701e118dbfd4054f658c12f468	0	0	0	0	0	0	0	0	0	0	0	0	0	0	0	0	14	14	16	0	0	7	0	4	0	0	89	82	23	24	0	6	9	0	209	15	10	76	0	16	0	2	3	0	0
49cfa9c321bc4094d11539f9ca93d6c5	0	0	0	0	0	0	0	0	0	0	0	0	0	0	0	0	42	20	11	3	0	0	0	0	0	0	96	208	34	44	0	0	0	0	0	0	0	13	0	0	42	33	23	28	21
e4e76bf56dc64228c672d7eb7d62630a	0	4	9	0	82	34	0	388	0	0	0	0	0	0	0	0	13	0	14	0	0	0	0	0	0	0	8	13	0	0	0	15	0	0	0	0	0	0	0	0	0	11	15	5	6
744abab8555ed0eca6c404e393a66689	0	0	0	0	0	0	0	0	0	0	0	0	0	0	0	0	78	45	25	7	0	27	0	0	0	0	65	165	62	46	0	0	0	0	0	0	0	0	0	0	28	35	11	20	0
926a11acb2045e57ad807b6d57b253ce	19	0	0	27	0	0	61	0	0	0	0	0	0	220	218	68	0	0	0	0	0	0	0	0	0	0	0	0	0	0	0	0	0	0	0	0	0	0	0	0	0	0	0	0	0
39a689dd41efc806f1020a1913a9e2f3	0	0	0	0	0	0	0	0	0	0	0	0	0	0	0	0	130	60	33	0	0	0	0	0	0	0	11	73	20	23	0	0	0	0	0	0	27	107	0	6	26	24	22	21	26
3ace45ab8c50da64bc78bdda232660a0	0	0	0	0	0	0	0	0	0	8	0	0	0	0	0	0	123	46	50	0	0	0	0	0	0	0	0	43	0	0	0	0	0	0	0	0	49	183	0	7	0	24	20	31	24
5f1514307bad3dee51fcc9e06f89f6d8	0	0	0	0	0	0	0	0	0	0	0	0	0	0	0	0	21	0	5	3	0	0	0	0	0	0	36	168	79	43	0	0	0	0	0	0	30	183	0	4	9	7	4	8	2
e7b7fcbafe1378c23bc7d0fb30b94b3f	0	0	0	0	0	0	0	0	0	0	0	0	0	0	0	0	385	119	94	0	0	0	0	0	0	0	0	0	0	0	0	0	0	0	0	0	0	0	0	0	0	0	0	0	0
e9798e4568754270708b75bb6edb5822	0	0	0	0	0	0	0	0	0	0	0	0	0	0	0	0	128	40	28	0	0	2	0	0	0	0	24	87	30	17	0	0	0	0	0	0	14	106	0	0	26	31	19	25	20
16f66d6db362bb893d9936be66ea6603	0	0	0	0	0	0	0	0	0	0	0	0	0	0	0	0	0	0	0	10	510	0	0	0	0	0	0	21	6	0	0	8	5	14	8	3	0	0	0	0	6	0	4	0	0
ebfb0a56bea0e95025141f3ba7ab1251	0	0	67	0	29	92	0	118	0	0	0	0	0	0	0	0	21	30	20	0	0	0	0	0	0	0	36	59	15	6	0	16	0	0	0	0	0	13	0	0	8	20	19	7	18
be23afc9b4f93fb09a704021746ddca3	0	0	0	0	0	370	0	0	223	0	0	0	0	0	0	0	0	0	0	0	0	0	0	0	0	0	0	0	0	0	0	0	0	0	0	0	0	0	0	0	0	0	0	0	0
cc866a7b68dd46311a41b455268b3a12	0	0	0	0	0	0	0	0	0	0	0	0	0	0	0	0	0	0	0	0	0	0	0	0	0	0	44	160	75	68	0	0	0	0	0	0	26	133	0	0	0	39	13	17	15
53d21ca95614f7dd5f6c44cf5a2de188	0	0	0	46	0	0	68	0	0	0	0	0	0	185	180	109	0	0	0	0	0	0	0	0	0	0	0	0	0	0	0	0	0	0	0	0	0	0	0	0	0	0	0	0	0
923d442383afbde0614e8c0eca6c8519	0	0	0	0	0	0	0	0	0	0	0	0	0	0	0	0	75	55	0	0	0	0	0	0	0	0	39	103	43	27	0	0	0	0	0	0	19	72	0	0	40	35	20	17	43
1e7996ed4d6a7d919170d1604496ac38	0	0	9	0	0	0	0	0	0	0	0	0	0	0	0	0	282	129	167	0	0	0	0	0	0	0	0	0	0	0	0	0	0	0	0	0	0	0	0	0	0	0	0	0	0
da460d8880e830ce488ce74eac41f301	0	0	0	0	0	0	0	0	585	0	0	0	0	0	0	0	0	0	0	0	0	0	0	0	0	0	0	0	0	0	0	0	0	0	0	0	0	0	0	0	0	0	0	0	0
6fb0502f2859604e5e9f2b869108d165	0	0	0	0	0	0	0	0	0	0	0	0	0	0	0	0	61	0	0	266	254	0	0	0	0	0	0	0	0	0	0	0	0	0	0	0	0	0	0	0	0	0	0	0	0
7ac9ab50f990c042c7051b4bc02760b3	0	0	0	0	0	0	0	0	0	0	0	0	0	0	0	0	91	45	62	4	0	44	0	24	0	0	6	17	4	18	0	0	0	0	20	12	17	102	0	0	28	37	17	10	22
a58cce178a8f6eb111767c5bc0456d4e	0	0	0	0	0	0	0	0	0	0	0	0	0	0	0	0	16	15	17	0	0	0	0	0	0	0	49	276	60	40	0	0	0	0	0	0	11	44	0	0	7	10	15	15	5
dfb0e79f77dbcf7db6aba7d052cec22e	0	0	0	0	0	0	0	0	579	0	0	0	0	0	0	0	0	0	0	0	0	0	0	0	0	0	0	0	0	0	0	0	0	0	0	0	0	0	0	0	0	0	0	0	0
c0b8348fb4d99b93d2cb9bd39c2b7cd0	0	0	0	0	0	0	0	0	0	0	0	0	0	0	0	0	0	0	0	0	0	0	0	0	0	0	0	0	0	0	0	0	0	0	0	0	0	0	0	578	0	0	0	0	0
074c617b949c6ad65adf927aead2b21d	0	0	0	0	0	0	0	0	0	0	0	0	0	0	0	0	39	17	0	7	0	0	0	0	0	0	28	73	48	27	0	0	0	0	0	0	48	227	0	5	7	15	12	16	8
a5c345ca10ea06515ba89d288f8a7379	0	0	15	0	0	125	0	0	126	0	0	0	0	0	0	0	126	34	59	0	0	0	0	0	0	0	0	0	0	0	0	0	0	0	0	0	9	72	0	0	0	0	0	0	10
3044e61dc4aff737c7f21620d2d9b3cb	0	0	0	0	0	0	0	0	0	0	0	0	0	0	0	0	97	15	0	0	0	0	0	0	0	0	24	126	31	42	0	0	0	0	0	0	29	137	0	0	25	16	13	21	0
6770ff7d6536e27ee473f80faa8a819b	0	0	0	0	0	0	0	0	0	2	0	0	0	0	0	0	160	39	58	0	0	0	0	2	0	0	50	137	44	12	14	0	0	0	0	0	0	11	0	0	12	11	8	5	7
9fbdacca626f3eabf7114024c2b38613	26	0	21	0	58	33	0	315	0	0	0	0	0	0	0	0	23	12	12	0	0	0	0	0	0	0	8	15	0	0	0	9	0	0	0	0	0	0	0	0	4	17	6	0	8
a442e49938dd3fbe8cab8890a83d743b	0	0	0	0	0	0	0	0	0	0	0	0	0	0	0	0	0	0	0	566	0	0	0	0	0	0	0	0	0	0	0	0	0	0	0	0	0	0	0	0	0	0	0	0	0
b6354c7f15668292996095d0f9797bd3	0	0	0	0	0	0	0	0	0	0	0	0	0	0	0	0	184	59	37	0	0	0	0	0	0	0	0	58	16	22	0	0	0	0	0	0	0	61	0	0	39	31	28	30	0
24913f544b7739d428acdee1f2d80052	0	0	0	0	0	0	0	0	0	0	0	0	0	0	0	0	5	0	0	0	0	0	0	0	0	0	56	111	59	41	0	0	0	0	0	0	34	239	0	7	4	4	0	5	0
f77f4d91332ccb1042b0c3e8eaae1fae	0	0	0	0	0	0	0	0	0	0	0	0	0	0	0	0	169	31	34	14	0	0	0	0	0	0	4	26	6	12	0	0	0	0	0	0	19	111	0	0	22	30	16	31	37
3429f6ea50a1217c32dd5910d8453fd0	0	0	0	0	0	0	0	0	0	0	0	0	0	0	0	0	67	12	9	2	0	0	0	0	0	0	12	149	75	42	0	0	0	0	0	0	16	147	0	0	10	8	6	0	4
189f5b6c29ad8506143f4df408d63b2c	0	0	0	0	0	0	0	0	0	0	0	0	0	0	0	0	57	32	14	3	0	0	0	0	0	0	31	80	42	26	0	0	0	0	0	0	48	171	0	6	3	12	12	11	9
5e0fd91a92eabd35c95872802a3cd545	0	0	0	23	0	0	26	0	0	0	0	0	0	244	200	43	0	0	0	0	0	0	0	0	0	0	10	1	0	4	0	0	0	0	0	0	0	0	0	0	0	0	0	0	0
052ba7abaeaa968c4f79e3f97d1f0a2f	0	0	0	0	0	0	0	0	0	0	0	0	0	0	0	0	0	0	0	0	0	0	0	0	0	549	0	0	0	0	0	0	0	0	0	0	0	0	0	0	0	0	0	0	0
832a6a61bf9db00d4bfd81438f86042d	0	0	0	0	0	0	0	0	0	0	0	0	0	0	0	0	255	127	166	0	0	0	0	0	0	0	0	0	0	0	0	0	0	0	0	0	0	0	0	0	0	0	0	0	0
32c44fd13c1af40607130bca6dfd808b	0	0	0	0	0	0	0	0	0	0	0	0	0	348	196	0	0	0	0	0	0	0	0	0	0	0	0	0	0	0	0	0	0	0	0	0	0	0	0	0	0	0	0	0	0
3619daac5f8a54394f46982575f66733	0	0	0	0	0	0	0	0	0	0	0	0	0	0	0	0	132	42	23	0	0	0	0	0	0	0	7	25	6	16	0	0	0	0	0	0	36	174	0	0	14	16	13	20	14
ee1a2c0fd5471563282a96000a556383	0	0	0	0	0	0	0	0	0	43	0	0	0	0	0	0	115	82	0	0	0	0	0	0	0	0	0	37	0	0	0	0	0	0	0	0	0	0	0	0	64	47	46	56	45
1dbb6f925a2e940e7b957cb318e1803a	0	0	0	0	0	0	0	0	0	0	0	0	0	0	0	0	160	81	78	0	0	0	0	0	0	0	13	54	17	13	0	0	0	0	0	0	20	88	0	0	0	11	0	0	0
42e0060b525df457199f75083c65f79d	0	0	0	0	0	0	0	0	0	7	0	0	0	0	0	0	203	48	44	0	0	0	0	0	0	0	12	76	13	10	0	0	0	0	0	0	0	17	0	0	24	26	19	11	21
312a026f85018d561c21baba9cbae21b	0	0	0	0	0	0	0	0	0	0	0	0	0	0	0	0	122	44	31	16	0	0	0	0	0	0	21	58	28	13	3	0	0	0	0	0	23	72	0	5	18	20	16	14	17
e9a9937b25abf0bfdb01e3e06582985e	0	0	0	0	0	0	0	0	0	0	0	0	0	0	0	0	88	31	27	0	0	0	0	0	0	0	36	89	40	26	0	0	0	0	0	0	16	99	0	0	15	11	10	14	19
3f43ccd6b4d50421871ac2a96cb08b46	0	0	0	0	0	0	0	0	0	2	0	0	0	0	0	0	267	91	154	0	0	0	0	0	0	0	0	0	0	0	0	0	0	0	0	0	0	4	0	0	0	2	0	0	0
55cbb957c6d85a918321df09e8d46b87	0	0	0	16	0	0	21	0	0	0	0	0	0	204	190	86	0	0	0	0	0	0	0	0	0	0	0	0	0	0	0	0	0	0	0	0	0	0	0	0	0	0	0	0	0
57bebee6c7543f73558979fd865e05a1	0	0	0	0	0	0	0	0	0	5	0	0	0	0	0	0	114	65	36	0	0	0	0	0	0	0	12	57	21	12	0	0	0	0	0	0	17	55	0	0	24	26	21	23	27
907617e86aa05bf0032dfaa3ffd51682	0	0	14	0	0	15	0	0	0	18	0	0	0	0	0	0	116	62	103	0	0	0	0	0	0	0	83	68	22	10	0	0	0	0	0	0	0	0	0	0	0	0	0	0	0
82f314908b113b8b149c346349f7b016	0	0	0	0	0	0	0	0	0	0	0	0	0	0	0	0	105	21	30	0	0	0	0	0	0	0	8	34	12	26	0	0	0	0	0	0	42	140	0	3	19	15	13	24	18
05c9ee84423e353fcff6f89867efd25e	21	0	0	40	0	0	93	0	0	0	0	0	0	134	149	71	0	0	0	0	0	0	0	0	0	0	0	0	0	0	0	0	0	0	0	0	0	0	0	0	0	0	0	0	0
0b0954199a3a2494451880d13641ab59	0	0	0	0	0	0	0	508	0	0	0	0	0	0	0	0	0	0	0	0	0	0	0	0	0	0	0	0	0	0	0	0	0	0	0	0	0	0	0	0	0	0	0	0	0
ab992cf43d56360a7548a51be1a1d986	0	0	0	0	0	0	0	0	0	0	0	0	0	0	0	0	35	13	13	7	0	0	0	0	0	0	8	58	18	23	0	0	0	0	0	0	41	188	0	10	19	11	6	27	12
123f0d99e20082007e596e85bfade07d	0	0	0	0	0	0	0	0	0	0	0	0	0	0	0	0	184	43	46	9	0	0	0	0	0	0	0	24	7	13	0	0	0	0	0	0	11	48	0	0	28	20	14	17	24
2fa749e5a49896ecb5de54ef74374a45	0	0	0	0	0	0	0	0	0	0	0	0	0	0	0	0	32	9	0	7	0	0	0	0	0	0	0	26	10	26	0	0	0	0	0	0	64	225	0	6	17	20	15	15	16
f83367a470ba932789703ac019d855e3	0	0	0	0	0	0	0	0	0	0	0	0	0	0	0	0	0	0	0	5	0	0	0	0	0	0	3	42	18	11	0	0	0	0	0	0	25	216	0	0	30	44	39	29	22
2c7b285830762c57296727dc00c6c221	0	0	0	0	0	0	0	0	0	0	0	0	0	0	0	0	115	39	29	0	0	0	0	0	0	0	0	56	28	20	0	0	0	0	0	0	23	79	0	0	24	24	17	0	28
b529084b752c07cc9e3a49a5874c5e18	0	0	0	0	0	0	0	0	0	0	0	0	0	0	0	0	0	0	0	0	0	0	0	0	0	0	0	0	0	0	0	0	0	0	0	0	482	0	0	0	0	0	0	0	0
a235e9b39708183e08f28fc485ac8aeb	0	0	0	0	0	0	0	0	0	0	0	0	0	0	0	0	266	137	72	0	0	0	0	0	0	0	0	0	0	0	0	0	0	0	0	0	0	0	0	0	0	0	0	0	0
971d435e12b6ca4c2acd346270579081	0	0	0	0	0	0	0	0	0	6	0	0	0	0	0	0	232	74	140	15	0	0	0	0	0	0	0	5	0	0	0	0	0	0	0	0	0	0	0	0	0	0	0	0	0
9ad7a8b47202df231da18135fe22590a	0	0	0	0	0	0	0	0	471	0	0	0	0	0	0	0	0	0	0	0	0	0	0	0	0	0	0	0	0	0	0	0	0	0	0	0	0	0	0	0	0	0	0	0	0
b0d42d114312e82b57ffb4b2cf22c488	0	0	0	0	0	0	0	0	0	8	0	0	0	0	0	0	145	46	35	0	0	0	0	0	0	0	17	32	18	19	0	0	0	0	0	0	14	47	0	6	18	18	14	15	19
1ab9417ece881b2a7bb26bc6b3ea4c0c	0	0	0	0	0	0	0	0	0	0	0	0	0	0	0	0	140	22	36	4	0	0	0	0	0	0	14	63	32	27	0	0	0	0	0	0	6	39	0	0	25	22	13	20	7
ad276c70c781e40d428573b074714ca1	0	0	0	0	0	0	0	0	0	0	0	0	0	0	0	0	106	23	37	0	0	8	9	0	0	0	34	102	49	21	11	0	0	0	0	0	0	4	0	34	7	6	7	7	3
42c3bfa5c65eaeeb67d7bece2d892294	0	0	0	0	0	0	0	0	0	0	0	0	0	0	0	0	178	61	37	10	0	0	0	0	0	0	11	29	18	8	0	0	0	0	0	0	0	15	0	0	20	25	21	20	14
228e955458f04744be5f68dfa638ba09	0	0	0	0	0	0	0	0	0	0	0	0	0	0	0	0	256	85	125	0	0	0	0	0	0	0	0	0	0	0	0	0	0	0	0	0	0	0	0	0	0	0	0	0	0
bfea789cb0038338b824b5f123710120	0	0	0	0	0	0	0	0	0	0	0	0	0	0	0	0	31	0	4	4	0	0	0	0	0	0	45	136	30	43	0	0	0	0	0	0	17	91	0	5	13	15	8	12	11
a34e8e394ad4c7137b39fd38e5e34d75	0	0	0	0	0	0	0	458	0	0	0	0	0	0	0	0	0	0	0	0	0	0	0	0	0	0	0	0	0	0	0	0	0	0	0	0	0	0	0	0	0	0	0	0	0
9328f20f4bdfb9188795fd0861fe3334	0	0	0	0	0	0	0	0	0	0	0	0	0	0	0	0	120	60	46	0	0	4	0	0	0	0	50	102	21	5	0	0	0	0	0	0	5	45	0	0	0	0	0	0	0
df1608a8fb567f31c3fb8e45b5e9ac70	0	0	0	0	0	0	0	0	0	0	0	0	0	0	0	0	148	71	48	0	0	0	0	0	0	0	8	38	20	11	0	0	0	0	0	0	5	15	0	0	35	14	10	23	11
b569ad0d26b5abcbc88763d80b09b164	0	0	0	0	0	0	0	0	0	6	0	0	0	0	0	0	137	29	45	0	0	0	0	0	0	0	0	20	4	7	0	0	0	0	0	0	21	101	0	0	29	12	14	15	16
87ce7b76090b4b82361e961cd7be3f20	0	0	0	0	0	0	0	0	0	0	0	0	0	0	0	0	0	0	0	0	0	0	0	0	0	0	0	0	0	0	0	0	0	0	0	0	0	0	0	456	0	0	0	0	0
a44af9d82f520b38d97350ad46dbc2ea	0	0	32	0	0	50	0	192	33	0	0	0	0	0	0	0	65	39	28	0	0	5	0	0	0	0	0	0	0	0	7	0	0	0	0	0	0	0	0	0	0	0	0	0	0
d9ebc9f2280af46efbe84d0d386b292c	0	0	0	0	0	0	0	0	0	0	0	0	0	0	0	0	182	32	42	0	0	0	0	0	0	0	15	69	30	18	0	0	0	0	0	0	2	18	0	0	15	18	0	5	5
adefa33434642e5793965f27b598f469	0	0	0	0	0	0	0	0	0	2	0	0	0	0	0	0	112	22	19	0	0	0	0	0	0	0	10	103	35	46	0	0	0	0	0	0	0	0	0	0	29	16	14	23	19
d0b18cd38641975addd968e1abc7c06f	0	0	0	0	0	0	0	0	0	0	0	0	0	0	0	0	39	22	16	4	0	0	0	0	0	0	24	95	32	23	0	0	0	0	0	0	16	150	0	0	4	6	4	9	6
40d029a5d02f4e83cb0a4e4b8c1375c7	0	0	0	0	0	0	0	0	0	0	0	0	0	0	0	0	49	25	0	338	0	0	0	0	0	0	11	17	0	0	0	0	0	0	0	0	0	7	0	0	0	0	0	0	0
20f648fa8b44e947e0778cdb9bceac94	52	0	0	71	0	0	106	0	0	0	0	0	0	70	102	45	0	0	0	0	0	0	0	0	0	0	0	0	0	0	0	0	0	0	0	0	0	0	0	0	0	0	0	0	0
a83700fa41e4d483123c204ab33af47a	0	0	0	0	0	0	0	0	0	0	0	0	0	0	0	0	0	0	0	0	0	0	0	0	0	0	52	68	0	20	33	0	0	0	0	0	10	66	0	0	44	0	57	46	50
af8798e5d7a4d52e1e4a7ff0aeb2afab	0	0	0	0	0	0	0	0	0	0	0	0	0	0	0	0	75	17	15	0	0	0	0	0	0	0	29	126	43	27	0	0	0	0	0	0	0	49	0	0	17	13	10	13	5
916bb5f72130c28b2e28f7bc5294b5f1	0	0	0	0	0	0	0	0	0	0	0	0	0	0	0	0	183	152	103	0	0	0	0	0	0	0	0	0	0	0	0	0	0	0	0	0	0	0	0	0	0	0	0	0	0
7c8f56390970627bee1297741bab3196	0	0	0	0	0	0	0	0	0	0	0	0	0	0	0	0	119	47	37	12	0	0	0	0	0	0	0	43	17	0	0	0	0	0	0	0	0	0	0	0	45	36	27	24	31
8048242f8085a583e18c9ac671b15b8e	0	0	0	0	0	0	0	0	0	0	0	0	0	0	0	0	75	13	27	7	0	0	0	0	0	0	9	31	9	11	11	0	0	0	0	0	5	14	0	0	80	67	29	31	19
c555ef0c3a8ff1cf0d4d81cfe4c3b3e0	0	0	0	0	0	0	0	0	0	0	0	0	0	0	0	0	15	0	0	3	0	0	0	0	0	0	27	84	43	28	9	0	0	0	0	0	33	155	0	3	8	10	8	3	7
c477935c8dd7d72c7f2ce09dcf6da6a2	0	0	0	0	0	0	0	0	0	0	0	0	0	0	0	0	37	20	21	0	0	0	0	0	0	0	25	113	63	52	0	0	0	0	0	0	23	81	0	0	0	0	0	0	0
394b5d6af579e96869fb1da21f9f15a1	0	0	0	0	0	0	0	0	0	0	0	0	0	0	0	0	0	0	0	0	0	375	57	0	0	0	0	0	0	0	0	0	0	0	0	0	0	0	0	0	0	0	0	0	0
d62d5570c2300041360024a1ce4bfa63	0	0	0	0	0	0	0	0	0	0	0	0	0	0	0	0	22	7	11	0	0	0	0	0	0	0	8	78	18	16	0	0	0	0	0	0	45	202	0	0	6	8	0	3	6
90f7c3917043f68ebe22269d2de14894	0	0	0	0	0	0	0	0	0	0	0	0	0	0	0	0	0	0	0	0	0	0	0	292	0	78	0	29	0	0	0	0	0	0	0	0	0	31	0	0	0	0	0	0	0
ebdf74e175fb6dcd8cff96186c04087f	0	0	0	0	0	0	0	0	0	2	0	0	0	0	0	0	106	52	0	0	0	0	0	0	0	0	31	57	0	0	0	0	0	0	0	0	28	121	0	0	0	0	27	0	0
e2c3b7c3848df6259d8605378490563d	0	0	0	0	0	0	0	0	0	5	0	0	0	0	0	0	125	24	26	4	0	0	0	0	0	0	14	69	39	15	0	0	0	0	0	0	0	50	0	0	12	13	11	8	7
e54e1925fcd65c1b633c59fb0d86c9b1	0	0	0	0	0	0	0	0	0	0	0	0	0	0	0	0	40	10	10	9	0	0	0	0	0	0	21	61	25	22	4	0	0	0	0	0	31	137	0	0	11	10	5	9	10
46f9b8cb508646ac1ebd1190622d963c	0	0	0	0	0	0	0	413	0	0	0	0	0	0	0	0	0	0	0	0	0	0	0	0	0	0	0	0	0	0	0	0	0	0	0	0	0	0	0	0	0	0	0	0	0
34647115e857008a13d4d005e2c31c2e	0	0	0	0	0	0	0	407	0	0	0	0	0	0	0	0	0	0	0	0	0	0	0	0	0	0	0	0	0	0	0	0	0	0	0	0	0	0	0	0	0	0	0	0	0
e14870171b48611053fec07ca1932139	0	0	0	0	0	0	0	0	0	0	0	0	0	0	0	0	38	10	13	0	0	0	0	0	0	0	30	89	57	18	0	0	0	0	0	0	20	87	0	2	9	7	8	11	7
c34e61293009810134d7c527ef662188	0	0	44	0	0	100	0	0	0	0	0	0	0	0	0	0	0	0	0	0	0	0	0	0	0	0	0	0	0	0	0	0	0	0	0	0	0	0	0	0	0	66	92	0	103
8984e503b7fbdfa27ceef4e7259870cd	0	0	0	0	0	0	0	0	0	0	0	0	0	0	0	0	75	44	40	0	0	0	0	0	0	0	0	51	16	11	0	0	0	0	0	0	29	71	0	0	14	24	7	0	21
ce2b8941a37693c514452f3cb7fc3b2e	12	0	0	23	0	0	32	0	0	0	0	0	0	147	153	34	0	0	0	0	0	0	0	0	0	0	0	0	0	0	0	0	0	0	0	0	0	0	0	0	0	0	0	0	0
cdad41ecc01df00401829cc2026853b2	0	0	0	0	0	0	0	0	0	0	0	0	0	0	0	0	266	61	72	0	0	0	0	0	0	0	0	0	0	0	0	0	0	0	0	0	0	0	0	0	0	0	0	0	0
f063010b8c2b9dd70dce09fe5e4da3d5	0	0	0	0	0	0	0	0	0	0	0	0	0	0	0	0	86	15	17	0	0	2	0	0	0	0	19	72	19	22	0	0	0	0	0	0	26	61	0	0	18	7	10	15	8
94aebb9bbcc1e8d8c3d4f972cc6bc83a	0	0	0	0	0	0	0	0	0	0	0	0	0	0	0	0	0	0	0	8	0	0	0	0	0	0	49	128	25	29	0	0	0	0	0	0	20	42	0	0	13	14	20	33	15
3c5bd397ad5c3817595fbf3c87b648ad	0	0	29	0	18	38	0	106	0	0	0	0	0	8	0	0	0	9	0	0	0	0	0	0	0	0	24	42	18	0	0	14	0	0	0	0	0	14	0	0	0	15	22	16	22
522cc9c1bdde7547b1e391f399e8f9dc	0	0	0	0	0	0	0	0	0	0	0	0	0	0	0	0	134	30	20	0	0	0	0	0	0	0	0	25	7	12	0	0	0	0	0	0	15	88	0	0	21	14	0	9	18
27b8873f3d10ec4517fc1fa0a94f457d	0	0	0	0	0	0	0	0	0	0	0	0	0	0	0	0	22	12	7	3	0	0	0	0	0	0	35	82	37	22	0	0	0	0	0	0	23	130	0	0	3	3	6	6	2
46e63cea8216e3e459e9e68db8a284dc	0	0	0	0	0	0	0	0	0	0	0	0	0	0	0	0	132	24	31	7	0	0	0	0	0	0	0	12	5	8	0	0	0	0	0	0	17	78	0	0	17	30	4	16	11
9a8f64d4d624aa6cc5394dc0e1603f00	0	0	0	0	0	0	0	0	0	0	0	0	0	0	0	0	71	0	0	0	0	0	0	0	0	0	25	151	54	34	0	0	0	0	0	0	10	46	0	0	0	0	0	0	0
218e57e215a854fb3a5b6b3c1aa876b2	0	0	0	0	0	0	0	0	0	0	0	0	0	0	0	0	70	30	25	0	0	30	12	183	0	0	12	10	10	8	0	0	0	0	0	0	0	0	0	0	0	0	0	0	0
a13e2782522bfeb88fea4aee4d3a9ebb	0	0	0	0	0	0	0	386	0	0	0	0	0	0	0	0	0	0	0	0	0	0	0	0	0	0	0	0	0	0	0	0	0	0	0	0	0	0	0	0	0	0	0	0	0
c8651e803ea5485d9dd5d8c26e6299b9	0	0	0	0	0	0	0	0	0	0	0	0	0	0	0	0	0	0	0	0	0	0	0	0	0	0	0	249	0	0	0	0	0	0	0	0	0	131	0	0	0	0	0	0	0
abcc60bec045f6c79306e55482a28be7	0	0	0	0	0	0	0	0	0	0	0	0	0	0	0	0	160	50	49	0	0	0	0	0	0	0	0	43	0	0	0	0	0	0	0	0	0	77	0	0	0	0	0	0	0
0349cdc7aef96737fd521a9cd7d998e1	0	0	0	0	0	0	0	0	0	0	0	0	0	0	0	0	0	0	0	0	0	0	0	0	0	0	60	167	35	0	0	0	0	0	0	0	0	42	0	0	30	0	12	14	17
eb64ad6b088d34a0c2bbdf4ba8d904ee	0	0	0	0	0	0	0	0	0	0	0	0	0	0	0	0	79	26	16	9	0	0	0	0	0	0	12	39	7	7	0	0	0	0	0	0	17	71	0	2	19	24	16	19	10
bc7f60f4e386b247a88f39636b64c595	0	0	0	0	0	0	0	0	0	0	0	0	0	0	0	0	186	98	87	0	0	0	0	0	0	0	0	0	0	0	0	0	0	0	0	0	0	0	0	0	0	0	0	0	0
a7741d182378b4e8e9b6bf379674aaad	0	0	0	0	0	0	0	0	0	4	0	0	0	0	0	0	99	27	22	2	0	0	0	0	0	0	13	56	23	19	0	0	0	0	0	0	6	48	0	0	11	10	12	11	4
5cc8d86ec684242262996fd213bc6e79	0	0	0	0	0	0	0	0	0	0	0	0	0	0	0	0	149	41	43	3	0	0	0	0	0	0	0	9	7	8	0	0	0	0	0	0	4	54	0	0	19	0	9	15	6
ed3cf4dc5f75c856ddd5aae979e6081e	0	0	0	0	0	0	0	0	0	3	0	0	0	0	0	0	117	25	25	0	0	0	0	0	0	0	0	13	9	12	0	0	0	0	0	0	10	66	0	0	16	20	15	17	17
421bb38071dda039f0e4ae4f1360c6d5	0	0	0	0	0	0	0	0	0	0	41	0	57	0	0	0	0	0	0	0	0	0	0	0	100	164	0	0	0	0	0	0	0	0	0	0	0	0	0	0	0	0	0	0	0
9e187fe27ac0dba1e82e991cac9e06f5	0	0	0	0	0	0	0	0	0	0	0	0	0	0	0	0	162	70	28	0	0	0	0	0	0	0	0	6	4	4	0	0	0	0	0	0	4	14	0	0	14	9	16	11	20
0dfa360a284f99443efdb990c6282995	0	0	0	0	0	0	0	0	0	0	0	0	0	0	0	0	128	26	20	5	0	0	0	0	0	0	0	5	5	7	0	0	0	0	0	0	11	77	0	0	20	20	15	16	7
97801f24af3aae77f98865f370e4c1ae	0	0	0	0	0	0	0	0	0	0	0	0	0	0	0	0	61	82	15	48	0	0	0	0	0	0	9	16	3	1	0	0	0	0	0	0	15	49	0	0	7	23	9	14	9
0ac3b5aff083ec5a5a88020586e06e1c	0	0	0	0	0	0	0	0	0	0	0	0	0	0	0	0	126	53	27	0	0	0	0	0	0	0	7	19	10	5	0	0	0	0	0	0	12	55	0	0	11	10	10	4	9
5a06dd65319ceef8912e64650f68311c	24	24	28	47	51	46	70	48	0	0	0	13	5	0	0	0	0	0	0	0	0	0	0	0	0	0	0	0	0	0	0	0	0	0	0	0	0	0	0	0	0	0	0	0	0
646902a11777df979a5a77b51503d5fd	0	0	0	0	0	0	0	0	0	0	0	0	0	0	0	0	77	30	18	0	0	0	0	0	0	0	5	33	5	25	0	0	0	0	0	0	19	114	0	0	4	8	4	7	5
e201b65572147b44dd72e8fff80495fe	0	0	0	0	0	0	0	0	0	0	0	0	0	0	0	0	63	17	0	0	0	0	0	0	0	0	3	16	2	12	0	0	0	0	0	0	32	144	0	0	19	16	5	13	12
d09e46fa03f0bb4e2f6c7b54bc5d4e4e	0	0	0	0	0	0	0	0	0	0	0	0	0	0	0	0	140	73	68	0	0	0	0	0	0	0	18	53	0	0	0	0	0	0	0	0	0	0	0	0	0	0	0	0	0
7630783f6c6b3de82be99a5bb46d5c14	0	0	0	0	0	0	0	0	0	0	0	0	0	0	0	0	0	0	0	3	0	0	0	0	0	0	35	72	22	27	0	0	0	0	0	0	27	147	0	0	3	4	0	10	2
8c08f0762062dbc86f7e5573b2c7947b	0	0	0	0	0	0	0	0	0	0	0	0	0	0	0	0	11	0	0	0	0	0	0	0	0	0	15	44	17	14	17	0	0	0	0	0	11	151	0	7	12	16	18	10	8
cf0fc6daa6efec3d54b3bc8095bf7af4	0	0	0	0	0	0	0	0	0	0	0	0	0	0	2	0	103	59	40	0	0	0	0	0	0	0	0	0	0	0	2	0	0	0	0	0	24	35	0	0	23	16	12	12	21
6e63194e3fda0f9306fd717b537c9ed6	0	0	0	0	0	0	0	0	0	0	0	0	0	217	131	0	0	0	0	0	0	0	0	0	0	0	0	0	0	0	0	0	0	0	0	0	0	0	0	0	0	0	0	0	0
f3ce8a62f16f8156001f8f6a5e9f3203	0	0	0	0	0	0	0	0	0	0	0	0	0	0	0	0	0	0	0	0	0	0	0	0	0	0	0	262	45	0	0	0	0	0	0	0	0	40	0	0	0	0	0	0	0
295f636b589b4c067246ff2884e1bf93	0	0	0	0	0	0	0	0	0	0	0	0	0	0	0	0	53	0	30	0	0	0	0	0	0	0	0	0	0	0	263	0	0	0	0	0	0	0	0	0	0	0	0	0	0
f121d62c26e4a8bae351de042626fd9e	0	0	0	0	0	0	0	0	0	0	0	0	0	0	0	0	0	0	0	0	0	0	0	0	0	0	23	76	55	62	0	0	0	0	0	0	22	107	0	0	0	0	0	0	0
50204c8b6b554256ea0a1dfeac6ddd33	26	0	0	0	0	0	52	0	0	0	0	0	0	91	110	65	0	0	0	0	0	0	0	0	0	0	0	0	0	0	0	0	0	0	0	0	0	0	0	0	0	0	0	0	0
e847c97bd0b9dbb0d3823873897228c4	60	0	0	71	0	0	101	0	0	0	0	0	0	43	66	0	0	0	0	0	0	0	0	0	0	0	0	0	0	0	0	0	0	0	0	0	0	0	0	0	0	0	0	0	0
98db6e0852ffbdadaa7854cbcb6c6b30	0	0	0	0	0	0	0	0	0	4	0	0	0	0	0	0	92	35	17	0	0	0	0	0	0	0	17	52	20	12	0	0	0	0	0	0	2	0	0	0	15	23	10	21	20
897048b3f8c8b73835ed9ab5f6dad1e8	0	0	0	0	0	0	0	0	0	0	0	0	0	0	0	0	0	0	0	0	0	0	0	0	0	0	10	70	30	23	0	0	0	0	0	0	26	161	0	7	0	0	11	0	0
4192db6f25dc11ea64b5d55f60d454cf	0	0	0	0	0	0	0	0	0	0	0	0	0	0	0	0	74	32	7	9	0	0	0	0	0	0	9	29	16	0	0	0	0	0	0	0	14	65	0	0	7	32	19	17	7
deb987c54587b97ec71348273178f107	0	0	0	0	0	0	0	0	0	0	0	0	0	0	0	0	0	0	0	0	0	0	0	0	0	0	0	0	0	0	0	0	0	0	0	0	0	0	0	336	0	0	0	0	0
8b28aa831ba224bb6f8e6cd4b24e9c6c	13	0	0	13	0	0	17	0	0	0	0	0	0	119	121	52	0	0	0	0	0	0	0	0	0	0	0	0	0	0	0	0	0	0	0	0	0	0	0	0	0	0	0	0	0
cfe67e254747da8253e8fcf67024d98a	8	0	0	10	0	0	20	0	0	0	0	0	0	152	127	17	0	0	0	0	0	0	0	0	0	0	0	0	0	0	0	0	0	0	0	0	0	0	0	0	0	0	0	0	0
dd8eb0fca0610fa7eb54fcf22703ca82	0	0	0	0	0	0	0	0	0	0	0	0	0	0	0	0	0	0	0	0	0	63	271	0	0	0	0	0	0	0	0	0	0	0	0	0	0	0	0	0	0	0	0	0	0
83af93dd416a4ed43fc3a211891b9e7c	0	0	0	0	0	0	0	0	0	0	0	0	0	0	0	0	0	11	0	0	0	0	0	0	0	0	21	77	0	40	0	0	0	0	7	0	26	151	0	0	0	0	0	0	0
97b7a2db65a78e9f611a674915f92c72	0	0	0	0	0	142	0	187	0	0	0	0	0	0	0	0	0	0	0	0	0	0	0	0	0	0	0	0	0	0	0	0	0	0	0	0	0	0	0	0	0	0	0	0	0
05bb33596e8217708815fdea009b105c	0	0	0	0	0	0	0	0	0	0	0	0	0	0	0	0	123	30	33	6	0	0	0	0	0	0	0	13	8	5	0	0	0	0	0	0	7	28	0	0	19	11	14	15	14
6a0c4a562e8c94790ce00c809a62b5f9	0	0	0	0	0	0	0	0	0	0	0	0	0	0	0	0	83	48	24	4	0	0	0	0	0	0	7	24	9	9	0	0	0	0	0	0	11	47	0	0	5	16	9	14	16
1f4b0e24712ce7421fdb5cecf65ca97b	0	0	0	0	0	0	0	0	0	0	0	0	0	0	0	0	41	36	16	8	0	0	0	0	0	0	13	29	15	11	0	0	0	0	0	0	11	57	0	0	14	27	22	9	17
5ea1230bbf134bda07c07c5964000c32	0	0	0	0	0	0	0	0	0	0	0	0	0	0	0	0	194	44	42	0	0	0	0	0	0	0	0	0	0	0	0	0	0	0	0	0	0	43	0	0	0	0	0	0	0
3d619b03f74d80ea74c42cac1ada48be	0	0	0	0	0	0	0	0	0	0	0	0	0	0	0	0	126	32	33	0	0	0	0	0	0	0	7	12	0	10	0	0	0	0	0	0	9	28	0	0	6	18	14	11	17
8410603602528fdd750e8cdde114005b	0	0	0	0	0	0	0	0	0	0	0	0	0	0	0	0	140	36	28	0	0	0	0	0	0	0	0	17	8	8	0	0	0	0	0	0	0	4	0	0	17	17	18	13	16
fca262a914005848c061408911824557	0	0	0	0	0	0	0	0	0	0	0	0	0	0	0	0	88	19	18	9	0	0	0	0	0	0	4	14	5	3	0	0	0	0	0	0	9	82	0	2	12	14	10	13	20
86d4924a2a61722e6de5eff1dd2e74db	0	0	0	0	0	0	0	321	0	0	0	0	0	0	0	0	0	0	0	0	0	0	0	0	0	0	0	0	0	0	0	0	0	0	0	0	0	0	0	0	0	0	0	0	0
cd502654bbc4f53e99fcdcebecb93bad	0	0	0	0	0	0	0	0	0	0	0	0	0	0	0	0	69	31	41	0	0	0	0	0	0	0	11	48	15	12	0	0	0	0	0	0	19	44	0	0	0	13	6	12	0
641ccf997b39d586f66757d5bd0ba9a7	0	0	0	0	0	0	0	0	0	0	0	0	0	0	0	0	19	12	0	0	0	0	0	0	0	0	31	70	26	23	0	0	0	0	0	0	23	104	0	0	4	0	4	0	5
1cd4eed640d40d2fa11db21578376f71	0	0	0	0	0	0	0	0	0	1	0	0	0	0	0	0	100	27	42	0	0	0	0	0	0	0	0	37	0	10	0	0	0	0	0	0	3	19	0	0	7	17	19	24	14
3c694c5fe031324476dfe22cb79356a0	0	0	0	0	0	0	0	0	0	0	0	0	0	0	0	0	97	50	57	0	0	17	0	0	0	50	17	25	0	0	0	0	0	0	0	0	4	0	0	0	0	0	0	0	0
17ac748fde40b636603fa427f839e24d	0	0	0	0	0	0	0	316	0	0	0	0	0	0	0	0	0	0	0	0	0	0	0	0	0	0	0	0	0	0	0	0	0	0	0	0	0	0	0	0	0	0	0	0	0
d8586f069f8090e6a750ac3be35783c5	0	0	0	0	0	0	0	0	0	0	0	0	0	0	0	0	109	36	33	0	0	2	0	0	0	0	12	67	19	0	0	0	0	0	0	0	0	0	0	0	5	8	9	9	6
3fae445e19ee90ad248d81d35f3fe15d	0	40	37	40	42	45	49	43	0	0	18	0	0	0	0	0	0	0	0	0	0	0	0	0	0	0	0	0	0	0	0	0	0	0	0	0	0	0	0	0	0	0	0	0	0
a8c5ed69d1b8a43279bfec6324a51f91	0	0	0	0	0	0	0	0	314	0	0	0	0	0	0	0	0	0	0	0	0	0	0	0	0	0	0	0	0	0	0	0	0	0	0	0	0	0	0	0	0	0	0	0	0
c7f9a0db460a9627a6d10ddbb52040bd	0	0	0	0	0	0	0	0	0	0	0	0	0	0	0	0	51	18	11	5	0	0	0	0	0	0	8	52	7	14	0	0	0	0	0	0	14	87	0	0	8	19	6	7	7
af447f70d100d4e765634e0214f4d764	0	0	0	0	0	0	0	0	0	0	0	0	0	0	0	0	40	23	10	10	0	0	0	0	0	0	18	28	9	16	2	0	0	0	0	0	22	77	0	0	9	19	14	12	5
d12541710e5f864778580bf422c99688	0	0	0	0	0	0	0	0	0	0	0	0	0	0	0	0	0	0	0	0	0	0	0	0	0	0	0	314	0	0	0	0	0	0	0	0	0	0	0	0	0	0	0	0	0
2c3e50ad95f2d31065c14dea335b85c6	0	0	0	0	0	0	0	0	0	2	0	0	0	0	0	0	58	18	23	0	0	0	0	0	110	0	5	15	9	6	0	0	0	0	0	0	7	33	0	0	10	8	0	5	4
454b124400581b7edbd490f0498dab22	0	0	0	0	0	0	0	0	0	0	0	0	0	0	0	0	112	33	37	0	0	0	0	0	0	0	0	0	0	0	0	0	0	0	0	0	0	34	0	0	25	15	17	20	20
e546637ddf2551cf2b7dce1fd013df07	0	0	0	0	0	0	0	0	0	0	0	0	0	0	0	0	76	21	22	12	0	0	0	0	0	0	0	26	0	0	0	0	0	0	0	0	19	76	0	0	13	21	0	17	10
b4ab0c1dfe77f8992b2448e2bb33dd39	0	0	0	0	0	0	0	0	0	0	0	0	0	0	0	0	0	0	0	0	0	0	0	0	0	0	0	0	0	0	0	0	0	0	0	0	0	0	0	312	0	0	0	0	0
81399045f0aabed748339f61f5587b7d	0	0	0	0	0	0	0	311	0	0	0	0	0	0	0	0	0	0	0	0	0	0	0	0	0	0	0	0	0	0	0	0	0	0	0	0	0	0	0	0	0	0	0	0	0
76c95c86a3005230464921dc19e76ac7	0	0	0	0	0	0	0	0	0	0	0	0	0	0	0	0	112	106	93	0	0	0	0	0	0	0	0	0	0	0	0	0	0	0	0	0	0	0	0	0	0	0	0	0	0
f021846c8abf8f5f1eba6ef5e777af1b	0	0	0	0	0	0	0	0	0	0	0	0	0	0	0	0	134	55	45	0	0	0	0	0	0	0	13	34	5	9	0	0	0	0	0	0	0	14	0	0	0	0	0	0	0
5cdc51e4be1dc1fdf04c08e0a987db2e	0	0	0	0	0	0	0	0	0	0	0	0	0	0	0	0	50	14	23	0	0	0	0	0	0	0	90	89	28	14	0	0	0	0	0	0	0	0	0	0	0	0	0	0	0
5b3fc75147146cbd170758641e61accb	4	0	0	5	0	0	21	0	0	0	0	0	0	136	122	19	0	0	0	0	0	0	0	0	0	0	0	0	0	0	0	0	0	0	0	0	0	0	0	0	0	0	0	0	0
98c46d0977098776b7cdeffe76cd98c7	0	0	0	0	0	0	0	306	0	0	0	0	0	0	0	0	0	0	0	0	0	0	0	0	0	0	0	0	0	0	0	0	0	0	0	0	0	0	0	0	0	0	0	0	0
53be8f8d12d54c93a657888eb5ba5677	0	0	0	0	0	0	0	0	0	0	0	0	0	0	0	0	0	0	0	0	0	0	0	0	306	0	0	0	0	0	0	0	0	0	0	0	0	0	0	0	0	0	0	0	0
88861e8c5604fdd2ff346e5d61208c42	0	0	0	0	0	0	0	0	0	0	0	0	0	0	0	0	29	0	0	0	0	0	0	0	0	0	16	67	25	26	0	0	0	0	0	0	25	116	0	0	0	0	0	0	0
9efeb2417835a3ff62d8a66b82d0d283	0	0	0	0	0	0	0	0	0	0	0	0	0	0	0	0	101	19	31	0	0	0	0	0	0	0	0	14	0	4	0	0	0	0	0	0	14	46	0	0	21	12	10	20	11
81f3848799999ab7d5664cf9e43930b3	0	0	0	0	0	0	0	0	0	0	0	0	0	0	4	0	135	64	97	0	0	0	0	0	0	0	0	0	0	0	0	0	0	0	0	0	0	0	0	0	0	0	0	0	0
a8572b53eb6a288907bf36f4cadbb384	0	0	0	0	0	0	0	0	0	0	0	0	0	0	0	0	0	0	0	0	0	0	0	0	0	0	28	73	26	23	0	0	0	0	0	0	18	127	0	4	0	0	0	0	0
d2e9b6f433acbdc4380fbc41a60d20ec	0	0	0	0	0	0	0	0	0	0	0	0	0	0	3	0	92	25	16	0	0	0	0	0	0	0	0	28	6	12	0	0	0	0	0	0	8	36	0	2	21	17	6	17	9
8cb2c1e071be4b945be303b76cede2f5	0	0	0	0	0	0	0	0	5	0	0	0	0	0	0	0	69	25	45	0	0	0	0	0	0	0	8	56	0	0	0	0	0	0	0	0	0	21	0	0	14	17	18	10	8
bae2e6e5e30514421f6b9f27290124fc	0	0	0	0	0	0	0	0	0	0	0	0	0	0	0	0	9	0	0	0	0	0	0	0	0	0	13	103	22	33	0	0	0	0	0	0	10	51	0	2	20	11	8	7	7
48b14c5473d451433a875ca82c7c263a	0	0	0	0	0	0	0	0	0	0	0	0	0	0	0	0	89	17	22	4	0	0	0	0	0	0	2	21	8	0	0	0	0	0	0	0	11	64	0	3	10	11	8	12	12
f240fc4c5f3ab8c077f1881cec1cc9ae	0	0	0	0	0	0	0	0	0	0	0	0	0	0	0	0	105	33	27	0	0	0	0	0	0	0	0	15	0	0	0	0	0	0	0	0	16	69	0	0	15	13	0	0	0
d4e740bc5c2587cbbb188e8e30026611	0	0	0	0	0	0	0	0	0	0	51	0	0	0	0	0	0	0	0	0	0	0	0	0	239	0	0	0	0	0	0	0	0	0	0	0	0	0	0	0	0	0	0	0	0
af584dc933d4fc773f8b9479774597bd	0	0	0	0	0	0	0	287	0	0	0	0	0	0	0	0	0	0	0	0	0	0	0	0	0	0	0	0	0	0	0	0	0	0	0	0	0	0	0	0	0	0	0	0	0
0d4e9c34460de355d03a3f534bf3ee00	0	0	0	0	0	0	0	0	0	0	0	0	0	0	0	0	34	18	0	0	0	0	0	0	0	0	22	71	27	33	0	0	0	0	0	0	20	39	0	0	11	7	0	5	0
0575e89da176a68a3feafdb626f8c999	0	0	0	0	0	0	0	286	0	0	0	0	0	0	0	0	0	0	0	0	0	0	0	0	0	0	0	0	0	0	0	0	0	0	0	0	0	0	0	0	0	0	0	0	0
7de4d60c03d735d105d98255e22b8fc4	0	0	0	0	0	0	0	0	0	0	0	0	0	0	0	0	54	11	14	0	0	0	0	0	0	0	24	131	34	13	0	0	0	0	0	0	0	0	0	0	0	0	0	2	3
e7087e52fd0f9820bd14f3d391b64c55	0	0	0	0	0	0	0	285	0	0	0	0	0	0	0	0	0	0	0	0	0	0	0	0	0	0	0	0	0	0	0	0	0	0	0	0	0	0	0	0	0	0	0	0	0
162da7aef04139ca8e5bcb8a7bf5a164	0	0	0	0	0	0	0	0	0	0	0	0	0	0	0	0	97	34	0	0	0	0	4	0	0	0	37	93	20	0	0	0	0	0	0	0	0	0	0	0	0	0	0	0	0
fdb535d9b0d0a2110929dc7c868d3995	0	6	0	0	0	0	0	277	0	0	0	0	0	0	0	0	0	0	0	0	0	0	0	0	0	0	0	0	0	0	0	0	0	0	0	0	0	0	0	0	0	0	0	0	0
c0d56212fb0ca211b882eaec9d16aa09	0	0	0	0	0	0	0	0	0	0	0	0	0	0	0	0	101	19	22	0	0	0	0	0	0	0	10	61	17	18	0	0	4	0	0	0	0	31	0	0	0	0	0	0	0
1364fba0cd61635b16feb2d2f2757bb0	0	0	0	0	0	0	0	0	0	0	0	0	0	0	0	0	17	4	0	0	0	0	0	0	0	0	11	106	19	12	0	0	0	0	0	0	0	9	0	0	23	30	16	26	9
ca65437e6163b04f99baf2731c1f0a0a	0	0	0	0	0	0	0	0	0	0	0	0	0	0	0	0	114	63	81	0	0	0	0	0	0	0	4	6	0	0	0	0	0	0	0	4	3	5	0	0	0	0	0	0	0
5fcb14ef301f39804761d79b05027d04	0	0	0	0	0	0	0	0	0	0	0	0	0	0	0	0	28	6	4	2	0	0	0	0	0	0	20	66	47	18	0	0	0	0	0	0	7	58	0	0	7	6	4	6	0
3c60e84d12b1760ef72c42ae779720f4	0	0	0	0	0	0	0	0	0	0	0	0	0	0	0	0	13	15	6	13	0	0	0	0	0	0	22	30	13	8	0	0	0	0	0	0	11	88	0	0	8	16	13	11	12
581733a8078fdc41335300514376199f	0	0	0	0	0	0	0	0	0	0	0	0	0	0	0	0	62	29	28	0	0	0	0	0	0	0	0	0	29	0	0	0	0	0	0	0	15	45	0	0	26	0	16	16	10
684433f1b511ba86c277251510fce2d7	0	0	0	0	0	0	0	0	275	0	0	0	0	0	0	0	0	0	0	0	0	0	0	0	0	0	0	0	0	0	0	0	0	0	0	0	0	0	0	0	0	0	0	0	0
5371c4489a26c9d5293cfab30e007222	0	0	0	0	0	0	0	0	0	0	0	0	0	0	0	0	224	51	0	0	0	0	0	0	0	0	0	0	0	0	0	0	0	0	0	0	0	0	0	0	0	0	0	0	0
46abfc10cc51a8af01267bbdae6d94ce	0	0	0	0	0	0	0	0	0	0	0	0	0	0	0	0	66	25	20	0	0	0	0	0	0	0	16	27	9	10	0	0	0	0	0	0	9	57	0	0	0	11	10	10	5
5bf6cf7669b677cad6ebfbc987ee8133	0	0	0	0	0	0	0	0	274	0	0	0	0	0	0	0	0	0	0	0	0	0	0	0	0	0	0	0	0	0	0	0	0	0	0	0	0	0	0	0	0	0	0	0	0
340947787d91efb5f4cc9581648f608c	0	0	0	0	0	0	0	0	0	0	0	0	0	0	0	0	0	0	0	3	0	0	0	0	0	0	14	102	29	24	0	0	0	0	0	0	19	83	0	0	0	0	0	0	0
45a4921aecc1b2f762be584976e21ebf	0	0	0	0	0	0	0	0	0	0	0	0	0	0	0	0	23	0	0	0	0	0	0	0	0	0	26	54	30	17	0	0	0	0	0	0	18	56	0	0	17	8	7	4	12
34c7e12e1d51dc0642753816e4b4d10f	0	0	0	0	0	0	0	0	0	0	0	0	0	0	0	0	0	0	0	0	0	61	211	0	0	0	0	0	0	0	0	0	0	0	0	0	0	0	0	0	0	0	0	0	0
c0a58ad16b051fcc0f32c51781322025	0	7	0	0	0	0	0	242	0	0	0	0	0	0	0	0	0	0	0	0	0	0	0	0	0	0	0	22	0	0	0	0	0	0	0	0	0	0	0	0	0	0	0	0	0
5497318e515a8c328a68f95975d9c7d4	0	0	0	0	0	0	0	0	0	0	0	0	0	0	0	0	0	0	0	0	0	0	0	0	171	100	0	0	0	0	0	0	0	0	0	0	0	0	0	0	0	0	0	0	0
9d796f97a04d380d5152c4c9d7e456a1	0	0	0	0	0	0	0	0	0	0	0	0	0	0	0	0	149	80	40	0	0	0	0	0	0	0	0	0	0	0	0	0	0	0	0	0	0	0	0	0	0	0	0	0	0
2818674b77823c3ea3255b1e6f34d48a	0	0	0	0	0	0	0	0	0	0	0	0	0	0	0	0	163	50	54	0	0	0	0	0	0	0	0	0	0	0	0	0	0	0	0	0	0	0	0	0	0	0	0	0	0
6301f19fdda65daba61b1c50961e3d68	0	0	0	0	0	0	0	0	0	0	0	0	0	0	0	0	10	0	0	7	0	0	0	0	0	0	13	64	18	18	0	0	0	0	0	0	14	81	0	4	0	16	7	0	13
42fdc8425c9c2967c6198cde34c88dd1	0	0	0	0	0	0	0	0	0	0	0	0	0	0	0	0	0	0	0	0	0	0	0	0	0	0	6	13	4	0	76	0	132	0	0	0	0	34	0	0	0	0	0	0	0
90e8b695b141a5d8890cc17940fcea7e	0	0	0	0	0	0	0	0	0	2	0	0	0	0	0	0	107	27	14	0	0	0	0	0	0	0	0	3	3	4	0	0	0	0	0	0	8	50	0	0	10	13	0	14	9
7888afe24f90a8b2eadfd17da6496fea	0	0	0	0	0	0	0	0	0	0	0	0	0	0	0	0	44	13	14	0	0	0	0	0	0	0	21	58	23	27	0	0	0	0	0	0	10	45	0	3	0	4	0	0	2
ba1e6a7cd4207c483fc33846f9e33f41	0	0	0	0	0	0	0	0	0	0	0	0	0	0	0	0	0	0	0	0	262	0	0	0	0	0	0	0	0	0	0	0	0	0	0	0	0	0	0	0	0	0	0	0	0
73460909d27e2bf43dc0d37e9478ba7d	55	0	0	63	0	0	91	0	0	0	0	0	0	52	0	0	0	0	0	0	0	0	0	0	0	0	0	0	0	0	0	0	0	0	0	0	0	0	0	0	0	0	0	0	0
cea321b57bcdf3cfb24da40520d480a0	0	0	0	0	0	0	0	0	0	0	0	0	0	0	0	0	187	31	43	0	0	0	0	0	0	0	0	0	0	0	0	0	0	0	0	0	0	0	0	0	0	0	0	0	0
e56d92fc8fb077b2e052562093887fa7	0	0	0	0	0	0	0	0	0	0	0	0	0	0	0	0	91	42	32	8	47	0	0	0	0	0	12	16	5	8	0	0	0	0	0	0	0	0	0	0	0	0	0	0	0
c81ba660e8c57fc436bd9ff68819afa5	0	0	0	0	0	0	0	0	0	0	0	0	0	0	0	0	35	6	13	0	0	0	0	0	0	0	6	40	7	12	0	0	0	0	0	0	24	105	0	0	4	3	0	0	5
baf327ad1c5b73be46fafbc955672d29	0	0	0	0	0	0	0	0	0	0	0	0	0	0	0	0	8	0	0	4	0	0	0	0	0	0	21	70	21	18	0	0	0	0	0	0	9	70	0	0	7	14	4	10	4
29e134ead6e36ab21bb2a06e899446bb	0	0	0	0	0	0	0	0	0	0	0	0	0	0	0	0	71	22	17	0	0	0	0	0	0	0	0	17	8	8	0	0	0	0	0	0	15	49	0	0	13	12	11	7	9
e94b0db32031d8171f6bc77f0f97cd70	0	0	0	0	0	0	0	0	0	0	0	0	0	0	0	0	137	41	59	0	0	0	0	0	0	0	0	13	7	0	0	0	0	0	0	0	0	0	0	0	0	0	0	0	0
153f2218666bf10e6874b06fe641110e	0	0	0	0	0	0	0	0	0	0	0	0	0	0	0	0	34	6	9	0	0	0	0	0	0	0	22	78	18	8	0	0	0	0	0	0	4	23	0	0	23	10	5	7	10
000d9c32b5021d46c8abc82eaf17df0a	0	0	0	0	0	0	0	0	0	0	0	0	0	0	0	0	11	4	7	0	0	0	0	0	0	0	28	72	16	18	0	0	0	0	0	0	12	64	0	4	9	6	0	3	3
1c23ac205f0f18ad1dded5f93cd5edce	0	0	0	0	0	0	0	0	0	0	0	0	256	0	0	0	0	0	0	0	0	0	0	0	0	0	0	0	0	0	0	0	0	0	0	0	0	0	0	0	0	0	0	0	0
20c84b45f8c003beda1f5a496f1c7f14	0	0	0	0	0	0	0	56	10	0	0	0	0	0	0	0	1	32	4	0	0	0	0	0	0	0	0	0	0	0	24	0	47	0	34	21	1	25	0	0	0	0	0	0	0
c36d3e73b6aa61f3b6f35720d9b91a8a	0	0	0	0	0	0	0	0	0	0	0	0	0	0	0	0	0	0	0	0	0	97	158	0	0	0	0	0	0	0	0	0	0	0	0	0	0	0	0	0	0	0	0	0	0
5c2ec1ae63582fffe5c8d811c23d858b	0	0	0	0	0	0	0	0	0	0	0	0	0	167	87	0	0	0	0	0	0	0	0	0	0	0	0	0	0	0	0	0	0	0	0	0	0	0	0	0	0	0	0	0	0
0dcba8c0f40911303f3eae10c8a4b9b6	0	0	0	0	253	0	0	0	0	0	0	0	0	0	0	0	0	0	0	0	0	0	0	0	0	0	0	0	0	0	0	0	0	0	0	0	0	0	0	0	0	0	0	0	0
8b4c3a3a505b1f2175124e590ad545e9	0	0	0	0	0	0	0	0	0	0	0	0	0	0	0	0	0	0	0	0	0	0	0	0	253	0	0	0	0	0	0	0	0	0	0	0	0	0	0	0	0	0	0	0	0
e87800bdf17e432f5d4296db02be259f	0	0	0	0	0	0	0	0	251	0	0	0	0	0	0	0	0	0	0	0	0	0	0	0	0	0	0	0	0	0	0	0	0	0	0	0	0	0	0	0	0	0	0	0	0
eeeac5d2b9cb7d9f11cee3e7ca123d8f	0	0	0	0	0	0	0	0	0	0	0	0	0	0	0	0	76	28	29	4	0	0	0	0	0	0	0	17	4	0	0	0	0	0	0	0	5	35	0	0	17	0	9	17	10
c5e838172981c0d1b1d779b84a9ec6d9	0	0	0	0	0	0	0	0	0	0	0	0	0	0	0	0	18	5	0	0	0	0	0	0	0	0	16	44	22	18	0	0	0	0	0	0	17	95	0	5	4	0	0	7	0
b8449e0d3bcb5b28c6d1bc9290902e51	0	0	249	0	0	0	0	0	0	0	0	0	0	0	0	0	0	0	0	0	0	0	0	0	0	0	0	0	0	0	0	0	0	0	0	0	0	0	0	0	0	0	0	0	0
e9c8067154bd73b12dabdf66eee957eb	0	0	0	0	0	0	0	0	0	0	0	0	0	0	0	0	39	12	6	2	0	0	0	0	0	0	20	59	8	9	0	0	0	0	0	0	10	56	0	0	4	11	7	6	0
b2b110aeff65098a7464cf169f385d81	0	0	0	0	0	0	0	0	0	0	0	0	0	0	0	0	0	0	0	0	0	0	0	0	0	0	23	107	32	37	0	0	0	0	0	0	0	24	0	0	8	0	0	6	11
808d84c433fa2f8a56e62a1c2bee0315	0	0	0	0	0	0	0	0	0	0	0	0	0	0	0	0	104	30	25	0	0	0	0	0	0	0	4	16	0	9	0	0	0	0	0	0	0	25	0	0	17	0	10	6	0
1fec7b3263014c2d3d0dfe2d8d01fb5f	0	0	0	0	0	0	0	0	0	0	0	0	0	0	0	0	24	14	0	3	0	0	0	0	0	0	13	29	11	10	0	0	0	0	0	0	17	65	0	0	13	11	11	12	13
c3c98ef53434e41894c3cb1727823e3c	0	0	0	0	0	0	0	0	0	0	0	0	0	0	0	0	0	0	0	246	0	0	0	0	0	0	0	0	0	0	0	0	0	0	0	0	0	0	0	0	0	0	0	0	0
69bc9db612287d01cde0244334cbab62	0	0	0	0	0	0	0	0	0	0	0	0	0	0	0	0	102	0	0	0	0	0	0	0	0	0	0	31	0	0	0	0	0	0	0	0	0	87	0	0	0	0	0	0	25
d74bdb428421aa67edf15e3ce7a47e67	0	0	0	0	0	0	0	0	0	0	0	0	0	0	0	0	0	0	0	0	0	194	51	0	0	0	0	0	0	0	0	0	0	0	0	0	0	0	0	0	0	0	0	0	0
a43e43f507f6639a78a082caa3833272	0	0	0	0	0	0	0	0	0	0	0	0	0	0	0	0	25	0	0	16	0	0	0	0	0	0	11	45	10	18	0	0	0	0	0	0	12	60	0	3	10	16	7	9	0
f70a8a9ae10b0211ab3ded3eb1bbb8bc	0	0	0	0	25	0	0	213	0	0	0	0	0	0	0	0	0	3	0	0	0	0	0	0	0	0	0	0	0	0	0	0	0	0	0	0	0	0	0	0	0	0	0	0	0
e765fd9d88297780b272cebf88f4a8d8	0	0	0	0	0	0	0	0	0	0	0	0	0	0	0	0	57	12	16	0	0	0	0	0	0	0	5	34	14	8	0	0	0	0	0	0	11	40	0	0	18	9	4	3	10
98eebeb144b638e210194cbb546c0d93	0	0	0	22	0	0	21	0	0	0	0	0	0	107	73	17	0	0	0	0	0	0	0	0	0	0	0	0	0	0	0	0	0	0	0	0	0	0	0	0	0	0	0	0	0
2d9c2491856b26ea9d67575ddd390a5b	0	0	0	0	0	0	0	0	0	1	0	0	0	0	0	0	111	57	71	0	0	0	0	0	0	0	0	0	0	0	0	0	0	0	0	0	0	0	0	0	0	0	0	0	0
ba5711671f7f1e87e102ee2889c445e0	0	0	9	0	0	0	0	0	0	0	0	0	0	0	0	0	0	0	0	0	0	0	0	0	0	0	23	70	22	24	0	0	0	0	41	0	8	37	0	4	0	0	0	0	0
5b07fdc0c581fb0244b32bdfd4fe36e0	0	0	0	0	0	0	0	0	0	0	0	0	0	0	0	0	2	0	14	0	0	0	0	0	0	0	1	25	10	5	138	0	0	0	0	0	0	6	0	0	4	0	14	1	18
d07223294afbc52b47c8c17700cfa8d4	0	0	0	0	0	0	0	0	0	0	0	0	0	0	0	0	0	0	0	0	0	0	0	0	0	0	12	74	21	13	0	0	0	0	0	0	26	85	0	0	2	3	0	0	2
dc0981a76c920f98aaa7391df2952bce	0	0	0	0	0	0	0	0	0	0	0	0	0	0	0	0	0	0	0	0	0	0	0	0	0	0	0	0	0	0	0	0	0	0	0	0	0	0	0	238	0	0	0	0	0
6ddb1758eebb0e94dca5301b69bbc346	0	0	0	0	0	0	0	0	0	0	0	0	0	0	0	0	237	0	0	0	0	0	0	0	0	0	0	0	0	0	0	0	0	0	0	0	0	0	0	0	0	0	0	0	0
47faec8a15e6dcce6e9c350f4cb86df4	0	0	0	0	0	0	0	0	0	0	0	0	0	0	0	0	0	0	0	0	0	0	0	0	0	0	4	19	22	19	0	0	0	0	0	0	31	123	0	2	4	7	0	4	2
f9649bc07fe5ff166dd1f47c1bc7e33f	0	0	0	0	0	91	0	144	0	0	0	0	0	0	0	0	0	0	0	0	0	0	0	0	0	0	0	0	0	0	0	0	0	0	0	0	0	0	0	0	0	0	0	0	0
66c1d0bb6a9bdcd3ff0cbf55c6cec1a3	0	0	0	0	0	0	0	0	0	0	0	0	0	0	0	0	61	8	6	4	0	0	0	0	0	0	9	60	22	7	0	0	0	0	0	0	2	26	0	0	16	3	0	4	7
d5672c39c4e74cfd3e0deafe45c65016	0	0	0	0	0	0	13	0	0	0	0	0	0	101	96	18	0	0	0	0	0	0	0	0	0	0	0	6	0	0	0	0	0	0	0	0	0	0	0	0	0	0	0	0	0
3cc911a93b8bc16c9c3dc95294dfea60	0	0	0	0	0	0	0	0	0	0	61	0	25	0	0	0	2	0	0	0	0	0	0	0	145	0	0	0	0	0	0	0	0	0	0	0	0	0	0	0	0	0	0	0	0
95bd328ef0b524aca007bd902fcee54b	0	0	0	0	0	0	0	0	0	0	0	0	0	0	0	0	0	0	0	0	0	0	0	0	0	0	13	82	31	40	0	0	0	0	0	0	9	57	0	0	0	0	0	0	0
1d9e5430b16ee48e1a0e5df577ae0e9b	0	0	0	0	0	0	0	0	0	0	0	0	0	0	0	0	159	72	0	0	0	0	0	0	0	0	0	0	0	0	0	0	0	0	0	0	0	0	0	0	0	0	0	0	0
92cac0ba6576c9da38eb03969feaadc4	0	0	0	0	0	0	0	0	0	0	0	0	0	0	0	0	0	0	0	0	0	0	0	0	0	0	0	0	0	0	0	0	0	0	0	0	0	231	0	0	0	0	0	0	0
53679a4fed1dd08cc47378f404aac0ee	0	0	0	0	0	0	0	0	0	0	0	0	0	0	0	0	127	46	56	0	0	0	0	0	0	0	0	0	0	0	0	0	0	0	0	0	0	0	0	0	0	0	0	0	0
31ac8e762ac828191f3fa96d9aa3dce8	0	0	0	0	0	0	0	0	0	0	0	0	0	0	0	0	108	26	19	0	0	0	0	0	0	0	0	0	0	0	0	0	0	0	0	0	0	10	0	0	14	12	13	14	13
6e7317c14238561fe5865674e3a3206d	0	0	0	0	0	0	0	0	0	0	0	0	228	0	0	0	0	0	0	0	0	0	0	0	0	0	0	0	0	0	0	0	0	0	0	0	0	0	0	0	0	0	0	0	0
6ced7ce98e2c018e99b2f7b30a57eef4	0	0	0	0	0	0	0	0	0	0	0	0	0	0	0	0	85	0	0	0	0	0	0	0	0	0	0	20	0	16	0	0	0	0	0	0	0	84	0	0	21	0	0	0	0
9fcfa300f0da8d698f2dd3a8f9c4910a	0	0	0	0	0	0	0	0	0	0	0	0	0	0	0	0	17	0	0	0	0	0	0	0	0	0	0	37	13	19	3	0	0	0	0	0	11	80	0	0	14	15	10	3	4
6f641c8bd2206d45152968884f1b3c13	0	0	0	0	0	0	12	0	0	0	0	0	0	89	106	18	0	0	0	0	0	0	0	0	0	0	0	0	0	0	0	0	0	0	0	0	0	0	0	0	0	0	0	0	0
786fc21e623b7d265de8fa98ab1c3d9f	0	0	0	0	0	0	0	0	0	0	0	0	0	0	0	0	75	67	41	0	0	0	0	0	0	0	0	0	0	0	0	0	0	0	0	0	0	14	0	0	0	0	0	27	0
60a4311d764b4610ed91c156002430f8	0	0	0	0	0	0	0	0	0	0	0	0	0	0	0	0	0	0	0	0	0	0	0	0	0	0	24	62	21	0	0	0	0	0	0	0	0	117	0	0	0	0	0	0	0
27eb6bd89d57c9c0febf77e3e110a3e8	0	0	0	0	0	0	0	0	0	0	0	0	0	0	0	0	0	0	0	0	0	0	0	0	0	0	25	95	30	38	0	0	0	0	0	0	0	25	0	0	10	0	0	0	0
e7b0626a53f9bba825afb1c0e8d3f7f7	0	0	0	0	0	0	0	0	0	0	0	0	0	0	0	0	83	20	26	0	0	0	0	0	0	0	0	19	0	0	0	0	0	0	0	0	0	24	0	0	15	9	0	12	14
379b4b1c894eb5f85670a2b2ac4a7bfc	0	0	0	0	0	0	0	0	0	0	0	0	0	0	0	0	63	19	18	0	0	0	0	0	0	0	0	9	0	0	0	0	0	0	0	0	11	42	0	0	12	16	6	10	16
3691ccb5a51e013b221e637bd109a3bd	0	0	0	0	0	0	0	0	0	0	0	0	0	0	0	0	33	24	19	0	0	0	0	0	0	0	9	48	17	21	0	0	0	0	0	0	0	51	0	0	0	0	0	0	0
391e95335c7ca5c63e15a2f82046f97f	0	0	0	0	0	0	0	0	0	0	0	0	0	0	0	0	0	0	0	0	0	0	0	0	0	0	40	111	51	20	0	0	0	0	0	0	0	0	0	0	0	0	0	0	0
7b09155f06b57d297f7f2fe69193ba9d	0	0	108	0	0	82	0	0	0	0	0	0	0	0	0	0	0	0	0	0	0	0	0	0	0	0	13	17	0	0	0	0	0	0	0	0	0	0	0	0	0	0	0	0	0
67061bf2887ea44ff051895481bc7d5c	0	0	0	0	0	0	0	0	0	0	41	0	0	0	0	0	0	0	0	0	0	0	0	0	0	179	0	0	0	0	0	0	0	0	0	0	0	0	0	0	0	0	0	0	0
1aa0fc60f0de571ee2011abe43bc9a56	0	0	0	0	0	0	0	0	0	0	0	0	0	0	0	0	137	82	0	0	0	0	0	0	0	0	0	0	0	0	0	0	0	0	0	0	0	0	0	0	0	0	0	0	0
b77c56f1a1f15eba558e111030fd4066	0	0	0	0	0	0	0	0	0	0	0	0	0	0	0	0	22	16	9	0	0	0	0	0	0	0	53	65	15	17	0	0	0	0	0	0	2	20	0	0	0	0	0	0	0
3e20b7a8461fdefa98a9a5d969c3cf26	0	0	0	0	0	0	0	0	0	0	0	0	0	0	0	0	111	48	59	0	0	0	0	0	0	0	0	0	0	0	0	0	0	0	0	0	0	0	0	0	0	0	0	0	0
1a8ff87b23a8928e0364221daa517c59	0	0	0	0	0	0	0	0	0	0	0	0	0	0	0	0	0	0	0	0	0	0	218	0	0	0	0	0	0	0	0	0	0	0	0	0	0	0	0	0	0	0	0	0	0
9ebdbee0ed16d2614e6e0e3f8e384b84	0	0	0	0	0	0	0	0	0	0	0	0	0	0	0	0	55	24	21	0	0	0	0	0	0	0	0	13	5	0	0	0	0	0	0	0	0	7	0	0	30	17	10	20	15
ee41c26360f0fc909a887f0edd353fa6	0	0	0	0	0	0	0	0	0	0	0	0	0	0	0	0	0	0	0	217	0	0	0	0	0	0	0	0	0	0	0	0	0	0	0	0	0	0	0	0	0	0	0	0	0
42318a46e6c32e4ee67401665499637a	0	0	0	0	0	0	0	0	0	0	0	0	0	0	0	0	0	0	0	0	0	0	0	0	0	0	82	76	32	18	0	0	0	0	0	0	0	8	0	0	0	0	0	0	0
b7ed78ecdd5e2562820c7fba116eaecf	0	0	0	0	0	0	0	0	215	0	0	0	0	0	0	0	0	0	0	0	0	0	0	0	0	0	0	0	0	0	0	0	0	0	0	0	0	0	0	0	0	0	0	0	0
5e8fd1e5b70cef71190fa9e5d22a57ab	0	0	0	0	0	0	0	0	0	0	0	0	0	0	0	0	41	0	0	0	0	9	0	153	0	0	0	9	3	0	0	0	0	0	0	0	0	0	0	0	0	0	0	0	0
44f7801f975f5cf580f0a75329fff6ec	0	0	0	0	0	0	0	213	0	0	0	0	0	0	0	0	0	0	0	0	0	0	0	0	0	0	0	0	0	0	0	0	0	0	0	0	0	0	0	0	0	0	0	0	0
48eda2f9978bf33adf235d539792ba27	0	0	0	0	0	0	0	0	0	0	0	0	0	0	0	0	27	5	0	0	0	0	0	0	0	0	19	70	21	16	0	0	0	0	0	0	4	48	0	0	0	0	3	0	0
922c3e699040b0ca00a091363a0b5b90	0	0	0	0	0	0	0	0	0	0	0	0	0	0	0	0	0	0	0	0	0	0	0	0	0	0	10	77	20	20	0	0	0	0	0	0	3	65	0	0	3	7	0	5	3
424d24566fe617f9630294fab3fa3096	0	0	116	0	0	96	0	0	0	0	0	0	0	0	0	0	0	0	0	0	0	0	0	0	0	0	0	0	0	0	0	0	0	0	0	0	0	0	0	0	0	0	0	0	0
9db2817f5c42be6a7bcbca662959982d	0	0	0	0	0	0	0	0	0	0	0	20	0	0	0	0	0	0	0	0	0	0	0	0	192	0	0	0	0	0	0	0	0	0	0	0	0	0	0	0	0	0	0	0	0
1c6ca6ae0f639d6602cf73e52513787a	0	0	0	0	0	0	0	0	0	0	0	0	0	0	0	0	93	14	32	4	0	0	0	0	0	0	3	18	0	7	0	0	0	0	0	0	0	0	0	0	14	7	5	8	6
ae839cbbb06e073b36924259033b3a56	0	0	0	0	0	0	0	0	0	0	0	0	0	0	0	0	54	33	0	5	0	0	0	0	0	0	0	17	12	0	0	0	0	0	0	0	0	50	0	0	0	22	18	0	0
d189c7f6fad3e2ea23b2cd4d9f4010d0	0	0	0	0	0	0	0	0	0	0	0	0	0	0	0	0	54	15	19	0	0	0	0	0	0	0	7	26	6	5	0	0	0	0	0	0	5	11	0	0	13	21	8	12	9
284fbb304cbf2a630917b57b1a8703a8	0	0	0	0	0	0	0	0	0	0	0	0	0	0	0	0	0	0	0	0	0	26	184	0	0	0	0	0	0	0	0	0	0	0	0	0	0	0	0	0	0	0	0	0	0
0dea7be1e56d386113c1ba0044285af7	0	0	0	0	0	0	0	0	0	0	0	56	152	0	0	0	0	0	0	0	0	0	0	0	0	0	0	0	0	0	0	0	0	0	0	0	0	0	0	0	0	0	0	0	0
52515a38fb0223490b8da85b3bbb5519	0	0	0	0	0	0	0	0	0	0	0	0	0	0	0	0	96	41	48	0	0	0	0	0	0	0	3	9	4	3	0	0	0	0	0	0	0	4	0	0	0	0	0	0	0
d14e9bfaf39b2f68627b82e3637aa163	0	0	206	0	0	0	0	0	0	0	0	0	0	0	0	0	0	0	0	0	0	0	0	0	0	0	0	0	0	0	0	0	0	0	0	0	0	0	0	0	0	0	0	0	0
e1a7cd335f5f5fe7423e60356e84c278	0	0	0	0	0	0	0	0	0	0	0	0	0	0	0	0	69	17	29	0	0	0	0	0	0	0	0	15	0	0	0	0	0	0	0	0	7	25	0	0	15	10	5	7	7
422979a0464b8f2459e46d5920a896f3	0	0	0	0	0	0	0	0	0	0	0	0	0	0	0	0	0	0	0	0	0	0	0	0	0	0	15	57	26	28	0	0	0	0	0	0	14	53	0	0	0	0	13	0	0
e819875efc634e50eb28cb4d6c43d032	0	0	0	0	0	0	0	0	0	0	0	0	0	0	0	0	0	0	0	0	0	0	0	0	0	0	13	61	23	13	0	0	0	0	0	0	15	78	0	0	0	0	3	0	0
42d7181dd2ecb42ba552a9e2130c9372	0	0	0	0	0	0	0	0	0	0	0	0	0	0	0	0	42	6	11	0	0	0	0	0	0	0	0	9	6	7	7	0	0	0	0	0	13	53	0	5	6	14	6	13	7
e4430f73b82d57a5e731da5673fc5050	0	0	0	0	0	0	0	0	0	0	0	0	0	0	0	0	15	17	9	0	0	0	0	0	0	0	23	101	8	16	0	0	0	0	0	0	0	6	0	0	0	0	0	4	5
d8671e679fa8b0ef87141ea9e3bd3d0d	0	0	0	0	0	0	0	0	0	0	0	0	0	0	0	0	18	7	10	0	0	0	0	0	0	0	16	107	23	8	0	0	0	0	0	0	4	8	0	0	0	0	0	0	0
0b7d2a55f526412b1a470dbeb87ef237	0	0	0	0	0	0	0	0	0	0	0	0	0	0	0	0	54	17	15	0	0	0	0	0	0	0	11	26	7	9	0	0	0	0	0	0	0	30	0	0	8	6	6	10	0
8af546e0c8353881b20ef614f816d93d	0	0	0	0	0	0	0	0	0	0	0	0	0	0	0	0	0	0	0	0	0	0	0	0	199	0	0	0	0	0	0	0	0	0	0	0	0	0	0	0	0	0	0	0	0
9e163cde9fad6361cad1ed1bfb9a8a6c	0	0	0	0	0	0	0	0	0	0	0	0	0	0	0	0	51	0	0	0	0	0	0	0	0	0	0	18	0	0	0	0	0	0	0	0	25	75	0	0	18	0	0	0	11
78e38c2d8d4d91dec126ad9f7a8f824b	0	0	0	0	0	0	0	0	0	0	0	0	0	0	0	0	81	9	0	0	0	0	0	0	0	0	0	11	8	4	0	0	0	0	0	0	0	8	0	0	25	14	8	17	12
bccd6d024dfb6cfd0f5756a021f58d5d	0	0	0	0	0	0	0	0	0	0	0	0	0	0	0	0	72	18	17	0	0	0	0	0	0	0	0	14	6	0	0	0	0	0	0	0	0	31	0	0	11	10	12	6	0
df6cc64ea9861abc81761725eaa18aeb	0	0	0	0	0	0	0	0	0	0	0	0	0	0	0	0	17	6	10	0	0	0	0	0	0	0	29	92	15	11	0	0	0	0	0	0	0	17	0	0	0	0	0	0	0
db57563e0de615a36156f7197acc16e8	0	0	0	0	0	0	0	0	0	0	0	0	0	0	0	0	55	13	0	0	0	0	0	0	0	0	14	34	5	8	0	0	0	0	0	0	7	45	0	2	6	4	0	0	3
4b3e72768f183e1761bb74fb44d2df47	0	0	0	0	0	0	0	0	0	0	0	0	0	0	0	0	0	0	0	0	0	0	0	0	0	0	51	113	0	0	0	0	0	0	0	0	0	32	0	0	0	0	0	0	0
15698f392960e867406e0685fc7f43e0	0	0	0	0	0	0	0	0	0	12	0	0	0	0	0	0	51	20	13	0	0	0	0	0	0	0	0	13	0	0	0	0	0	0	0	0	0	48	0	0	0	9	4	16	9
5a79f829164e72e19fc6b91f6eaa5144	0	0	0	0	0	0	0	0	0	0	0	0	0	0	0	0	0	0	0	0	0	77	118	0	0	0	0	0	0	0	0	0	0	0	0	0	0	0	0	0	0	0	0	0	0
369dad829e3f88c504a0e46de534435f	0	0	0	0	0	0	0	0	0	0	0	0	0	0	0	0	0	0	0	0	0	0	0	0	0	0	0	0	0	0	0	0	0	0	0	0	0	0	0	195	0	0	0	0	0
906638bfd4eefa4531c46bfed5378282	0	0	0	0	0	0	0	0	0	0	0	0	0	0	0	0	53	19	22	0	0	0	0	0	0	0	0	10	3	0	0	0	0	0	0	0	4	41	0	0	11	13	7	6	5
d48ee24ddf3785d35e80d78685b9832f	0	0	0	0	0	0	0	0	0	0	0	0	0	0	0	0	36	11	5	0	0	0	0	0	0	0	11	40	12	6	0	0	0	0	0	0	4	40	0	22	7	0	0	0	0
d48d425f359e40a3bfa8a8cda0c1c782	20	0	0	25	0	0	32	0	0	0	0	0	0	48	43	25	0	0	0	0	0	0	0	0	0	0	0	0	0	0	0	0	0	0	0	0	0	0	0	0	0	0	0	0	0
514cc28495b1b565e0d6bd6ce31f090e	0	0	0	0	0	0	0	193	0	0	0	0	0	0	0	0	0	0	0	0	0	0	0	0	0	0	0	0	0	0	0	0	0	0	0	0	0	0	0	0	0	0	0	0	0
e49ce05002b294183ba0b96a24dc01bb	0	0	0	0	0	0	0	0	0	0	0	0	0	111	82	0	0	0	0	0	0	0	0	0	0	0	0	0	0	0	0	0	0	0	0	0	0	0	0	0	0	0	0	0	0
ae3d35040e84944b6a0dd1c3d4f2ad65	0	0	0	0	0	0	0	0	0	0	0	0	0	0	0	0	101	13	45	0	0	4	0	0	0	0	3	8	5	0	10	0	0	0	0	0	0	4	0	0	0	0	0	0	0
c261b70a46d182a52471a80c77b3f745	0	0	0	0	0	0	0	0	0	0	0	0	0	0	0	0	40	16	11	0	0	0	0	0	0	0	0	17	9	7	0	0	0	0	0	0	4	33	0	0	8	24	12	5	7
fc51fa9726667507856ba49d9cb4f392	0	0	0	0	0	0	0	0	0	0	0	0	0	0	0	0	19	18	7	2	0	0	0	0	0	0	10	20	13	8	0	0	0	0	0	0	6	44	0	0	4	15	5	6	13
0b85d8d7284a154f2263981f1f5393ab	0	0	0	0	0	0	0	0	0	0	0	44	0	0	0	0	0	0	0	0	0	0	0	0	145	0	0	0	0	0	0	0	0	0	0	0	0	0	0	0	0	0	0	0	0
c4508bf3f04f2b88bcfc937ebf1e49bf	0	0	0	0	0	0	0	0	0	0	0	0	0	0	0	0	0	0	0	0	0	0	0	0	0	0	23	101	26	28	6	0	0	0	0	0	0	5	0	0	0	0	0	0	0
514632aba1283511ba1659fa69581029	0	0	0	0	0	0	0	0	0	0	0	0	0	0	0	0	56	19	0	12	0	0	0	0	0	0	5	0	0	3	0	0	0	0	0	0	10	48	0	0	8	8	5	14	0
3ad05f9c5878aae98313dfecc9d9315a	0	0	0	0	0	0	0	0	0	0	0	0	0	0	0	0	23	0	0	0	0	0	0	0	0	0	28	52	17	18	0	0	0	0	0	0	12	30	0	0	0	0	0	8	0
7af86d01421ced5b2372a50b8d458459	0	0	0	0	0	0	0	0	0	0	0	0	0	0	0	0	117	41	29	0	0	0	0	0	0	0	0	0	0	0	0	0	0	0	0	0	0	0	0	0	0	0	0	0	0
0b6d5ea29cc9df44e20f3da5720fa7d7	0	0	5	0	0	9	0	0	12	0	0	0	0	0	0	0	32	15	21	0	0	0	0	0	0	0	2	16	5	6	0	6	4	0	0	0	0	24	0	6	3	7	3	5	4
6bd168b105310d76b58aaf4f92abe4fd	0	0	0	0	0	0	0	0	0	0	0	0	0	0	0	0	127	0	0	0	0	0	0	0	0	0	0	58	0	0	0	0	0	0	0	0	0	0	0	0	0	0	0	0	0
9350ee818b5d00d927230442d053fc36	0	0	0	0	0	0	0	0	0	0	0	0	0	0	0	0	0	0	0	0	0	0	0	0	0	0	24	70	31	17	0	0	0	0	0	0	9	33	0	0	0	0	0	0	0
eff6bf4227eeb68c0590111819c0fef3	0	0	0	0	0	0	0	0	0	0	0	0	0	0	0	0	67	29	30	0	0	0	0	0	0	0	0	12	0	0	0	0	0	0	0	0	0	0	0	0	10	23	0	0	12
936105953158ae05c7380736c2b2e5c7	0	0	0	0	0	0	0	0	0	0	0	0	0	0	0	0	0	0	0	0	0	0	0	0	0	0	0	91	0	0	0	0	0	0	0	0	0	90	0	0	0	0	0	0	0
dc3781c30a18752c53d36795a59ac0ad	0	0	0	0	0	0	0	0	0	0	0	0	0	0	0	0	17	8	6	0	0	0	0	0	0	0	8	27	17	15	0	0	0	0	0	0	11	43	0	0	10	8	3	4	3
7d4542b8ac8d19cdae25d70704bacf5f	0	0	0	0	0	0	0	0	0	0	0	0	0	0	0	0	0	0	0	0	0	0	0	0	179	0	0	0	0	0	0	0	0	0	0	0	0	0	0	0	0	0	0	0	0
b891e57adfb270bf286f241f30cd9ea8	0	0	0	0	0	0	0	0	0	0	0	0	0	0	0	0	70	33	26	26	0	0	0	0	0	0	0	0	0	0	0	0	0	0	0	0	0	0	0	0	4	5	10	4	0
f14706eb539a81c92d5e52093f38d0b5	0	0	0	0	0	0	0	0	0	0	0	0	0	0	0	0	32	0	11	0	0	0	0	0	0	0	9	63	6	17	0	0	0	0	0	0	0	25	0	0	0	12	3	0	0
28957b67c1dea20c28b153505f069b12	0	0	0	0	0	0	0	0	0	0	0	0	0	0	0	0	0	0	0	0	0	0	0	0	0	0	14	103	15	14	0	0	0	0	0	0	0	29	0	0	0	3	0	0	0
b02a8d33d018119dedb2db15db887bfd	0	0	0	0	0	0	0	0	0	0	25	25	0	0	0	0	0	0	0	0	0	0	0	0	107	16	0	0	0	0	0	0	0	0	0	0	0	0	0	0	0	0	0	0	0
e1689388417b84badf78769e439904fc	0	0	0	0	0	0	0	0	0	0	0	0	0	0	0	0	0	0	0	0	0	0	0	0	0	0	0	52	0	0	0	0	0	0	0	0	0	121	0	0	0	0	0	0	0
03a8a61627b5448f636abbb9b5e9bfa6	0	0	0	0	0	0	0	0	0	0	0	0	0	0	0	0	0	0	0	0	0	0	0	0	98	74	0	0	0	0	0	0	0	0	0	0	0	0	0	0	0	0	0	0	0
596ea2128909409cbae119014deac5f2	0	0	0	0	0	0	0	0	0	0	118	0	0	0	0	0	0	0	0	0	0	0	0	0	0	53	0	0	0	0	0	0	0	0	0	0	0	0	0	0	0	0	0	0	0
3469baf0518448eb295f7cf4ebaaa147	0	0	0	0	0	0	0	0	0	0	0	0	0	0	0	0	8	0	0	0	0	0	0	0	0	0	0	0	0	0	163	0	0	0	0	0	0	0	0	0	0	0	0	0	0
6d972864d33d62e6a1ecf3ee4316db31	0	0	0	0	0	0	0	0	0	0	0	0	0	0	0	0	0	0	0	0	0	0	0	0	0	0	22	95	38	16	0	0	0	0	0	0	0	0	0	0	0	0	0	0	0
0ea7df84c68c39775565e354057033fe	0	0	0	0	0	0	0	0	0	0	0	0	0	0	0	0	95	36	39	0	0	0	0	0	0	0	0	0	0	0	0	0	0	0	0	0	0	0	0	0	0	0	0	0	0
2cb5f863dc04fe6109edf09fbf425c3f	0	0	0	0	0	0	0	0	0	0	0	0	0	0	0	0	62	20	12	0	0	0	0	0	0	0	0	8	5	0	0	0	0	0	0	0	0	17	0	0	17	0	7	12	10
9ce7df75c31b2a1ab49e6d971defdc90	0	0	0	0	0	0	0	0	0	0	0	0	0	0	0	0	24	0	0	0	0	0	0	0	0	0	0	20	0	6	0	0	0	0	0	0	10	82	0	0	9	11	0	8	0
ecc8367537453bf22a466def66e8684f	0	0	0	0	0	0	0	0	0	0	0	0	0	0	0	0	0	0	0	0	0	0	0	0	170	0	0	0	0	0	0	0	0	0	0	0	0	0	0	0	0	0	0	0	0
1097e9c0a00ab226ede653a78db95b6a	0	0	0	0	0	0	0	0	0	0	0	0	0	0	0	0	63	10	14	0	0	0	0	0	0	0	0	14	0	3	0	0	0	0	0	0	12	21	0	0	5	0	6	14	7
bed27a3020a98b6681d7fe355d0f8d26	0	0	0	0	0	0	0	0	0	0	0	0	0	0	0	0	51	34	15	0	0	0	0	0	0	0	18	15	0	0	0	0	0	0	0	0	0	7	0	0	0	9	4	8	8
0bb0b80f2960882c31f16071514f1b88	0	0	0	0	0	0	0	0	0	0	0	0	0	0	0	0	4	0	7	0	0	0	0	0	0	0	13	41	17	8	0	0	0	0	0	0	16	63	0	0	0	0	0	0	0
ceb341870b6b32dd43ea7b3d3c81aae5	0	0	0	0	0	0	0	0	0	0	0	0	0	0	0	0	50	15	18	0	0	15	2	0	0	0	0	36	0	7	0	0	0	0	0	0	0	0	0	0	12	0	4	6	3
fa7c6420a6f6e245907f7e43faf0e52a	0	0	0	0	0	0	0	0	0	0	0	0	0	0	0	0	11	0	0	0	0	0	0	0	0	0	24	40	15	12	0	0	0	0	0	0	3	63	0	0	0	0	0	0	0
48163c0165b2011439f8a63e5c45accf	0	0	0	0	0	0	0	167	0	0	0	0	0	0	0	0	0	0	0	0	0	0	0	0	0	0	0	0	0	0	0	0	0	0	0	0	0	0	0	0	0	0	0	0	0
9bab6e9750d482272592335e6e9689cc	0	0	0	0	0	0	0	0	0	0	0	0	0	0	0	0	20	15	0	0	0	0	0	0	0	0	0	21	16	17	0	0	0	0	0	0	12	59	0	0	7	0	0	0	0
8728fa01b0594b1d85572be82969932a	0	0	0	0	0	0	0	0	0	0	0	0	0	0	0	0	67	0	29	0	0	0	0	0	0	0	0	0	0	0	0	0	0	0	0	0	0	21	0	0	18	16	0	15	0
cac74bcfba460f4b2544d9bfacc08a43	0	0	0	0	0	0	0	0	0	0	0	0	0	0	0	0	0	0	0	0	0	46	119	0	0	0	0	0	0	0	0	0	0	0	0	0	0	0	0	0	0	0	0	0	0
158eff08aa100e0a4a7bd416be0aaa83	0	0	0	0	0	0	0	0	0	0	0	0	0	0	0	0	75	44	0	0	0	9	0	0	0	0	17	19	0	0	0	0	0	0	0	0	0	0	0	0	0	0	0	0	0
2da77437a786d8922346d5d6c7aaabbe	0	0	0	0	0	0	0	0	0	0	0	0	0	0	0	0	56	22	28	0	0	0	0	0	0	0	0	9	9	4	0	0	0	0	0	0	0	7	0	0	6	6	4	4	9
d06a842364a01f1a6d561a45426b1308	0	0	0	0	0	0	0	0	0	0	0	0	0	0	0	0	49	21	21	4	0	0	0	0	0	0	0	0	0	0	5	0	0	0	0	0	0	0	0	0	7	21	10	17	9
29460d2e40a24577fec6ad6d31760a91	0	0	0	0	0	0	0	0	0	0	0	0	0	0	0	0	38	15	11	0	0	0	0	0	0	0	5	22	0	3	0	0	0	0	0	0	0	36	0	0	19	7	0	4	4
84cb3d21cef126a5d997e9d5338dfe2f	0	0	0	0	0	0	0	0	0	0	0	0	0	0	0	0	27	0	0	8	0	0	0	0	0	0	10	16	10	8	2	0	0	0	0	0	7	38	0	0	4	18	7	9	0
3649235ecd28af798652e665d86ca05d	0	0	0	0	0	0	0	0	0	0	0	0	0	0	0	0	23	0	12	0	0	0	0	0	0	0	24	84	15	4	0	0	0	0	0	0	0	2	0	0	0	0	0	0	0
0f3a0a5cda5f6ad99ec665130005e55b	0	0	0	0	0	0	0	0	0	0	0	0	0	0	0	0	20	0	7	0	0	0	0	0	0	0	0	31	17	18	0	0	0	0	0	0	6	65	0	0	0	0	0	0	0
2c2e702cd999371028dc580d18262499	0	0	0	0	0	0	0	0	0	0	0	0	0	0	0	0	0	0	0	0	0	29	135	0	0	0	0	0	0	0	0	0	0	0	0	0	0	0	0	0	0	0	0	0	0
353ef6bcaa794f089946531d07d884be	0	0	0	0	0	0	0	0	0	0	0	0	0	0	0	0	0	0	0	0	0	0	0	0	0	0	10	70	21	12	0	0	0	0	0	0	15	34	0	2	0	0	0	0	0
657f568aec9ec484d4b2487817686fd5	0	0	0	0	0	0	0	0	0	0	0	0	0	0	0	0	23	10	10	0	0	0	0	0	0	0	0	12	4	10	0	0	0	0	0	0	7	50	0	0	13	9	0	7	8
97c15b72c56c33f588ea9403889861b3	0	0	0	0	0	0	0	0	0	0	0	0	0	0	0	0	80	38	44	0	0	0	0	0	0	0	0	0	0	0	0	0	0	0	0	0	0	0	0	0	0	0	0	0	0
ae10529ed639201ec2479cb6c07351db	0	0	0	0	0	0	0	0	0	0	0	0	0	0	0	0	40	13	3	0	0	0	0	0	0	0	6	55	14	8	0	0	0	0	0	0	0	0	0	0	5	9	5	4	0
56d5f2a3baafbdb9bf787ae27dc3437b	0	0	0	0	0	0	0	0	0	0	0	0	0	0	0	0	19	0	0	6	0	0	0	0	0	0	6	54	20	11	0	0	0	0	0	0	0	39	0	0	6	0	0	0	0
9e0287ca7f8a7c062234ab661fa2e494	0	0	0	0	0	0	0	0	0	0	0	0	0	0	0	0	0	0	0	0	0	74	87	0	0	0	0	0	0	0	0	0	0	0	0	0	0	0	0	0	0	0	0	0	0
48462328dafdbd3d259a9e11e071d239	0	11	61	0	0	61	0	0	27	0	0	0	0	0	0	0	0	0	0	0	0	0	0	0	0	0	0	0	0	0	0	0	0	0	0	0	0	0	0	0	0	0	0	0	0
36d8a522365bf58a903e3273583bf5cf	0	0	0	0	0	0	0	0	0	0	0	0	0	0	0	0	0	0	0	0	0	29	131	0	0	0	0	0	0	0	0	0	0	0	0	0	0	0	0	0	0	0	0	0	0
07c3160551922faa7be5740ea3adc189	0	0	0	0	0	0	0	0	0	0	0	0	0	0	0	0	0	0	0	0	0	0	0	0	0	160	0	0	0	0	0	0	0	0	0	0	0	0	0	0	0	0	0	0	0
abd9c1835dbedbef1bf3d377b07636c4	0	0	0	0	0	0	0	0	0	0	0	0	0	0	0	0	0	0	0	0	0	0	0	0	0	0	42	56	21	13	0	0	0	0	0	0	0	28	0	0	0	0	0	0	0
4a4b6a28c8e0621bc531643835b665b3	0	0	0	0	0	0	0	0	0	0	0	0	0	0	0	0	31	0	0	0	0	0	0	0	0	0	0	34	22	15	0	0	0	0	0	0	16	32	0	0	0	8	0	0	0
2196f9402f7fe3602c103302eb1b2544	0	0	0	0	0	0	0	0	0	0	0	0	0	0	0	0	0	0	0	0	0	66	92	0	0	0	0	0	0	0	0	0	0	0	0	0	0	0	0	0	0	0	0	0	0
1b6706ee5161a35172823db94cd9c448	0	0	0	0	0	0	0	0	0	0	0	0	0	0	0	0	0	0	0	0	0	0	0	0	0	0	0	22	0	8	0	0	0	0	0	0	0	47	0	0	15	32	12	11	11
229765102b051778a43a9d8658c53b91	0	0	0	0	0	0	0	0	0	0	0	0	0	0	0	0	74	15	23	0	0	0	0	0	0	0	0	0	0	0	0	0	0	0	0	0	0	23	0	0	7	8	7	0	0
5c51837b65683c13f9b32ae4c877e6a1	0	0	0	0	0	0	0	0	0	0	0	0	0	0	0	0	27	0	9	0	0	0	0	0	0	0	14	31	7	13	0	0	0	0	0	0	0	25	0	0	9	4	4	8	6
e052ba67190ecb6b70b951c6ee2074aa	0	0	0	0	0	0	0	0	0	0	0	0	0	0	0	0	15	7	11	0	0	0	0	0	0	0	2	30	9	9	0	0	0	0	0	0	6	30	0	0	0	13	7	13	5
cf898120fcfddc1fd089a23974893bad	0	0	0	0	0	0	0	0	0	0	0	0	0	0	0	0	0	0	0	9	0	0	0	0	0	0	16	49	0	0	0	0	0	0	0	0	16	47	0	0	0	18	0	0	0
a897f6a56858285b6a9c144860fd5ff8	0	0	0	0	0	0	0	0	0	0	0	0	0	0	0	0	28	8	14	0	0	0	0	20	0	0	15	41	11	4	0	0	0	0	0	0	0	11	0	0	0	0	0	0	0
3d720ddac554613092c15729e7b6699f	0	0	0	0	0	0	0	0	0	0	0	0	0	0	0	0	0	0	0	0	0	0	0	0	0	0	45	76	18	9	0	0	0	0	0	0	0	4	0	0	0	0	0	0	0
6cfa2959a708c41e89d467fea039b2fc	0	0	0	0	0	0	0	0	0	0	0	0	0	0	0	0	78	18	9	0	0	0	0	0	0	0	0	0	0	0	0	0	0	0	0	0	0	0	0	0	15	0	9	11	11
9574808941aa5ec4502f5a183d4e7d3c	0	0	0	0	0	0	0	0	0	0	0	0	0	0	0	0	56	16	12	0	0	0	0	0	0	0	0	0	0	0	0	0	0	0	0	0	5	38	0	0	7	9	0	3	5
6dbb9221339f225781d530b8ba90c21a	0	0	0	0	0	0	0	0	0	0	0	0	0	0	0	0	0	0	0	0	0	0	0	0	151	0	0	0	0	0	0	0	0	0	0	0	0	0	0	0	0	0	0	0	0
12fcfad736d9e4ce3510e6b5b8aad0f9	0	0	0	0	0	0	0	0	0	0	0	0	0	0	0	0	0	0	0	0	0	0	0	0	0	0	17	46	0	17	0	0	0	0	0	0	16	48	0	7	0	0	0	0	0
c348586b2270904fa9d28db431c6d32b	0	0	0	0	0	0	0	0	0	0	0	0	0	0	0	0	150	0	0	0	0	0	0	0	0	0	0	0	0	0	0	0	0	0	0	0	0	0	0	0	0	0	0	0	0
6339ff97df4f84edb4a469be6eb4e63a	0	0	0	0	0	0	0	0	0	0	0	0	0	0	0	0	0	0	0	0	0	0	0	0	0	0	0	150	0	0	0	0	0	0	0	0	0	0	0	0	0	0	0	0	0
9fe3cf63b5519ca258ca16b0bc316679	0	0	0	0	0	0	0	0	0	0	0	0	0	0	0	0	42	16	13	0	0	0	0	0	0	0	0	18	6	3	0	0	0	0	0	0	3	16	0	0	10	10	0	5	7
1517fa0aeaf5c2187350aa067db7241b	0	0	0	0	0	0	0	0	0	0	0	0	0	0	0	0	51	9	13	0	0	0	0	0	0	0	11	25	10	3	0	0	0	0	0	0	0	6	0	0	6	3	8	3	0
6f9b5ea227975d91609c0da5b04ef3b1	0	0	0	0	0	0	0	0	0	0	0	0	0	0	0	0	7	0	0	0	0	0	0	0	0	0	21	66	13	11	0	0	0	0	0	0	0	19	0	0	5	0	0	4	2
e801b9aaa06e69b90de05542163b0a2a	0	0	0	0	0	0	0	0	0	8	0	0	0	0	0	0	1	0	34	0	0	0	0	0	0	0	0	6	0	5	0	0	0	0	0	0	0	0	0	0	28	22	8	22	12
ada740fda0da782fb8a480bcd488efc1	0	0	0	0	0	0	0	0	0	0	0	0	0	0	0	0	146	0	0	0	0	0	0	0	0	0	0	0	0	0	0	0	0	0	0	0	0	0	0	0	0	0	0	0	0
8563ac839ae8e1dbbe91ebd7e7920ce6	0	0	0	0	0	0	0	145	0	0	0	0	0	0	0	0	0	0	0	0	0	0	0	0	0	0	0	0	0	0	0	0	0	0	0	0	0	0	0	0	0	0	0	0	0
7a093f2e9e0bc5c9036f4f2e9792c517	0	0	0	0	0	0	0	0	0	0	0	0	0	0	0	0	43	0	0	0	0	0	0	0	0	0	0	21	0	0	0	0	0	0	0	0	5	31	0	0	10	20	5	0	10
1eb6cb59ab63372d99680f6988521117	0	0	0	0	0	0	0	0	0	0	0	0	0	99	45	0	0	0	0	0	0	0	0	0	0	0	0	0	0	0	0	0	0	0	0	0	0	0	0	0	0	0	0	0	0
e7996e407d39ce64dec953f79d94f71d	0	0	0	0	0	0	0	0	0	0	0	0	0	0	0	0	77	0	37	0	0	0	0	0	0	0	0	0	0	0	0	0	0	0	0	0	0	30	0	0	0	0	0	0	0
d591f3f6cf65a3976d59282edb553435	0	0	0	0	0	0	0	0	0	0	0	0	0	0	0	0	69	39	36	0	0	0	0	0	0	0	0	0	0	0	0	0	0	0	0	0	0	0	0	0	0	0	0	0	0
cb4a3a97f2269e1d165165107da9e314	0	0	0	0	0	0	0	0	0	0	0	0	0	0	0	0	31	12	13	0	0	0	0	0	0	0	0	13	8	6	0	0	0	0	0	0	10	47	0	0	0	4	0	0	0
d40cc901ad3aea4b5032f2a8aa0e0a58	0	0	0	0	0	0	0	0	0	0	0	0	0	0	0	0	14	0	0	0	0	0	0	0	0	0	39	59	22	10	0	0	0	0	0	0	0	0	0	0	0	0	0	0	0
f089e9304e65d7642cf0b094d3c78424	0	0	0	0	0	0	0	0	0	0	0	0	0	0	0	0	9	9	0	4	0	0	0	0	0	0	10	17	4	3	0	0	0	0	0	0	8	57	0	0	5	8	3	0	7
e5618f033fc8dfdfd5bc38b4b76a8268	0	0	0	0	0	0	0	0	0	0	0	0	0	0	0	0	0	0	0	0	0	0	0	0	0	0	13	36	19	13	0	0	0	0	0	0	7	51	0	5	0	0	0	0	0
6248199cd8050ea7345dabf50fc62340	0	0	0	0	0	0	0	0	0	0	0	0	0	0	0	0	0	0	0	0	0	0	0	0	0	0	0	0	0	0	129	0	0	0	0	0	7	0	0	0	8	0	0	0	0
fba512e5877b56a005a17df7cefa260b	18	0	0	15	0	0	39	0	0	0	0	0	0	35	36	0	0	0	0	0	0	0	0	0	0	0	0	0	0	0	0	0	0	0	0	0	0	0	0	0	0	0	0	0	0
3d7915e36edb595f0cf2d91dafbcf396	0	0	0	0	0	0	0	0	0	0	0	0	0	0	0	0	96	47	0	0	0	0	0	0	0	0	0	0	0	0	0	0	0	0	0	0	0	0	0	0	0	0	0	0	0
7803b2dbe9bc8656327ea237daa7b8fc	0	0	0	0	0	0	0	0	0	0	0	0	0	0	0	0	21	9	6	0	0	0	0	0	0	0	11	32	12	6	0	0	0	0	0	0	6	22	0	0	3	6	3	0	6
0fb16e8ec63b21d4b077adc976aa0834	0	0	0	0	0	0	0	0	0	0	0	0	0	0	0	0	0	0	0	0	0	0	0	0	0	0	41	58	10	5	0	0	0	0	0	0	6	23	0	0	0	0	0	0	0
bedf069ff25f7845e498cd8eaecbb799	0	0	0	0	0	0	0	0	0	0	41	0	0	0	0	0	0	0	0	0	0	0	0	0	0	101	0	0	0	0	0	0	0	0	0	0	0	0	0	0	0	0	0	0	0
72cf3669d6fd8b15019fe07fee480fd9	0	0	0	0	0	0	0	0	0	0	0	0	0	0	0	0	83	0	0	0	0	0	0	0	0	0	0	19	0	0	0	0	0	0	0	0	0	28	0	0	0	0	0	0	12
54a30aef4bfda657179495c1b7afc599	0	0	0	0	0	0	0	0	0	0	0	0	0	0	0	0	6	8	0	0	0	0	0	0	0	0	8	15	10	8	47	0	0	0	0	0	4	16	0	0	2	4	7	7	0
b0faf6620998f49a4b5f0ed592a3d8db	0	0	0	0	0	0	0	0	17	0	0	0	0	0	0	0	57	23	43	0	0	0	0	0	0	0	0	0	0	0	0	0	0	0	0	0	0	0	0	0	0	0	0	0	0
205eb184dde6ef59b1090cb0df94a049	0	0	0	0	0	0	0	0	0	0	0	0	0	0	0	0	0	0	0	0	0	0	0	0	0	0	0	15	0	0	0	0	0	0	0	0	17	106	0	0	0	0	0	0	0
c3d4cde1fefab50869535171600db4ac	0	0	0	0	0	0	0	0	0	0	0	137	0	0	0	0	0	0	0	0	0	0	0	0	0	0	0	0	0	0	0	0	0	0	0	0	0	0	0	0	0	0	0	0	0
8edcaa197c1c9798f02a54dfee2d497a	0	0	0	0	0	0	0	0	0	0	0	0	0	0	0	0	56	32	49	0	0	0	0	0	0	0	0	0	0	0	0	0	0	0	0	0	0	0	0	0	0	0	0	0	0
f2fdb4b47f6bbda1f43f5b06bfba599c	0	0	0	0	0	0	0	0	0	0	0	0	0	0	0	0	31	12	10	0	0	0	0	0	0	0	6	42	0	0	0	0	0	0	0	0	5	9	0	0	3	4	8	4	3
66718c893782c5279ed10cdf0c97ed76	0	0	0	0	0	0	0	0	0	0	0	0	0	0	0	0	53	0	13	0	0	0	0	0	0	0	0	5	0	7	0	0	0	0	0	0	6	27	0	0	8	0	5	5	7
ef71401c2b757419e8d63b2c0da42c30	0	0	0	0	0	0	0	0	0	0	0	0	0	0	0	0	0	0	0	0	0	0	0	0	0	0	0	70	23	0	0	0	0	0	0	0	0	43	0	0	0	0	0	0	0
3b0283ce181261d779ef0553c77d0dff	0	0	0	0	0	0	0	0	0	0	0	0	0	0	0	0	34	16	13	0	0	0	0	0	0	0	23	30	10	0	0	0	0	0	0	0	0	9	0	0	0	0	0	0	0
b0ee56195378edcd2a0a4377906fe9bb	19	0	0	0	0	0	0	0	0	0	0	0	0	0	70	17	28	0	0	0	0	0	0	0	0	0	0	0	0	0	0	0	0	0	0	0	0	0	0	0	0	0	0	0	0
f463e76330bfa378e299841e4e85ff64	0	0	0	0	0	0	0	0	0	0	0	0	0	0	0	0	44	8	18	0	0	0	0	0	0	0	7	25	16	7	0	0	0	0	0	0	0	9	0	0	0	0	0	0	0
533227a64409b73c11e94819d551efc8	0	0	0	0	0	0	0	0	0	0	0	0	0	0	0	0	0	0	0	0	0	48	85	0	0	0	0	0	0	0	0	0	0	0	0	0	0	0	0	0	0	0	0	0	0
dc9b2a0077ee57c459c28ad71300aaa3	0	0	0	0	0	0	0	0	0	0	0	0	0	0	0	0	0	0	0	0	0	0	0	0	0	0	9	48	14	16	0	0	0	0	0	0	5	28	0	0	4	0	0	3	6
d4309b43b95c6310e763fc792effa57c	0	0	0	0	0	0	0	0	0	0	0	0	0	0	0	0	36	10	13	0	0	0	0	0	0	0	6	16	12	0	0	0	0	0	0	0	0	3	0	0	10	7	4	4	11
1871e7b713fb0172a0cdadc38a7686a4	0	0	0	0	0	0	0	0	0	0	0	0	0	0	0	0	16	6	6	5	0	0	0	0	0	0	12	13	0	2	0	0	0	0	0	0	11	28	0	3	5	6	4	10	5
ae813af1c8004e0dcb6a827ceb0c7a1d	0	0	0	0	0	0	0	0	0	0	0	0	0	0	0	0	0	0	0	0	0	0	0	0	132	0	0	0	0	0	0	0	0	0	0	0	0	0	0	0	0	0	0	0	0
deb8af93f078840daa4260c912d3447a	0	0	0	0	0	0	0	0	0	0	0	0	0	0	0	0	0	0	0	0	0	0	0	0	0	0	0	0	0	0	0	0	0	0	0	0	0	132	0	0	0	0	0	0	0
b497ffb7c8642462bb1db9235210e261	0	0	0	0	0	0	0	0	0	0	0	0	0	0	0	0	64	24	39	0	0	0	0	0	0	0	0	0	0	4	0	0	0	0	0	0	0	0	0	0	0	0	0	0	0
4d4093e2fc1402de5b4614d2fd6ea06f	0	0	0	0	0	0	0	0	0	0	0	0	0	0	0	0	16	0	9	24	0	0	0	0	82	0	0	0	0	0	0	0	0	0	0	0	0	0	0	0	0	0	0	0	0
f329235040e036f1e4179b450f199947	0	0	130	0	0	0	0	0	0	0	0	0	0	0	0	0	0	0	0	0	0	0	0	0	0	0	0	0	0	0	0	0	0	0	0	0	0	0	0	0	0	0	0	0	0
5f2dded8f4ae175413f0a8670a3f648a	0	0	31	0	0	3	0	0	0	0	0	0	0	0	0	0	20	11	11	0	0	0	0	0	0	0	15	24	9	0	0	0	0	0	0	0	0	6	0	0	0	0	0	0	0
38e3997bba02ba6714300530a65a8c7e	0	0	0	0	0	0	0	0	0	0	0	0	0	0	0	0	91	39	0	0	0	0	0	0	0	0	0	0	0	0	0	0	0	0	0	0	0	0	0	0	0	0	0	0	0
d78fc89dc2bd8ee8d490e63ec1b48c1b	0	0	0	0	0	0	0	0	0	0	0	0	0	0	0	0	31	0	0	0	0	0	0	0	0	0	0	0	0	0	7	0	0	0	0	0	0	54	0	0	11	10	0	10	7
b72f531b7d4ed2deb1684c2049c719c5	0	0	0	0	0	0	0	0	0	0	0	0	0	0	0	0	0	0	0	0	0	0	0	0	130	0	0	0	0	0	0	0	0	0	0	0	0	0	0	0	0	0	0	0	0
f93c9e346e1dff9247a0bfc64923c87a	0	0	0	0	0	0	0	0	0	0	0	0	0	0	0	0	37	12	0	0	0	0	0	0	0	0	6	12	13	6	0	0	0	0	0	0	7	21	0	0	5	4	3	3	0
bd3947941b4d24ac67bf283edf970cba	0	0	0	0	0	0	0	0	0	0	0	0	0	0	0	0	62	0	12	8	0	0	0	0	0	0	3	12	6	0	0	0	0	0	0	0	0	0	0	0	8	6	0	5	6
b3af607574fb702d61dc36a7ec2206d3	0	0	0	0	0	0	0	0	0	0	0	0	0	0	0	0	127	0	0	0	0	0	0	0	0	0	0	0	0	0	0	0	0	0	0	0	0	0	0	0	0	0	0	0	0
bdf177d28deadc173ea71b5d6260bbc9	0	0	0	0	0	0	0	0	0	0	0	0	0	0	0	0	28	13	0	0	0	0	0	0	0	0	0	4	7	0	0	0	0	0	0	0	10	54	0	0	0	0	0	4	7
0efc8ffecd51bc8686d74eb60c14c681	0	0	0	0	0	0	0	0	0	0	0	0	0	0	0	0	0	10	14	6	0	0	0	0	0	0	0	0	0	0	0	0	0	0	0	0	0	29	0	0	13	13	13	13	16
f9a1bf2560266ad6ce5258b85ffed031	0	0	0	0	0	0	0	0	0	0	0	0	0	0	0	0	0	0	0	11	0	0	0	0	0	0	3	24	0	0	0	0	0	0	0	0	0	6	0	0	5	16	33	18	11
285107a2847f74b61af378effb641289	0	0	0	0	0	0	0	0	0	0	0	0	0	0	0	0	0	0	0	5	0	0	0	0	0	0	0	5	0	0	2	0	0	0	0	0	0	0	0	0	36	32	17	15	15
6af5b2748a6afc092604e6a5a2128c23	0	0	0	0	0	0	0	0	0	0	0	0	0	0	0	0	0	0	0	0	0	0	0	0	0	0	59	43	18	0	0	0	0	0	0	0	0	7	0	0	0	0	0	0	0
811b47e3d26c0d527cfbf132552b7558	0	0	0	0	0	0	0	0	0	9	0	0	0	0	0	0	35	13	12	0	0	0	0	0	0	0	0	5	0	3	0	0	0	0	0	0	0	6	0	0	11	10	8	6	8
be5f7561425c2fdf15e1347047e3a7ba	0	0	0	0	0	0	0	0	0	0	0	0	0	0	0	0	0	0	0	0	0	0	0	0	126	0	0	0	0	0	0	0	0	0	0	0	0	0	0	0	0	0	0	0	0
86e7d43f3b3861d173074032ba93c08f	0	0	0	0	0	0	0	0	0	0	0	0	0	0	0	0	16	9	0	0	0	0	0	0	0	0	6	11	2	7	0	0	0	0	0	0	8	36	0	0	5	9	5	8	3
8b62ce4d97db4992a3430e6854edd962	0	0	0	0	0	0	0	0	0	0	0	0	0	0	0	0	28	11	0	0	0	0	0	0	0	0	11	38	0	0	0	0	0	0	0	0	11	25	0	0	0	0	0	0	0
ef17cb9db45e22cea444f834ccc4769a	0	0	0	0	0	0	0	0	0	0	0	0	0	0	0	0	22	8	5	0	0	0	0	0	0	0	12	43	13	9	0	0	0	0	0	0	2	6	0	0	0	0	0	4	0
dc743a215e4befa972020c3930da621f	0	0	0	0	0	0	0	0	0	0	122	0	0	0	0	0	0	0	0	0	0	0	0	0	0	0	0	0	0	0	0	0	0	0	0	0	0	0	0	0	0	0	0	0	0
a7707033a26c6f53058b2894cf498cfc	0	0	0	0	0	0	0	0	0	0	0	0	0	0	0	0	48	17	9	0	0	0	0	0	0	0	0	6	4	0	0	0	0	0	0	0	0	10	0	0	10	7	0	7	4
603a82ad42f2fb661e82ff5109f54994	0	0	0	0	0	0	0	0	0	0	0	0	0	0	0	0	0	0	0	0	0	0	0	0	0	0	0	0	0	0	0	0	0	0	0	79	13	30	0	0	0	0	0	0	0
4a56457f29eadfe908b2f9c1d8cabc7f	0	0	121	0	0	0	0	0	0	0	0	0	0	0	0	0	0	0	0	0	0	0	0	0	0	0	0	0	0	0	0	0	0	0	0	0	0	0	0	0	0	0	0	0	0
c4440f1d1fcf391594d06ee343ff6784	0	0	0	0	0	0	0	0	0	0	0	0	0	0	0	0	58	0	27	0	0	0	0	0	0	0	0	0	0	0	0	0	0	0	0	0	0	28	0	0	0	0	8	0	0
e707ffa7e10175f8d61522b16db2c533	0	0	0	0	0	0	0	0	0	0	0	0	0	0	0	0	27	13	0	0	0	0	0	0	0	0	3	25	5	10	0	0	0	0	0	0	3	16	0	0	3	4	4	8	0
f3b8fd06ef177d4b19323e0d0e6e66e0	0	0	76	0	0	0	0	0	0	0	0	0	0	0	0	0	17	0	0	0	0	0	0	0	0	0	0	0	0	0	0	0	0	0	3	0	0	0	0	0	0	8	0	10	6
8f5ef6623b7ae975e3dfca6661f294e4	0	0	0	0	0	0	0	120	0	0	0	0	0	0	0	0	0	0	0	0	0	0	0	0	0	0	0	0	0	0	0	0	0	0	0	0	0	0	0	0	0	0	0	0	0
2a05dea7cbbfc1b24e85ecc1b95e1dd0	0	0	0	0	0	0	0	0	0	0	0	0	0	0	0	0	35	8	6	0	0	0	0	0	0	0	6	22	6	0	0	0	0	0	0	0	5	19	0	0	4	9	0	0	0
97b0f8436844a2cf600e9b81e622eebe	0	0	0	0	0	0	0	0	0	0	0	0	0	0	0	0	20	20	0	0	18	0	0	0	0	0	16	23	7	4	0	0	0	0	0	0	0	12	0	0	0	0	0	0	0
0faf1131cabae08fc115c877d17669b4	0	0	0	0	0	0	0	0	0	0	0	0	0	0	0	0	15	0	0	0	0	0	0	0	0	0	9	39	10	9	0	0	0	0	0	0	7	27	0	0	0	0	0	4	0
33d947242573089f15daae5543b70645	0	0	0	0	0	0	0	0	0	0	0	0	0	0	0	0	14	0	0	0	0	0	0	0	0	0	16	0	18	12	0	0	0	0	0	0	12	35	0	0	5	5	3	0	0
facbb38875f92575c776efc979292c4c	0	0	0	0	0	0	0	0	0	0	0	0	0	0	0	0	54	0	0	0	0	0	0	0	0	0	0	0	0	0	0	0	0	0	0	0	0	49	0	0	0	0	0	16	0
cf21f4afcc533a602e65af36708af764	0	0	0	0	0	0	0	0	0	0	0	0	0	0	0	0	28	6	0	0	0	0	0	0	0	0	0	17	5	6	0	0	0	0	0	0	6	30	0	0	0	3	9	9	0
55e6a97ea9d3fc76045c721652025682	0	0	0	0	0	0	0	0	0	0	0	0	0	0	0	0	26	6	0	0	0	0	0	0	0	0	10	28	10	7	0	0	0	0	0	0	0	4	0	0	5	8	6	4	5
e395ee27bf4878088bea47dcf28c3754	0	0	0	0	0	0	0	0	0	0	0	0	0	0	0	0	0	0	0	0	0	11	0	0	0	0	0	86	0	22	0	0	0	0	0	0	0	0	0	0	0	0	0	0	0
26094eff4c82e376dff1a20d63ca6c6f	0	0	62	0	0	56	0	0	0	0	0	0	0	0	0	0	0	0	0	0	0	0	0	0	0	0	0	0	0	0	0	0	0	0	0	0	0	0	0	0	0	0	0	0	0
5209294676c99246d2bdcdf34ff9de2d	0	0	0	0	0	0	0	0	0	0	0	0	0	0	0	0	52	0	0	0	0	0	0	0	0	0	0	34	12	11	0	0	0	0	0	0	0	0	0	0	0	0	9	0	0
93253d37bb25592a6b484963f42993a6	0	0	0	0	0	0	0	0	0	0	0	0	0	0	0	0	46	20	12	0	0	0	0	0	0	0	0	0	0	0	0	0	0	0	0	0	9	20	0	0	0	4	7	0	0
450ac381cbb4a6822befbcdb2ca20bae	0	0	0	0	0	0	0	0	0	0	0	0	117	0	0	0	0	0	0	0	0	0	0	0	0	0	0	0	0	0	0	0	0	0	0	0	0	0	0	0	0	0	0	0	0
39ccce296239210c1cdd5506e98a20a3	0	0	0	0	0	0	0	0	0	0	0	0	0	0	0	0	34	36	0	0	0	0	0	0	0	0	11	11	0	0	0	0	0	0	0	0	8	0	0	0	0	0	17	0	0
5ff5979ee026dff1e2ffd03d2e87aab3	0	0	0	0	0	0	0	0	0	0	0	0	0	0	0	0	33	14	0	0	0	0	0	0	0	0	5	12	0	7	0	0	0	0	0	0	0	22	0	0	8	8	0	4	4
1c5dad4f849d77e5d4e55925d8bca13d	0	0	0	0	0	0	0	0	0	0	0	0	0	0	0	0	0	0	0	0	0	0	0	0	0	0	18	68	24	7	0	0	0	0	0	0	0	0	0	0	0	0	0	0	0
3b43250540843bf423386f9203d671d1	0	0	0	0	0	0	0	0	0	0	0	54	0	0	0	0	0	0	0	0	0	0	0	0	0	62	0	0	0	0	0	0	0	0	0	0	0	0	0	0	0	0	0	0	0
b2279f10fdf776de37bd354fee70d1dd	0	0	0	0	0	0	0	0	0	0	0	0	0	0	0	0	45	0	0	0	0	0	0	0	0	0	6	0	17	0	0	0	0	0	0	0	0	48	0	0	0	0	0	0	0
95d18abb4b96dd3643e599400a2f2dda	0	0	0	0	0	0	0	0	0	0	0	0	0	0	0	0	43	9	16	2	0	0	0	0	0	0	0	6	4	3	2	0	0	0	0	0	0	11	0	0	5	4	3	0	8
18beb714f9f979cd547331c17d6528f3	0	0	0	0	0	0	0	0	0	0	0	0	0	0	0	0	0	0	0	0	0	0	0	0	116	0	0	0	0	0	0	0	0	0	0	0	0	0	0	0	0	0	0	0	0
82f89f653cc6a7061d8862e9cfbba97e	0	0	14	0	0	14	0	0	0	0	0	0	0	0	0	0	0	0	0	0	0	0	0	0	0	0	30	31	16	4	0	0	0	0	0	0	0	0	0	0	0	0	0	0	6
72f93720b0d4a797a950fa3861bd635b	0	0	0	0	0	0	0	0	0	0	0	0	0	0	0	0	32	6	9	0	0	0	0	0	0	0	7	24	13	5	0	0	0	0	0	0	2	6	0	0	0	5	0	6	0
6a1d0d5ef6e77baf1f5b3d4d8f39d01b	0	0	0	0	0	0	0	0	0	0	0	0	0	0	0	0	27	12	9	2	0	0	0	0	0	0	5	7	3	2	0	0	0	0	0	0	0	15	0	0	8	8	2	11	4
b7d96ace8aeb2c69a218149ac26a6ce9	0	0	0	0	0	0	0	0	0	0	0	0	0	0	0	0	0	0	0	0	0	0	0	0	0	115	0	0	0	0	0	0	0	0	0	0	0	0	0	0	0	0	0	0	0
bbf9908e901b1b955bbae9da0141cf33	0	0	0	0	0	0	0	0	0	0	0	0	0	0	0	0	0	0	0	0	0	0	0	0	0	0	11	42	12	11	0	0	0	0	0	0	6	33	0	0	0	0	0	0	0
58b7fb394779991349635ebac1259e35	0	0	0	0	0	0	0	0	93	0	0	0	0	0	0	0	0	0	0	0	0	0	0	21	0	0	0	0	0	0	0	0	0	0	0	0	0	0	0	0	0	0	0	0	0
e7877c589cdfb58671d31e1d251f6a62	0	0	0	0	0	0	0	0	0	0	0	0	0	0	0	0	48	32	34	0	0	0	0	0	0	0	0	0	0	0	0	0	0	0	0	0	0	0	0	0	0	0	0	0	0
9fedb65fe5c0e4f2384790b560188ffb	0	0	0	0	0	0	0	0	0	0	0	0	0	0	0	0	0	0	0	0	0	0	0	0	114	0	0	0	0	0	0	0	0	0	0	0	0	0	0	0	0	0	0	0	0
1bf78a96b3ff21f897295fc1ddca3917	0	0	0	0	0	0	0	0	0	0	0	0	0	0	0	0	65	31	17	0	0	0	0	0	0	0	0	0	0	0	0	0	0	0	0	0	0	0	0	0	0	0	0	0	0
198a4cfaa1b45e2a9d56558fe0259334	0	0	0	0	0	0	0	0	0	0	0	0	0	0	0	0	0	0	0	0	0	0	0	0	0	0	42	28	0	0	0	0	0	0	0	0	0	0	0	0	0	9	11	14	9
ac8536096204837862c91f3c8c4b91bf	0	0	0	0	0	0	0	0	0	0	0	0	0	0	0	0	0	0	0	0	0	0	0	0	0	0	26	57	13	7	0	0	0	0	0	0	0	10	0	0	0	0	0	0	0
a61dc77eaf9120d4d94a48b3dff96229	14	0	0	7	0	0	22	0	0	0	0	0	0	40	29	0	0	0	0	0	0	0	0	0	0	0	0	0	0	0	0	0	0	0	0	0	0	0	0	0	0	0	0	0	0
5c7d13da75803e7dbacab7e8cf4cd9c1	0	0	0	0	0	0	0	0	0	0	0	0	0	0	0	0	40	32	22	0	0	0	0	0	0	0	0	0	1	3	0	0	0	0	0	0	0	10	0	0	4	0	0	0	0
2b868acb906ca5a23d3950b48894cd70	0	0	0	0	0	0	0	0	0	0	0	0	0	0	0	0	0	5	0	0	0	0	0	0	37	70	0	0	0	0	0	0	0	0	0	0	0	0	0	0	0	0	0	0	0
222aeb4309cc1cc61f2e52217435cd51	25	0	0	32	0	0	18	0	0	0	0	0	0	17	14	5	0	0	0	0	0	0	0	0	0	0	0	0	0	0	0	0	0	0	0	0	0	0	0	0	0	0	0	0	0
c26289db1d14a6b71450de4b5674d813	0	0	0	0	0	0	0	0	0	0	0	111	0	0	0	0	0	0	0	0	0	0	0	0	0	0	0	0	0	0	0	0	0	0	0	0	0	0	0	0	0	0	0	0	0
cac7431abb522666a82dead022f2568f	0	0	0	0	0	0	0	0	0	0	0	0	0	0	0	0	54	11	25	0	0	0	0	0	0	0	8	9	0	4	0	0	0	0	0	0	0	0	0	0	0	0	0	0	0
925a7efda4c35db096761a9317ebeeaa	0	0	0	0	0	0	0	0	0	0	0	0	0	0	0	0	30	21	0	0	0	0	0	0	0	0	3	13	6	0	0	0	0	0	0	0	3	11	0	0	15	0	0	6	3
5512bf126910e80d064d9a47bfaee9df	0	0	0	0	0	0	0	0	0	0	0	0	0	0	0	0	0	0	0	0	0	0	0	0	0	0	12	66	22	11	0	0	0	0	0	0	0	0	0	0	0	0	0	0	0
0016450436ffd0d4279dcd9e6dc13e89	0	0	0	0	0	0	0	0	0	0	0	0	0	0	0	0	0	0	0	0	0	0	0	0	0	0	0	22	14	16	0	0	0	0	0	0	3	29	0	0	7	4	6	6	4
ceb7c091bb7e08cf1810f5aae78c1760	0	0	0	0	0	0	0	0	0	0	110	0	0	0	0	0	0	0	0	0	0	0	0	0	0	0	0	0	0	0	0	0	0	0	0	0	0	0	0	0	0	0	0	0	0
72a2586eb1edbd6ad168e10633cbd4c9	0	0	0	0	0	0	0	0	0	0	0	0	0	0	0	0	65	24	21	0	0	0	0	0	0	0	0	0	0	0	0	0	0	0	0	0	0	0	0	0	0	0	0	0	0
437ebeb507a03fd49aad020df8504b93	0	0	0	0	0	0	0	0	0	0	0	0	0	0	0	0	0	0	0	0	0	64	46	0	0	0	0	0	0	0	0	0	0	0	0	0	0	0	0	0	0	0	0	0	0
51b049a4812bfc0b7c6dcab77dd01497	0	0	0	0	0	0	0	0	0	0	0	0	0	0	0	0	0	0	0	0	0	0	0	110	0	0	0	0	0	0	0	0	0	0	0	0	0	0	0	0	0	0	0	0	0
1c221aaa972e4a3a2e57b762a15b3cd8	0	0	0	0	0	0	0	0	0	0	0	0	0	0	0	0	13	0	0	0	0	0	0	0	0	0	0	16	8	0	0	0	0	0	0	0	9	41	0	0	0	10	5	0	7
f1c329ccf9ba7fc4f5a2c3ad8828c078	0	0	0	0	0	0	0	0	0	0	0	0	0	0	0	0	0	0	0	0	0	0	0	0	0	0	9	27	9	12	0	0	0	0	0	0	6	44	0	0	0	0	2	0	0
1f2d541368b7f4b8ae95d1a766afd8ee	0	0	0	0	42	0	0	66	0	0	0	0	0	0	0	0	0	0	0	0	0	0	0	0	0	0	0	0	0	0	0	0	0	0	0	0	0	0	0	0	0	0	0	0	0
b8f1a322ce4613430321f50a2823ee67	0	0	0	0	0	0	0	0	0	0	0	0	0	0	0	0	47	0	0	0	0	0	0	0	0	0	0	20	0	13	0	0	0	0	0	0	3	6	0	0	3	0	7	5	4
4dabaf642192c759c9413edf873152b6	0	0	0	0	0	0	0	0	0	0	0	0	0	0	0	0	46	11	11	0	0	0	0	0	0	0	0	10	0	2	0	0	0	0	0	0	5	23	0	0	0	0	0	0	0
80c05ce2137697ea0b83f396bec90415	0	0	0	0	0	0	0	0	0	0	0	0	0	0	0	0	28	14	10	0	0	0	0	0	0	0	3	8	5	0	0	0	0	0	0	0	4	25	0	0	8	0	0	0	3
02b2842ae1f04957a0b23cc2301fe5a2	20	0	0	32	0	0	28	0	0	0	0	0	0	10	14	3	0	0	0	0	0	0	0	0	0	0	0	0	0	0	0	0	0	0	0	0	0	0	0	0	0	0	0	0	0
b06347ebd57002f9458e811b4a9f57e4	0	0	0	0	0	0	0	0	0	0	0	0	0	0	0	0	58	0	0	0	0	0	0	0	0	0	0	0	0	0	0	0	0	0	0	0	0	0	0	0	25	24	0	0	0
3c1ea5991c915cc8bc288bc5b9c0e5d1	0	0	0	0	0	0	0	0	0	0	0	0	0	0	0	0	105	0	0	0	0	0	0	0	0	0	0	0	0	0	0	0	0	0	0	0	0	0	0	0	0	0	0	0	0
d36cec7f52a1d9a4731f9400499c5f6b	0	0	0	0	0	0	0	0	0	0	0	0	0	0	0	0	33	0	0	0	0	0	0	0	0	0	0	0	0	0	0	0	0	0	0	0	0	67	0	0	0	0	5	0	0
600ec693100451c480608045c48a11ce	0	0	0	0	0	0	0	0	0	0	0	0	0	0	0	0	23	18	12	5	0	0	0	0	0	0	12	18	0	3	0	0	0	0	0	0	9	5	0	0	0	0	0	0	0
994b4e0c9552f21fca01acca15dda602	0	0	0	0	0	0	0	0	0	0	0	0	0	0	0	0	0	0	0	0	0	0	0	0	0	0	0	48	0	0	0	0	0	0	0	0	14	43	0	0	0	0	0	0	0
1b1fbc92231f48255783a5b8276c07ef	0	0	0	0	0	0	0	0	0	0	0	0	0	0	0	0	0	0	0	0	0	0	0	0	0	0	0	0	0	0	0	0	0	0	0	0	0	0	0	105	0	0	0	0	0
ff27eda1d1512e7f451f51dc1cd5f165	0	0	0	0	0	0	0	0	0	0	0	0	0	0	0	0	9	0	0	0	0	0	0	0	0	0	14	49	14	5	0	0	0	0	0	0	0	13	0	0	0	0	0	0	0
0d5d819852db373f5e716631cd45a195	0	0	0	0	0	0	0	0	0	0	0	0	0	0	0	0	0	0	0	0	0	0	0	0	0	104	0	0	0	0	0	0	0	0	0	0	0	0	0	0	0	0	0	0	0
76d694ee05087af118262f93a9e64835	0	0	0	0	0	0	0	0	0	0	0	0	0	0	0	0	27	17	0	0	0	25	23	0	0	0	0	11	0	0	0	0	0	0	0	0	0	0	0	0	0	0	0	0	0
599520fb3987140452fd2d4fd0f7ca5f	0	0	0	0	0	0	0	0	0	0	0	0	0	0	0	0	11	0	0	0	0	0	0	0	0	0	13	19	12	3	0	0	0	0	0	0	6	29	0	3	0	0	3	0	3
8c8a97be145617a08e6d3e6832e6f090	0	0	0	0	0	0	0	0	0	0	0	0	0	0	0	0	0	0	0	0	0	35	67	0	0	0	0	0	0	0	0	0	0	0	0	0	0	0	0	0	0	0	0	0	0
e999d55b3b4c2d3e0d8d769a0883d72c	0	0	0	0	0	0	0	0	0	0	0	0	0	0	0	0	34	0	8	0	0	0	0	0	0	0	0	0	0	0	0	0	0	0	0	0	0	40	0	0	11	0	0	0	8
adeb2b26ea52718c58f28e6d6b8958d1	0	0	0	0	0	0	0	0	0	0	0	0	0	0	0	0	9	0	0	0	0	0	0	0	0	0	6	38	18	5	0	0	0	0	0	0	0	18	0	0	0	3	0	0	4
50fb80558566bd964e1eb5af767d9447	0	0	0	0	0	0	0	0	0	0	0	0	0	0	0	0	0	0	0	0	0	0	0	0	0	0	18	65	0	0	0	0	0	0	0	0	0	18	0	0	0	0	0	0	0
e2f6b195947d2a76931ae993fd8061da	0	0	0	0	0	0	0	0	0	0	47	0	0	0	0	0	0	0	0	0	0	0	0	0	0	53	0	0	0	0	0	0	0	0	0	0	0	0	0	0	0	0	0	0	0
6b2fc6af72b01d42c9c0d0894963d35c	0	0	0	0	0	0	0	0	0	0	0	0	0	0	0	0	19	7	12	0	0	0	0	0	0	0	0	9	9	0	0	0	0	0	0	0	8	19	0	0	4	6	0	7	0
fbaf61a692e94bfeb12885113202deca	27	0	0	10	0	0	28	0	0	0	0	0	0	17	13	4	0	0	0	0	0	0	0	0	0	0	0	0	0	0	0	0	0	0	0	0	0	0	0	0	0	0	0	0	0
43e8ce5079f0e96c9f4121ea275acee2	0	0	0	0	0	0	0	0	0	0	0	0	0	0	0	0	47	29	0	0	0	0	0	0	0	0	0	10	0	0	0	0	0	0	0	0	0	0	0	0	0	0	0	13	0
fa91e98b022e459829e2e253904c06b1	0	0	0	0	0	0	0	0	0	0	0	0	0	0	0	0	45	14	7	0	0	0	0	0	0	0	0	0	0	3	0	0	0	0	0	0	0	14	0	0	6	0	0	10	0
e1c19e0835e33eac81c818f97ea07550	0	0	0	0	0	0	0	0	0	0	0	0	0	0	0	0	27	3	6	0	0	0	0	0	0	0	6	16	12	6	0	0	0	0	0	0	2	10	0	0	1	3	3	4	0
5d38624e9f47d463c0753036be417e3f	0	0	0	0	0	0	0	0	0	0	0	0	0	0	0	0	11	0	11	0	0	0	0	0	0	0	7	27	11	7	0	0	0	0	0	0	0	16	0	0	6	0	0	0	3
1064c2d26fa3fd1dd57865501f7f6487	0	0	0	0	0	0	0	0	0	0	0	0	0	0	0	0	98	0	0	0	0	0	0	0	0	0	0	0	0	0	0	0	0	0	0	0	0	0	0	0	0	0	0	0	0
d9df9b8e3af7dbbbf49eb8bcc721223e	0	0	0	0	0	0	0	0	0	0	0	0	0	0	0	0	34	17	13	0	0	0	0	0	0	0	6	21	3	4	0	0	0	0	0	0	0	0	0	0	0	0	0	0	0
e3b268cc6101999080b9ba374a03e20d	0	0	0	0	0	0	0	0	0	0	0	0	0	0	0	0	20	0	8	3	0	0	0	0	0	0	0	5	0	0	0	0	0	0	0	0	7	41	0	0	0	7	3	0	4
a468e58cbf1bac21d66e38679c52a690	0	0	0	0	0	0	0	0	0	0	0	0	0	0	0	0	0	0	0	98	0	0	0	0	0	0	0	0	0	0	0	0	0	0	0	0	0	0	0	0	0	0	0	0	0
93dc192359182fca28acd9e1ed8bd807	0	0	0	0	0	0	0	0	0	0	0	0	0	0	0	0	9	5	0	0	0	0	0	0	0	0	0	0	0	0	0	0	0	0	0	0	0	54	0	0	5	6	5	9	4
c5d4e6fa84efd9e0f2f152e1492f9e8e	0	0	0	0	0	0	0	0	0	0	0	0	0	0	0	0	0	0	0	0	0	0	0	0	0	0	0	24	9	0	0	0	0	0	0	0	10	54	0	0	0	0	0	0	0
e8641a0baf55d290f6819c3179b28640	0	0	0	0	0	0	0	0	0	0	0	0	0	0	0	0	0	0	0	0	0	0	0	0	0	0	0	0	0	6	0	0	0	0	0	0	11	40	0	4	11	2	0	11	12
8fc68f593436d3a881157da79647f7e0	0	0	0	0	0	0	0	0	0	0	0	0	0	0	0	0	0	0	0	0	0	0	0	0	0	0	0	0	0	0	0	0	0	0	0	0	0	9	0	0	19	21	22	26	0
ffbfeb339d2f9b73525d18f4bd4e685a	0	0	0	0	0	0	0	0	0	0	0	0	0	0	0	0	96	0	0	0	0	0	0	0	0	0	0	0	0	0	0	0	0	0	0	0	0	0	0	0	0	0	0	0	0
92bc9ac9567f34fd1eb05d48e92d5c59	0	0	0	0	0	0	0	0	0	0	0	0	0	0	0	0	40	0	0	0	0	0	0	0	0	0	0	0	0	0	0	0	0	0	0	0	0	27	0	0	7	8	0	14	0
dd6a8ec6ea92b8d0fea56db6b47758c3	0	0	0	0	0	0	0	0	0	0	0	0	0	0	0	0	37	11	0	0	0	0	0	0	0	0	0	29	0	0	0	0	0	0	0	0	0	19	0	0	0	0	0	0	0
916aa55e14d288d3c9c3e7dc19b32d36	0	0	0	0	0	0	0	0	0	0	0	0	0	0	0	0	14	0	9	0	0	0	0	0	0	0	0	47	0	0	0	0	0	0	0	0	0	0	0	0	0	14	12	0	0
efd210ca3289ba896f5a04f5dab8f358	0	0	0	0	0	0	0	0	0	0	0	0	0	0	0	0	0	0	0	0	0	48	48	0	0	0	0	0	0	0	0	0	0	0	0	0	0	0	0	0	0	0	0	0	0
0b8ff75295cfb2ff79a6751466ff15ae	0	0	0	0	0	0	0	0	0	0	0	0	0	0	0	0	0	0	0	0	0	0	0	0	96	0	0	0	0	0	0	0	0	0	0	0	0	0	0	0	0	0	0	0	0
2bdf16238a50ca7f7d5f04777ce64166	0	0	0	0	0	0	0	0	0	0	0	0	0	0	0	0	0	0	0	0	0	0	0	0	0	0	0	33	0	0	0	0	0	0	0	0	13	50	0	0	0	0	0	0	0
b81c48b9b8d9c228f507005bf754b0d8	0	0	0	0	0	0	0	0	0	0	0	0	0	0	0	0	95	0	0	0	0	0	0	0	0	0	0	0	0	0	0	0	0	0	0	0	0	0	0	0	0	0	0	0	0
91e7a687710d1c4c89e299eeced34533	0	0	0	0	0	0	0	0	0	0	0	0	0	0	0	0	0	0	0	0	0	0	0	0	0	0	34	47	9	5	0	0	0	0	0	0	0	0	0	0	0	0	0	0	0
b1e39911e44c6faeee51c96e9fbcb150	0	0	94	0	0	0	0	0	0	0	0	0	0	0	0	0	0	0	0	0	0	0	0	0	0	0	0	0	0	0	0	0	0	0	0	0	0	0	0	0	0	0	0	0	0
75b17cc5d8d310cfc4df8094ca6e7356	0	0	0	0	0	0	0	0	0	0	0	0	0	0	0	0	0	0	0	0	0	0	0	0	0	0	14	49	14	2	0	0	0	0	0	0	0	7	0	0	2	4	0	0	2
1731c2e0073d6efa3128d75ff533f5e1	66	0	0	0	0	0	0	0	0	0	0	0	0	0	0	27	0	0	0	0	0	0	0	0	0	0	0	0	0	0	0	0	0	0	0	0	0	0	0	0	0	0	0	0	0
3284b25b62914a9b9e96ba07d85031ab	0	0	0	15	0	0	28	0	0	0	0	0	0	31	13	6	0	0	0	0	0	0	0	0	0	0	0	0	0	0	0	0	0	0	0	0	0	0	0	0	0	0	0	0	0
28c8b25a663a68c8def3f296b5c5090b	0	0	0	0	0	0	0	93	0	0	0	0	0	0	0	0	0	0	0	0	0	0	0	0	0	0	0	0	0	0	0	0	0	0	0	0	0	0	0	0	0	0	0	0	0
eeba31133ee4fac6182b7ed9eb989d58	0	0	0	0	0	0	0	0	0	0	0	0	0	0	0	0	30	6	4	3	0	0	0	0	0	0	3	0	6	6	0	0	0	0	0	0	0	4	0	0	11	7	4	9	0
13446711ed21bbcb7e085525ba5f3369	0	0	0	0	0	0	0	0	0	0	0	0	0	0	0	0	19	0	0	0	0	0	0	0	0	0	0	6	0	0	0	0	0	0	0	0	0	0	0	0	21	11	14	0	22
2db08c341d6dcc1d1ada0c3a49207578	0	0	0	0	0	0	0	0	0	0	0	0	0	0	0	0	10	8	0	0	0	0	0	0	0	0	6	6	6	7	0	0	0	0	0	0	6	27	0	0	4	7	4	2	0
a0da3af07fefdac41800883758e16866	0	0	0	0	0	0	0	0	0	0	0	0	0	0	0	0	0	0	0	3	0	0	0	0	0	0	8	44	6	8	0	0	0	0	0	0	3	21	0	0	0	0	0	0	0
0dde9f3e45638f37f6633511feb60f6c	0	0	0	0	0	0	0	0	0	0	0	0	0	0	0	0	0	0	0	0	0	93	0	0	0	0	0	0	0	0	0	0	0	0	0	0	0	0	0	0	0	0	0	0	0
1f4bbbbfa2e2e5a5878d05c1233dae43	0	0	0	0	0	0	0	0	0	0	0	0	0	0	0	0	0	0	0	0	0	0	0	0	93	0	0	0	0	0	0	0	0	0	0	0	0	0	0	0	0	0	0	0	0
6b4bbf01e0762b2a0be280cdaf4dfff4	0	0	0	0	0	0	0	0	0	0	0	0	0	0	0	0	0	0	0	0	0	0	0	0	0	0	0	0	0	0	0	0	0	0	0	0	0	93	0	0	0	0	0	0	0
fdb401a34cb3a9afe89c3755e18f18fc	0	0	0	0	0	0	0	0	0	0	92	0	0	0	0	0	0	0	0	0	0	0	0	0	0	0	0	0	0	0	0	0	0	0	0	0	0	0	0	0	0	0	0	0	0
09403870435de24e0d1079059a287957	0	0	0	0	0	0	0	0	0	0	57	0	0	0	0	0	0	0	0	0	0	0	0	0	0	35	0	0	0	0	0	0	0	0	0	0	0	0	0	0	0	0	0	0	0
08e8d7e1d4428a4f75d7317f632ffa17	0	0	0	0	0	0	0	0	0	0	0	0	0	0	0	0	33	0	0	0	0	0	0	0	0	0	0	17	0	3	0	0	0	0	0	0	0	18	0	0	6	4	3	8	0
9d8f36881223fa9afd5814af5bd24ba0	0	0	0	0	0	0	0	0	0	0	0	0	0	0	0	0	32	0	0	0	0	0	0	0	0	0	0	0	0	0	0	0	0	0	0	0	6	22	0	0	5	6	5	7	9
b2592f67a506af36b6a236c3ca392515	0	0	0	0	0	0	0	0	0	0	0	0	0	0	0	0	25	7	9	0	0	0	0	0	0	0	0	4	0	0	0	0	0	0	0	0	6	27	0	0	8	6	0	0	0
5974734ea69195f19bd0554f032f5ab7	0	0	0	0	0	0	0	0	0	0	0	0	0	0	0	0	14	6	9	0	0	0	0	0	0	0	10	32	17	0	0	0	0	0	0	0	0	4	0	0	0	0	0	0	0
1679052c1e77e8953ec92637f34a527f	0	0	0	0	0	0	0	0	0	0	0	0	0	0	0	0	0	0	0	0	0	0	92	0	0	0	0	0	0	0	0	0	0	0	0	0	0	0	0	0	0	0	0	0	0
23f3500889e1fd7cec6ce72df962912a	0	0	0	0	0	0	0	0	0	0	0	0	0	0	0	0	0	0	0	0	0	0	0	0	0	92	0	0	0	0	0	0	0	0	0	0	0	0	0	0	0	0	0	0	0
c9e3f2f955a8346e21e4d7da78f7545f	0	0	0	0	37	0	0	0	0	0	18	0	0	0	0	0	0	36	0	0	0	0	0	0	0	0	0	0	0	0	0	0	0	0	0	0	0	0	0	0	0	0	0	0	0
e8aca2f2c94f3537e1900d33077ab1a7	0	0	0	0	0	0	0	0	0	17	0	0	0	0	0	0	0	16	13	0	0	0	0	0	0	0	0	0	0	0	0	0	0	0	0	0	0	0	0	14	0	0	14	17	0
74461ae14973ed50cc57fcdad37550bf	0	0	0	0	0	0	0	0	0	0	0	0	0	0	0	0	27	0	6	0	0	0	0	0	0	0	0	9	0	0	0	0	0	0	0	0	0	28	0	0	0	12	0	0	9
0d533cdc25e81f15e4109dfe946c4970	0	0	0	0	0	0	0	0	0	0	0	0	0	0	0	0	5	0	0	0	0	0	0	0	0	0	6	14	3	4	0	0	15	17	0	0	7	20	0	0	0	0	0	0	0
a30eaafd5064c557c370ae03b826c40b	0	0	0	0	0	0	0	0	0	0	0	0	0	0	0	0	4	3	0	60	0	0	0	0	0	0	0	0	0	0	0	0	0	0	0	0	0	0	0	0	10	0	5	9	0
31a52b5bf93f9ad0322647c9c29a6d76	0	0	0	0	0	0	0	0	0	0	0	0	0	0	0	0	0	0	0	0	0	41	50	0	0	0	0	0	0	0	0	0	0	0	0	0	0	0	0	0	0	0	0	0	0
8baa23448ad65d47c6879c19eeb0e746	0	0	0	26	0	0	64	0	0	0	0	0	0	0	0	0	0	0	0	0	0	0	0	0	0	0	0	0	0	0	0	0	0	0	0	0	0	0	0	0	0	0	0	0	0
cd79a7341afd1055b0f536a7481278aa	0	0	0	0	0	0	0	0	0	0	0	0	0	0	0	0	90	0	0	0	0	0	0	0	0	0	0	0	0	0	0	0	0	0	0	0	0	0	0	0	0	0	0	0	0
b5af35350beaddbb39df722fd02ca4cd	0	0	0	0	0	0	0	0	0	0	0	0	0	0	0	0	71	0	0	0	0	0	0	0	0	0	0	0	10	0	0	0	0	0	0	0	0	9	0	0	0	0	0	0	0
0c8a863aa50bf14b21e872c802c64c60	0	0	0	0	0	0	0	0	0	0	0	0	0	0	0	0	48	24	18	0	0	0	0	0	0	0	0	0	0	0	0	0	0	0	0	0	0	0	0	0	0	0	0	0	0
0e78aaa40dce80ea3af8202d1204c6a1	0	0	0	0	0	0	0	0	0	0	0	0	0	0	0	0	0	0	0	0	0	68	22	0	0	0	0	0	0	0	0	0	0	0	0	0	0	0	0	0	0	0	0	0	0
22f4d00b07e65b7ba4bbe3ad3570a61c	0	0	0	0	0	0	0	0	0	0	0	0	0	0	0	0	28	8	12	0	0	18	0	0	0	0	0	19	4	0	0	0	0	0	0	0	0	0	0	0	0	0	0	0	0
da85838d9fd8aad9e02fef92e321b4e4	0	0	0	0	0	0	0	0	0	0	0	0	0	0	0	0	0	0	0	0	0	41	48	0	0	0	0	0	0	0	0	0	0	0	0	0	0	0	0	0	0	0	0	0	0
13a4418f9d052818450814621470ad7b	0	0	0	0	0	0	0	0	0	0	0	0	0	0	0	0	0	0	0	0	0	0	0	0	0	0	30	36	23	0	0	0	0	0	0	0	0	0	0	0	0	0	0	0	0
369906d432efb2e771efcab20af116bc	0	0	0	0	0	0	0	0	0	0	39	0	49	0	0	0	0	0	0	0	0	0	0	0	0	0	0	0	0	0	0	0	0	0	0	0	0	0	0	0	0	0	0	0	0
ae826dfe166ce82dca4340267856d230	0	0	0	0	0	0	0	0	0	0	0	0	0	0	0	0	88	0	0	0	0	0	0	0	0	0	0	0	0	0	0	0	0	0	0	0	0	0	0	0	0	0	0	0	0
c5b9398eca487cf8804a1a77e4371534	0	0	0	0	0	0	0	0	0	0	0	0	0	0	0	0	43	38	0	0	0	0	0	0	0	0	0	7	0	0	0	0	0	0	0	0	0	0	0	0	0	0	0	0	0
b52c4f7266f25fa299df426eddb3865a	0	0	0	0	0	0	0	0	0	0	0	0	0	0	0	0	37	8	9	0	0	0	0	0	0	0	3	5	0	3	0	0	0	0	0	0	6	11	0	0	0	0	0	0	6
9cccf9a98f8fe692ed08fb12d0720b75	0	0	0	0	0	0	0	0	0	0	0	0	0	0	0	0	27	10	10	3	0	0	0	0	0	0	0	0	0	0	0	0	0	0	0	0	4	14	0	3	9	0	0	8	0
a8bf5052a865c3697d9952640d19c98d	0	0	87	0	0	0	0	0	0	0	0	0	0	0	0	0	0	0	0	0	0	0	0	0	0	0	0	0	0	0	0	0	0	0	0	0	0	0	0	0	0	0	0	0	0
20cac722e4c79ef8e001ba1a17ef9533	0	0	0	0	0	0	0	0	0	0	87	0	0	0	0	0	0	0	0	0	0	0	0	0	0	0	0	0	0	0	0	0	0	0	0	0	0	0	0	0	0	0	0	0	0
728ee6d6c8b5afeb2727b9b2afa69e8e	0	0	0	0	0	0	0	0	0	0	0	0	0	0	0	0	35	0	0	0	0	0	0	0	0	0	0	0	0	0	0	0	0	0	0	0	0	16	0	0	0	23	0	13	0
344659dee90d133856728df2638b7f96	0	0	0	0	0	0	0	0	0	0	0	0	0	0	0	0	39	0	15	0	0	0	0	0	0	0	0	0	0	0	0	0	0	0	0	0	0	18	0	0	6	8	0	0	0
d0c1fcb2ecb6bc6a4ddf83857061a7e3	0	0	0	0	0	0	0	0	0	0	0	0	0	0	0	0	21	0	0	0	0	0	0	0	0	0	3	14	4	4	0	0	0	0	0	0	10	30	0	0	0	0	0	0	0
527b48a57aaa8243b42db9f663a40bd2	0	0	0	0	0	0	0	0	0	0	0	0	0	0	0	0	0	0	0	0	0	0	0	0	0	0	10	20	8	7	0	0	0	0	0	0	10	31	0	0	0	0	0	0	0
629ae94e2035e3ba77d4f17e7f4a79ee	0	0	0	0	0	0	0	0	0	0	0	0	0	0	0	0	0	0	0	0	0	0	0	0	0	0	0	0	0	0	0	0	0	0	0	0	0	86	0	0	0	0	0	0	0
02f95d61d91b74f3da0742d629e2788d	0	0	0	0	0	0	0	85	0	0	0	0	0	0	0	0	0	0	0	0	0	0	0	0	0	0	0	0	0	0	0	0	0	0	0	0	0	0	0	0	0	0	0	0	0
ae55642c64c37a782f2593575057e765	0	0	0	0	0	0	0	0	0	0	0	0	26	0	0	0	0	0	0	0	0	0	0	0	59	0	0	0	0	0	0	0	0	0	0	0	0	0	0	0	0	0	0	0	0
dee861ad15ba680d07fe933c312a82ad	0	0	0	0	0	0	0	0	0	0	0	0	0	0	0	0	85	0	0	0	0	0	0	0	0	0	0	0	0	0	0	0	0	0	0	0	0	0	0	0	0	0	0	0	0
4e24f9a28b0bc9f6f0720747e0d586b0	0	0	0	0	0	0	0	0	0	0	0	0	0	0	0	0	50	20	15	0	0	0	0	0	0	0	0	0	0	0	0	0	0	0	0	0	0	0	0	0	0	0	0	0	0
f2928c80666aaf1e2f187dab87c40d85	0	0	0	0	0	0	0	0	0	0	0	0	0	0	0	0	0	0	0	37	0	0	0	0	0	0	0	21	4	6	0	0	0	0	0	0	0	3	0	0	12	2	0	0	0
559bd41dc7d5d3a93e0a25df36071fb8	0	0	0	0	0	0	0	0	0	0	0	0	0	0	0	0	0	0	0	0	0	30	7	0	0	0	6	9	4	3	0	0	0	0	0	0	4	20	0	0	0	0	2	0	0
5bdf75ee9519031ee024853b99417118	0	0	0	0	0	0	0	0	0	0	0	0	0	0	0	0	0	0	0	0	0	0	0	0	0	0	10	65	10	0	0	0	0	0	0	0	0	0	0	0	0	0	0	0	0
c44c9c55f988270b807ee90eb89994a5	0	0	0	0	0	0	0	0	0	0	0	0	0	0	0	0	84	0	0	0	0	0	0	0	0	0	0	0	0	0	0	0	0	0	0	0	0	0	0	0	0	0	0	0	0
66d8ecaf0f5f1cf023ba0c371ef836c1	0	0	0	0	0	0	0	0	0	0	0	0	0	0	0	0	6	4	0	0	0	0	0	0	0	0	5	15	4	8	0	0	0	0	0	0	0	22	0	0	4	5	3	8	0
710f3904b27ae60adca85a8ba77fb7aa	0	0	0	0	0	0	0	0	0	0	0	0	0	0	0	0	0	0	0	0	0	0	84	0	0	0	0	0	0	0	0	0	0	0	0	0	0	0	0	0	0	0	0	0	0
7337431bc35b58de39893e6d6db1772b	0	0	0	0	0	0	0	0	0	0	0	0	0	0	0	0	0	0	0	0	0	0	0	0	0	84	0	0	0	0	0	0	0	0	0	0	0	0	0	0	0	0	0	0	0
50a9eb572d34c3a2d3a839f861d01fce	0	0	0	0	0	0	0	0	0	0	0	0	0	0	0	0	0	0	0	0	0	0	0	0	0	0	0	84	0	0	0	0	0	0	0	0	0	0	0	0	0	0	0	0	0
afc55d158fdec915e6bf2617fef1f90f	0	0	0	0	0	0	0	0	0	0	0	0	0	0	0	0	0	0	0	0	0	0	0	0	0	0	0	21	22	15	0	0	0	0	0	0	0	22	0	0	0	0	0	4	0
0dfa0cced39a9622790f0329cfeb3c11	0	0	0	0	0	0	0	83	0	0	0	0	0	0	0	0	0	0	0	0	0	0	0	0	0	0	0	0	0	0	0	0	0	0	0	0	0	0	0	0	0	0	0	0	0
3bfeaec2589147c8a55e445805b8a173	0	0	0	0	0	0	0	0	0	0	0	0	0	0	0	0	35	10	7	0	0	0	0	0	0	0	10	14	0	0	0	0	0	0	0	0	0	0	0	0	0	7	0	0	0
8404dc86fa4f4f78e62d974cf7b63879	0	0	0	0	0	0	0	0	0	0	0	0	0	0	0	0	31	5	0	0	0	0	0	0	0	0	0	10	0	0	0	0	0	0	0	0	7	13	0	0	5	0	6	6	0
cb80a642d496a7ffb233c4c7792d59b9	0	0	0	0	0	0	0	0	0	0	0	0	0	0	0	0	27	0	4	0	0	0	0	0	0	0	0	0	0	0	0	0	0	0	0	0	10	20	0	0	10	4	3	0	5
40d31ad6ca0cd0134e328ddd7e42bde3	0	0	0	0	0	0	0	0	0	0	0	0	0	0	0	0	0	0	0	0	0	65	18	0	0	0	0	0	0	0	0	0	0	0	0	0	0	0	0	0	0	0	0	0	0
06f1197e1f9dd2240e8a79d0653e3af9	0	0	0	0	0	0	0	0	0	0	0	0	0	0	0	0	82	0	0	0	0	0	0	0	0	0	0	0	0	0	0	0	0	0	0	0	0	0	0	0	0	0	0	0	0
56d3e81a1d031ec67094ffa717ac4069	0	0	0	0	0	0	0	0	0	0	0	0	0	0	0	0	10	5	4	0	0	0	0	0	0	0	3	29	6	0	0	0	0	0	0	0	6	10	0	0	0	4	2	0	3
b8dcb6e40293064bd73b5acbd6c0fd92	0	0	0	0	0	0	0	0	0	0	0	0	0	0	0	0	0	0	0	0	0	0	0	0	0	0	5	18	4	6	0	0	0	0	0	0	9	40	0	0	0	0	0	0	0
2e47ea5c9b05bece41659a87c3b67685	0	0	0	0	0	0	0	0	0	0	0	0	0	0	0	0	0	0	0	0	0	0	0	0	0	0	0	0	0	0	0	0	0	0	0	0	0	0	0	82	0	0	0	0	0
4290a5f4df7af1d28c5dfa1c6c4e52a8	0	0	0	0	0	0	0	81	0	0	0	0	0	0	0	0	0	0	0	0	0	0	0	0	0	0	0	0	0	0	0	0	0	0	0	0	0	0	0	0	0	0	0	0	0
e5bc4231a3500a7f77672b9da3ec8a9d	0	0	0	0	0	0	0	0	0	0	0	0	0	0	0	0	59	0	0	0	0	0	0	0	0	0	0	0	0	0	0	0	0	0	0	22	0	0	0	0	0	0	0	0	0
a72450cefa6199f0bcd0777221b723e8	0	0	0	0	0	0	0	0	0	0	0	0	0	0	0	0	29	22	18	0	0	0	0	0	0	0	4	5	0	0	0	0	0	0	0	0	0	0	0	0	0	0	3	0	0
7cd1b53fd8ba2e5b98707808e6553b04	0	0	0	0	0	0	0	0	0	0	0	0	0	0	0	0	20	8	0	0	0	0	0	0	0	0	0	24	0	7	0	0	0	0	0	0	0	14	0	0	0	0	0	8	0
1c9631f07d12910b74f3accab6fe84c5	0	0	0	0	0	0	0	0	0	0	0	0	0	0	0	0	0	0	0	0	0	81	0	0	0	0	0	0	0	0	0	0	0	0	0	0	0	0	0	0	0	0	0	0	0
af714e68f29fe272436c9901674f1f60	0	0	0	0	0	0	0	0	0	0	0	0	0	0	0	0	0	0	0	0	0	0	0	0	81	0	0	0	0	0	0	0	0	0	0	0	0	0	0	0	0	0	0	0	0
d4f9dc0aefce4cbe273d651b58512cee	0	0	80	0	0	0	0	0	0	0	0	0	0	0	0	0	0	0	0	0	0	0	0	0	0	0	0	0	0	0	0	0	0	0	0	0	0	0	0	0	0	0	0	0	0
d5223c7eb522b8454f70e365d290059e	0	0	0	0	0	0	0	0	0	0	0	0	0	0	0	0	80	0	0	0	0	0	0	0	0	0	0	0	0	0	0	0	0	0	0	0	0	0	0	0	0	0	0	0	0
aa636010262c11dab773c7fd8cbdb635	0	0	0	0	0	0	0	0	0	0	0	0	0	0	0	0	54	18	8	0	0	0	0	0	0	0	0	0	0	0	0	0	0	0	0	0	0	0	0	0	0	0	0	0	0
3cd10ece5b7d9d72123ca1ee0c590466	0	0	0	0	0	0	0	0	0	0	0	0	0	0	0	0	46	0	34	0	0	0	0	0	0	0	0	0	0	0	0	0	0	0	0	0	0	0	0	0	0	0	0	0	0
aeea5a84a6d7597e9d174766762840db	0	0	0	0	0	0	0	0	0	0	0	0	0	0	0	0	32	0	0	0	0	0	0	0	0	0	0	0	0	0	0	0	0	0	0	0	0	48	0	0	0	0	0	0	0
fc66de938ba81f6928db0fbc434c8132	0	0	0	0	0	0	0	0	0	0	0	0	0	0	0	0	9	0	0	0	0	0	0	0	0	0	0	27	11	10	0	0	0	0	0	0	4	19	0	0	0	0	0	0	0
d0da836a7651f9a17db3ba596f835645	0	0	0	0	0	0	0	0	0	0	0	0	0	0	0	0	0	0	0	3	0	0	0	0	0	0	0	0	0	0	8	0	0	0	0	0	0	0	0	0	9	16	15	15	14
5537eb92e479cd33fa4608811529de39	0	0	0	0	0	0	0	0	0	0	0	0	0	0	0	0	50	18	11	0	0	0	0	0	0	0	0	0	0	0	0	0	0	0	0	0	0	0	0	0	0	0	0	0	0
c06a72e7babe80c69970f3b8f97cef08	0	0	0	0	0	0	0	0	0	0	0	0	0	0	0	0	45	14	18	0	0	0	0	0	0	0	0	0	0	0	0	0	0	0	0	0	0	0	0	0	0	0	0	2	0
7f870b854ec0b7c4aa70286753a2ce54	0	0	0	0	0	0	0	0	0	0	0	0	0	0	0	0	26	10	0	0	0	0	0	0	0	0	5	17	0	0	0	0	0	0	0	0	0	5	0	0	5	0	0	11	0
3eaecfae310e6e13f69f80c39602a986	0	0	0	0	0	0	0	0	0	0	0	0	0	0	0	0	9	6	0	5	0	0	0	0	0	0	9	18	9	3	0	0	0	0	0	0	0	14	0	0	3	3	0	0	0
c7f53080adae329e5a05cb20c051d9e3	0	0	0	0	0	0	0	0	0	0	0	0	0	0	0	0	0	0	0	0	0	0	0	0	0	0	0	31	16	15	0	0	0	0	0	0	4	13	0	0	0	0	0	0	0
b73a775dda81449b9aff64de72f16043	0	0	0	0	0	0	0	0	0	0	0	0	4	0	0	0	0	0	0	0	0	0	0	0	0	74	0	0	0	0	0	0	0	0	0	0	0	0	0	0	0	0	0	0	0
47a8dad49d2690a47021fa17dd090728	0	0	0	0	0	0	0	0	0	0	0	0	0	0	0	0	52	10	0	0	0	0	0	0	0	0	0	0	0	0	0	0	0	0	0	0	0	0	0	0	8	4	4	0	0
0fbc444cdd27cd5845dbf03336a0d9f5	0	0	0	0	0	0	0	0	0	0	0	0	0	0	0	0	49	10	6	0	0	0	0	0	0	0	0	8	0	3	0	0	0	0	0	0	0	2	0	0	0	0	0	0	0
6df6fbcf95a1a54bd249574acfe31c8a	0	0	0	0	0	0	0	0	0	0	0	0	0	0	0	0	37	19	0	0	0	0	0	0	0	0	0	0	0	0	0	0	0	0	0	0	0	19	0	0	0	0	3	0	0
acd5c909b64c81fe954178052547a76d	0	0	0	0	0	0	0	0	0	0	0	0	0	0	0	0	29	17	8	19	0	0	0	0	0	0	0	0	0	0	0	0	0	0	0	0	0	0	0	0	0	0	0	5	0
aca48f39c8dcd00fe9f15417a94fb55d	0	0	0	0	0	0	0	0	0	0	0	0	0	0	0	0	25	0	0	0	0	0	0	0	0	0	0	19	0	9	0	0	0	0	0	0	0	25	0	0	0	0	0	0	0
96f7871d224b3cacd308569c180dea59	0	0	0	0	0	0	0	0	0	0	0	0	0	0	0	0	22	0	0	0	0	0	0	0	0	0	10	14	0	0	0	0	0	0	0	0	0	24	0	0	8	0	0	0	0
e60a4ebb254c387b73f5cee460bd3f46	0	0	0	0	0	0	0	0	0	0	0	0	0	0	0	0	21	4	4	0	0	0	0	0	0	0	0	5	4	0	0	0	0	0	0	0	7	11	0	0	8	6	3	5	0
f5123b3b0b0f5fbf14cc701338aa8c87	0	0	0	0	0	0	0	0	0	0	0	0	0	0	0	0	3	3	0	0	0	0	0	0	0	0	17	32	4	10	0	0	0	0	0	0	2	7	0	0	0	0	0	0	0
729fd96593504256b00e1e89ed09e48b	0	0	0	0	0	0	0	0	0	0	0	0	0	0	0	0	11	9	0	0	0	0	0	0	0	0	0	5	6	0	0	0	0	0	0	0	0	9	0	0	10	10	4	13	0
4962ee72b748100a031c1b42d12a6e80	0	0	0	0	0	0	0	0	0	0	0	0	0	0	0	0	10	5	6	0	0	0	0	0	0	0	0	20	7	6	0	0	0	0	0	0	0	12	0	0	5	0	0	4	2
07f4a09d910d08f00270562f7a0d6b13	0	0	0	0	0	0	0	0	0	0	0	0	0	0	0	0	0	0	0	2	61	0	0	0	0	0	0	0	0	0	0	0	0	0	0	0	0	0	0	0	0	0	0	6	8
6c778bfc70a503a44b4afb3861e6a966	0	0	0	0	0	0	0	0	0	0	0	0	0	0	0	0	0	0	0	0	0	18	25	0	0	34	0	0	0	0	0	0	0	0	0	0	0	0	0	0	0	0	0	0	0
336acc9093d6a99a853f479394ac53c4	0	0	0	0	0	0	0	0	0	0	0	0	0	0	0	0	0	0	0	0	0	0	0	0	0	0	13	31	23	7	0	0	0	0	0	0	0	3	0	0	0	0	0	0	0
f751d339ce99dee397ac8d657b3700e7	0	0	0	0	0	0	0	0	0	0	0	0	0	0	0	0	0	0	0	0	0	0	0	0	0	0	4	25	3	0	0	0	0	0	0	0	5	38	0	2	0	0	0	0	0
685e8a35489437fe1019481ae0afc558	0	0	0	0	0	0	0	0	0	0	0	0	76	0	0	0	0	0	0	0	0	0	0	0	0	0	0	0	0	0	0	0	0	0	0	0	0	0	0	0	0	0	0	0	0
8c30eb19e3eb2504eb34b4e85a152beb	0	0	0	0	0	0	0	0	0	0	0	0	0	0	0	0	42	12	16	0	0	0	0	0	0	0	0	6	0	0	0	0	0	0	0	0	0	0	0	0	0	0	0	0	0
fd130d6a7efd1b43ec059e11c4fa0b19	0	0	0	0	0	0	0	0	0	0	0	0	0	0	0	0	34	10	17	0	0	0	0	0	0	0	0	0	0	0	0	0	0	0	0	0	0	0	0	0	0	0	5	8	2
035ed03a69fd9146595329036e11756e	0	0	0	0	0	0	0	0	0	0	0	0	0	0	0	0	30	0	0	0	0	0	0	0	0	0	0	12	0	0	0	0	0	0	0	0	0	21	0	0	0	0	0	8	5
54309db562367cdae1eef62f452c4961	0	0	0	0	0	0	0	0	0	0	0	0	0	0	0	0	29	17	10	0	0	0	0	0	0	0	0	7	0	0	0	0	0	0	0	0	0	7	0	0	1	0	0	3	2
55ec5c3c36d15b37e35468e5545ffc4e	0	0	0	0	0	0	0	0	0	0	0	0	0	0	0	0	0	0	0	0	0	0	0	0	0	0	17	35	0	0	0	0	0	0	0	0	0	0	0	0	0	12	0	0	12
e1314542ab7f66329a34e7b4e767b394	0	0	0	0	0	0	0	0	0	0	0	0	0	0	0	0	0	0	0	0	0	0	0	0	0	0	0	76	0	0	0	0	0	0	0	0	0	0	0	0	0	0	0	0	0
ab609443561dc5ff0377498a2c561e84	0	0	0	0	0	0	0	75	0	0	0	0	0	0	0	0	0	0	0	0	0	0	0	0	0	0	0	0	0	0	0	0	0	0	0	0	0	0	0	0	0	0	0	0	0
fc018834c3f9d31513224a170d9b2397	0	0	0	0	0	0	0	0	16	0	0	0	0	0	0	0	0	0	0	0	0	0	0	0	0	0	9	33	0	8	0	0	0	0	0	0	0	4	0	0	5	0	0	0	0
3eeeae1a68cef636d72ee5dea3d62d9f	0	0	0	0	0	0	0	0	0	0	0	0	0	0	0	0	75	0	0	0	0	0	0	0	0	0	0	0	0	0	0	0	0	0	0	0	0	0	0	0	0	0	0	0	0
fb4585e7018a015e6891ca68dea3544d	0	0	0	0	0	0	0	0	0	0	0	0	0	0	0	0	43	16	16	0	0	0	0	0	0	0	0	0	0	0	0	0	0	0	0	0	0	0	0	0	0	0	0	0	0
3bb76ca602f04da47674e16cfb9e789c	0	0	0	0	0	0	0	0	0	0	0	0	0	0	0	0	31	0	0	0	0	0	0	0	0	0	0	6	0	4	0	0	0	0	0	0	6	22	0	0	0	0	0	6	0
8484ced0b8927095b61fa7287cedd2e6	0	0	0	0	0	0	0	0	0	0	0	0	0	0	0	0	0	0	0	0	0	36	39	0	0	0	0	0	0	0	0	0	0	0	0	0	0	0	0	0	0	0	0	0	0
bd2c5be0bf74767525f5cb0d7fb5530c	0	0	0	0	0	0	0	0	0	0	0	0	0	0	0	0	41	18	15	0	0	0	0	0	0	0	0	0	0	0	0	0	0	0	0	0	0	0	0	0	0	0	0	0	0
f4223d2fad63f52580004813fc5fe006	0	0	0	0	0	0	0	0	0	0	0	0	0	0	0	0	20	7	2	0	0	0	0	0	0	0	0	5	2	3	0	0	0	0	0	0	5	20	0	0	0	0	4	0	6
be2a8686390f5cd6eb6f59b16011ba1b	0	0	0	0	0	0	0	0	0	0	0	0	0	0	0	0	0	0	0	34	0	0	0	0	0	0	6	11	0	4	0	0	0	0	0	0	0	0	0	0	0	5	5	5	4
b498c11d251d546ab084629333fce319	0	0	0	0	0	0	0	0	0	0	0	0	0	0	0	0	0	0	0	0	0	56	18	0	0	0	0	0	0	0	0	0	0	0	0	0	0	0	0	0	0	0	0	0	0
5f45e3576888e5edf59e644b5501b91a	0	0	0	0	0	0	0	0	0	0	0	0	0	0	0	0	0	0	0	0	0	55	19	0	0	0	0	0	0	0	0	0	0	0	0	0	0	0	0	0	0	0	0	0	0
1184fe4f4cade871be558ac674c76dfe	0	0	0	0	0	0	0	0	0	0	0	0	0	0	0	0	0	0	0	0	0	0	0	0	0	0	0	74	0	0	0	0	0	0	0	0	0	0	0	0	0	0	0	0	0
bdddce692162796754069716f4b4d4f2	0	0	0	0	0	0	0	0	0	0	0	0	0	0	0	0	0	0	0	0	0	0	0	0	0	0	0	74	0	0	0	0	0	0	0	0	0	0	0	0	0	0	0	0	0
5c9af27dd57d3874ddb48503d8ea074c	0	0	0	0	0	0	0	0	0	0	0	0	0	0	0	0	0	0	0	0	0	0	0	0	0	0	0	51	23	0	0	0	0	0	0	0	0	0	0	0	0	0	0	0	0
006b354b52205a69e6d0e5b4df5be4d4	0	0	0	0	0	0	0	0	0	0	0	0	0	0	0	0	0	0	0	0	0	0	0	0	73	0	0	0	0	0	0	0	0	0	0	0	0	0	0	0	0	0	0	0	0
724d7496699e0f5c659f2f6b62f141e6	0	0	0	0	0	0	0	0	0	0	0	0	0	0	0	0	0	0	0	0	0	0	0	0	0	0	0	0	0	0	0	0	0	0	0	0	0	73	0	0	0	0	0	0	0
f56b4522fbe0a6529d4647a1ef698812	0	0	0	0	0	0	0	72	0	0	0	0	0	0	0	0	0	0	0	0	0	0	0	0	0	0	0	0	0	0	0	0	0	0	0	0	0	0	0	0	0	0	0	0	0
d146f623d335c49d8e453501afc85503	0	0	0	0	0	0	0	0	0	0	0	0	0	0	0	0	25	14	0	18	0	0	0	0	0	0	7	8	0	0	0	0	0	0	0	0	0	0	0	0	0	0	0	0	0
0c055cb88fe28a37e1be7bd5c0cf6c3b	0	0	0	0	0	0	0	0	0	0	0	0	0	0	0	0	9	7	0	0	0	0	0	0	0	0	0	12	3	2	0	0	0	0	0	0	0	0	0	0	11	0	6	18	4
af190b852cec0d6eb78c15eb0e8777e0	0	0	0	0	0	0	0	0	0	0	0	0	0	0	0	0	6	0	0	0	0	0	0	0	0	0	22	30	10	4	0	0	0	0	0	0	0	0	0	0	0	0	0	0	0
372d41cbb51338a7dbd9d79986ae2b7b	0	0	0	0	0	0	0	0	0	0	0	0	0	0	0	0	5	0	0	0	0	0	0	0	0	0	6	13	0	0	5	0	0	0	0	0	7	28	0	0	4	0	0	0	4
73d560cd87a075e9e2424e1d468b0e6f	0	0	0	0	0	0	0	0	0	0	0	0	0	0	0	0	0	0	0	0	0	65	7	0	0	0	0	0	0	0	0	0	0	0	0	0	0	0	0	0	0	0	0	0	0
8bb4b4ef1e7f4c7a700b5f718c4de1a0	0	0	0	0	0	0	0	0	0	0	0	0	0	0	0	0	0	0	0	0	0	0	0	0	0	72	0	0	0	0	0	0	0	0	0	0	0	0	0	0	0	0	0	0	0
41e71be89906f7b63c59ef691a5daa53	0	0	0	0	0	0	0	0	0	0	0	0	0	0	0	0	0	0	0	0	0	0	0	0	0	0	0	72	0	0	0	0	0	0	0	0	0	0	0	0	0	0	0	0	0
7b09694e1404c6a495be9531d84dc100	0	0	0	0	0	0	0	0	0	0	0	0	0	0	0	0	40	7	0	0	0	0	0	0	0	0	0	0	0	0	0	0	0	0	0	0	0	11	0	0	7	0	6	0	0
be495d912e2462a90f2182d5c7895538	0	0	0	0	0	0	0	0	0	0	0	0	0	0	0	0	27	14	11	0	0	0	0	0	0	0	0	0	0	0	0	0	0	0	0	0	0	0	0	0	5	0	4	10	0
9c00beb74b97122982ff04557ba25d0f	0	0	0	0	0	0	0	0	0	0	0	0	0	0	0	0	22	0	0	0	0	0	0	0	0	0	0	0	0	0	0	0	0	0	0	0	0	0	0	0	20	9	9	11	0
a8cfcf59e6699e8c8eaf5e302d088b9c	0	0	0	0	0	0	0	0	0	0	0	0	0	0	0	0	16	0	0	0	0	0	0	0	0	0	0	14	0	0	0	0	0	0	0	0	0	12	0	0	11	6	6	6	0
0d05a23f85abe60facbe38d93f500d9d	0	0	0	0	0	0	0	0	0	0	0	0	0	0	0	0	0	0	0	0	0	30	41	0	0	0	0	0	0	0	0	0	0	0	0	0	0	0	0	0	0	0	0	0	0
0713153f2d8610c025ca828d3e0329e4	0	0	0	0	0	0	0	0	0	0	0	0	0	0	0	0	0	0	0	0	0	0	71	0	0	0	0	0	0	0	0	0	0	0	0	0	0	0	0	0	0	0	0	0	0
134c3eb4cd911485258468fe142f6fce	0	0	0	0	0	0	0	0	0	0	0	0	0	0	0	0	0	0	0	0	0	0	0	0	0	0	17	28	3	12	0	0	0	0	0	0	4	7	0	0	0	0	0	0	0
6a6d753da352817d4355ba8270c40174	0	0	0	0	0	0	0	0	0	0	0	0	0	0	0	0	0	0	0	0	0	0	0	0	0	0	16	24	0	10	0	0	0	0	0	0	0	13	0	0	4	4	0	0	0
4b7b82e20f7eab43d263df87d571c152	0	0	0	0	0	0	0	0	0	0	0	0	0	0	0	0	0	0	0	0	0	0	0	0	0	0	0	31	0	13	0	0	0	0	0	0	0	27	0	0	0	0	0	0	0
9a09097bdaf3774270481b6fb45b03b2	0	0	0	0	0	0	0	0	0	0	0	0	0	0	0	0	0	0	0	0	0	0	0	0	0	0	0	22	6	11	0	0	0	0	0	0	5	26	0	0	1	0	0	0	0
81ecf04b23798590dbd17ded7d584317	0	70	0	0	0	0	0	0	0	0	0	0	0	0	0	0	0	0	0	0	0	0	0	0	0	0	0	0	0	0	0	0	0	0	0	0	0	0	0	0	0	0	0	0	0
09478e5163913fb8cf0ce503d4a566cb	0	0	0	0	0	0	0	70	0	0	0	0	0	0	0	0	0	0	0	0	0	0	0	0	0	0	0	0	0	0	0	0	0	0	0	0	0	0	0	0	0	0	0	0	0
747e38ba531b3cd277c51251f393b8eb	0	0	0	0	0	0	0	70	0	0	0	0	0	0	0	0	0	0	0	0	0	0	0	0	0	0	0	0	0	0	0	0	0	0	0	0	0	0	0	0	0	0	0	0	0
8ca6805abda5668d188201dafe99b069	0	0	0	0	0	0	0	0	0	0	0	0	0	0	0	0	32	0	0	0	0	0	0	0	0	0	0	15	9	8	6	0	0	0	0	0	0	0	0	0	0	0	0	0	0
50a8904c57fd732d9bcfb85307967767	0	0	0	0	0	0	0	0	0	0	0	0	0	0	0	0	0	0	0	0	0	0	0	0	0	70	0	0	0	0	0	0	0	0	0	0	0	0	0	0	0	0	0	0	0
1a4c314221a8af0142da796f65e940b5	0	0	0	0	0	0	0	0	0	0	0	0	0	0	0	0	34	0	0	0	0	0	0	0	0	0	0	23	0	0	0	0	0	0	0	0	0	0	0	0	12	0	0	0	0
0cfeabdfb54b4ea38c312ddae2bfbfa0	0	0	0	0	0	0	0	0	0	0	0	0	0	0	0	0	28	0	0	0	0	0	0	0	0	0	11	11	0	0	0	0	0	0	0	0	5	14	0	0	0	0	0	0	0
06550aa8c5d8caea375f2b2f1ca82c4a	0	0	0	0	0	0	0	0	0	0	0	0	0	0	0	0	15	0	0	0	0	0	0	0	0	0	8	23	10	3	0	0	0	0	0	0	0	10	0	0	0	0	0	0	0
4d109b54c084a50ebe2d372b215f95f0	0	0	0	0	0	0	0	0	0	0	0	0	0	0	0	0	0	0	0	0	0	0	69	0	0	0	0	0	0	0	0	0	0	0	0	0	0	0	0	0	0	0	0	0	0
f4597ca5002a3f76237728f63cf1019f	0	0	0	0	0	0	0	0	0	0	0	0	0	0	0	0	0	0	0	0	0	0	0	0	0	0	0	0	0	0	0	0	0	0	0	0	0	0	0	69	0	0	0	0	0
385c9006d29044589867ab1c65778cbe	0	0	0	0	0	0	0	0	0	0	0	0	0	0	0	0	0	0	0	0	0	0	0	0	0	0	0	0	0	0	0	0	0	0	0	0	0	0	0	0	0	0	69	0	0
6110c66a8ecd3fc55c955d38e8897a97	0	0	0	0	0	0	0	68	0	0	0	0	0	0	0	0	0	0	0	0	0	0	0	0	0	0	0	0	0	0	0	0	0	0	0	0	0	0	0	0	0	0	0	0	0
64158fead87302e45c56df308c54889b	0	0	0	0	0	0	0	0	0	0	0	0	0	0	0	0	38	11	16	0	0	0	0	0	0	0	0	3	0	0	0	0	0	0	0	0	0	0	0	0	0	0	0	0	0
b6a078684205cfd7471df04a1d7e1e6b	0	0	0	0	0	0	0	0	0	0	0	0	0	0	0	0	37	0	8	0	0	0	0	0	0	0	0	0	0	2	0	0	0	0	0	0	0	16	0	0	2	0	0	1	2
fee5d198f992a72cc830f8ee87951aa4	0	0	0	0	0	0	0	0	0	0	0	0	0	0	0	0	17	0	12	0	0	0	0	0	0	0	0	14	0	2	0	0	0	0	0	0	0	15	0	0	3	0	0	5	0
3c63b05b0c9caa6517fd4783aa9391c7	0	0	0	0	0	0	0	0	0	0	0	0	0	0	0	0	0	0	0	0	0	68	0	0	0	0	0	0	0	0	0	0	0	0	0	0	0	0	0	0	0	0	0	0	0
4c3f92d1238ced52b11b8df486c11a64	0	0	0	0	0	0	0	67	0	0	0	0	0	0	0	0	0	0	0	0	0	0	0	0	0	0	0	0	0	0	0	0	0	0	0	0	0	0	0	0	0	0	0	0	0
2ff3d0f17b7ff329756382d98a35c57c	0	0	0	0	0	0	0	0	0	0	0	0	0	0	0	0	38	0	0	0	0	0	0	0	0	0	0	0	0	5	0	0	0	0	0	0	0	16	0	0	0	5	0	0	3
43a608b72ada9e66da0816e8d243134d	0	0	0	0	0	0	0	0	0	0	0	0	0	0	0	0	37	0	0	0	0	0	0	0	0	0	2	17	0	0	0	0	0	0	0	0	0	11	0	0	0	0	0	0	0
c11611804c34b910b4e57030d9f0b565	0	0	0	0	0	0	0	0	0	0	0	0	0	0	0	0	34	9	24	0	0	0	0	0	0	0	0	0	0	0	0	0	0	0	0	0	0	0	0	0	0	0	0	0	0
39db8e7783a9d3d5eda7f72f57f74ed2	0	0	0	0	0	0	0	0	0	0	0	0	0	0	0	0	16	9	8	2	0	0	0	0	0	0	0	0	0	0	0	0	0	0	0	0	0	20	0	0	4	0	0	4	4
dac34ca631550937b9a90d9f597e1b4a	0	0	0	0	0	0	0	0	0	0	0	0	0	0	0	0	0	15	13	0	0	0	0	0	0	0	0	0	0	0	0	0	0	0	0	0	12	17	0	0	8	0	2	0	0
62a202edd1bdc5220ca1897b305252d3	0	0	0	0	0	0	0	0	0	0	0	0	0	0	0	0	0	0	0	0	0	0	0	0	0	0	17	29	8	13	0	0	0	0	0	0	0	0	0	0	0	0	0	0	0
d0471618f6e305dfdd5bd10e33b46a74	0	0	0	0	0	0	0	0	0	0	0	0	0	0	0	0	0	0	0	0	0	0	0	0	0	0	12	26	18	0	0	0	0	0	0	0	0	0	0	0	0	11	0	0	0
a3e7b35207cb8bd08bb30585c78c5df5	0	0	0	0	0	0	0	0	0	0	0	0	0	0	0	0	0	0	0	0	0	0	0	0	0	0	0	46	0	0	0	0	0	0	0	0	0	0	0	0	9	0	12	0	0
af4d15f6ac77d78b0054fc0ecbc16ffc	0	0	0	0	0	0	0	66	0	0	0	0	0	0	0	0	0	0	0	0	0	0	0	0	0	0	0	0	0	0	0	0	0	0	0	0	0	0	0	0	0	0	0	0	0
f04153263a1eaa28adcd1f13afd78234	0	0	0	0	0	0	0	0	0	0	0	0	0	0	0	0	28	0	0	0	0	0	0	0	0	0	0	4	5	0	0	0	0	0	0	0	0	0	0	0	11	11	0	0	7
058f5fa164d29d9f73718fcb208a8c51	0	0	0	0	0	0	0	0	0	0	0	0	0	0	0	0	0	2	0	0	0	0	0	0	0	0	3	16	5	10	0	0	0	0	0	0	3	27	0	0	0	0	0	0	0
7d91338011f764576ba487158f47e622	0	0	0	0	0	0	0	0	0	0	0	0	0	0	0	0	0	0	0	0	0	0	0	0	0	0	31	13	13	0	0	0	0	0	0	0	0	9	0	0	0	0	0	0	0
2b4313d75450488afaf53aba54d00216	0	0	0	0	0	0	0	0	0	0	0	0	0	0	0	0	0	0	0	0	0	0	0	0	0	0	9	32	25	0	0	0	0	0	0	0	0	0	0	0	0	0	0	0	0
c081442fb15cb3b4d72f4e6e495db509	0	0	0	0	0	0	0	0	0	0	0	0	0	0	0	0	0	0	0	0	0	0	0	0	0	0	0	0	0	0	0	0	0	0	0	0	0	0	0	0	15	13	16	9	13
88000d2850243d926d3277edc825dc06	0	0	0	0	0	0	0	65	0	0	0	0	0	0	0	0	0	0	0	0	0	0	0	0	0	0	0	0	0	0	0	0	0	0	0	0	0	0	0	0	0	0	0	0	0
392ec018ad7e3c9a0a78514fa3209257	0	0	0	0	0	0	0	0	0	0	0	0	0	0	0	0	43	0	0	0	0	0	0	0	0	0	0	22	0	0	0	0	0	0	0	0	0	0	0	0	0	0	0	0	0
bef5172ab3a9978cabf5051e2546f42a	0	0	0	0	0	0	0	0	0	0	0	0	0	0	0	0	29	3	6	0	0	0	0	0	0	0	0	0	0	0	0	0	0	0	0	0	0	0	0	0	10	9	0	4	4
d3bce6eae414a1dd6ed358acccf75e9a	0	0	0	0	0	0	0	0	0	0	0	0	0	0	0	0	22	9	9	0	0	0	0	0	0	0	0	6	0	0	0	0	0	0	0	0	0	7	0	12	0	0	0	0	0
e0c7b13f8558b630aa32804a85ffa7a6	0	0	0	0	0	0	0	0	0	0	0	0	0	0	0	0	20	0	0	0	0	0	0	0	0	0	0	12	0	0	0	0	0	0	0	0	0	17	0	0	0	10	6	0	0
639f69fbcd245723cae929ff321c28fc	0	0	0	0	0	0	0	0	0	0	0	0	0	0	0	0	19	0	7	0	0	0	0	0	0	0	2	21	0	5	0	0	0	0	0	0	0	4	0	0	3	4	0	0	0
688df6d10db7d2980e79934851f45605	0	0	0	0	0	0	0	0	0	0	0	0	0	0	0	0	16	4	8	0	0	18	17	0	0	0	2	0	0	0	0	0	0	0	0	0	0	0	0	0	0	0	0	0	0
ee1767093a2c19d9c66193caadbd31d9	0	0	0	0	0	0	0	0	0	0	0	0	0	0	0	0	0	0	0	65	0	0	0	0	0	0	0	0	0	0	0	0	0	0	0	0	0	0	0	0	0	0	0	0	0
4e9ff1634a8d5f630d8fdd65cca970bd	0	0	0	0	0	0	0	0	0	0	0	0	0	0	0	0	0	0	0	0	0	0	0	0	0	0	0	0	0	0	0	0	0	0	0	0	0	65	0	0	0	0	0	0	0
6f62826f0b7e201a55ba5e574d065f6d	0	0	0	0	0	0	0	0	0	0	0	0	0	0	0	0	0	0	0	0	0	0	0	0	0	0	0	0	0	0	0	0	0	0	0	0	0	0	0	0	65	0	0	0	0
9d14c387e3ce51bd6eeb1393aa90cadf	0	0	0	0	0	0	0	0	0	0	0	0	0	0	0	0	0	0	0	0	0	0	0	0	0	0	0	0	0	0	0	0	0	0	0	0	12	52	0	0	0	0	0	0	0
ddf9ba3eab8ae8c3dbb8e9a66607a98a	0	0	0	0	0	0	0	0	0	0	0	0	0	0	0	0	0	0	0	0	0	0	0	0	0	0	0	0	0	0	0	0	0	0	0	0	0	0	0	64	0	0	0	0	0
2be85ff8d2a81c7c3c802a512caa202f	9	0	0	0	0	0	0	0	0	0	0	0	0	0	47	0	7	0	0	0	0	0	0	0	0	0	0	0	0	0	0	0	0	0	0	0	0	0	0	0	0	0	0	0	0
68e821beb997d666c954ceb3ea090822	0	0	0	0	0	0	63	0	0	0	0	0	0	0	0	0	0	0	0	0	0	0	0	0	0	0	0	0	0	0	0	0	0	0	0	0	0	0	0	0	0	0	0	0	0
7b6cf08b6602525d23e012b949495429	0	0	0	0	0	0	0	0	0	0	63	0	0	0	0	0	0	0	0	0	0	0	0	0	0	0	0	0	0	0	0	0	0	0	0	0	0	0	0	0	0	0	0	0	0
af91e27b3b478aaca7baa42803957493	0	0	0	0	0	0	0	0	0	0	0	0	0	0	0	0	19	10	12	0	0	0	0	0	0	0	6	11	0	0	0	0	0	0	0	0	0	0	0	0	0	0	5	0	0
03c5a018fad2efb0bbdb703e2cb9bc14	0	0	0	0	0	0	0	0	0	0	0	0	0	0	0	0	0	0	0	0	0	0	0	0	0	0	0	0	0	0	0	0	0	0	0	0	0	0	0	63	0	0	0	0	0
958833d825d4fd362c304298c96048da	0	0	62	0	0	0	0	0	0	0	0	0	0	0	0	0	0	0	0	0	0	0	0	0	0	0	0	0	0	0	0	0	0	0	0	0	0	0	0	0	0	0	0	0	0
cce6833b1df778c3ce949170d22c76c6	0	0	47	0	0	0	0	0	0	0	0	0	0	0	0	0	1	7	7	0	0	0	0	0	0	0	0	0	0	0	0	0	0	0	0	0	0	0	0	0	0	0	0	0	0
d2ae28a9cf3988a31002f52c813b3c16	0	0	0	0	0	0	0	62	0	0	0	0	0	0	0	0	0	0	0	0	0	0	0	0	0	0	0	0	0	0	0	0	0	0	0	0	0	0	0	0	0	0	0	0	0
1b172a1cad1f2deb0a1d40212f008c54	0	0	0	0	0	0	0	0	0	0	0	0	0	0	0	0	37	15	10	0	0	0	0	0	0	0	0	0	0	0	0	0	0	0	0	0	0	0	0	0	0	0	0	0	0
d4e340e4bf678026fa5e9a5927cc2387	0	0	0	0	0	0	0	0	0	0	0	0	0	0	0	0	29	10	23	0	0	0	0	0	0	0	0	0	0	0	0	0	0	0	0	0	0	0	0	0	0	0	0	0	0
a56a041306900b7c14a02645046859a9	0	0	0	0	0	0	0	0	0	0	0	0	0	0	0	0	25	0	0	0	0	0	0	0	0	0	0	0	0	5	0	0	0	0	0	0	3	18	0	0	4	4	3	0	0
c4313a220939cbe8db0b8685660e7e4b	0	0	0	0	0	0	0	0	0	0	0	0	0	0	0	0	24	0	38	0	0	0	0	0	0	0	0	0	0	0	0	0	0	0	0	0	0	0	0	0	0	0	0	0	0
8c4443ee6d00ad6f899f015d5436877a	0	0	0	0	0	0	0	0	0	0	0	0	0	0	0	0	23	9	0	0	0	0	0	0	0	0	10	16	4	0	0	0	0	0	0	0	0	0	0	0	0	0	0	0	0
73e016075d7425386a7184b6db1b7bcc	0	0	0	0	0	0	0	0	0	0	0	0	0	0	0	0	0	0	0	0	0	0	0	0	62	0	0	0	0	0	0	0	0	0	0	0	0	0	0	0	0	0	0	0	0
4efae3019362b26ab9ab98d6e45f7e1d	0	0	0	0	0	0	0	0	0	0	0	0	0	0	0	0	0	0	0	0	0	0	0	0	0	62	0	0	0	0	0	0	0	0	0	0	0	0	0	0	0	0	0	0	0
65cc026239a510253c173207e47986f9	0	0	0	0	0	0	0	0	0	0	0	0	0	0	0	0	0	0	0	0	0	0	0	0	0	0	4	19	0	0	0	0	0	0	0	0	0	17	0	0	7	4	6	5	0
f46a26a91fce757023810b603bf318ce	0	0	0	0	0	0	0	0	0	0	0	0	0	0	0	0	0	0	0	0	0	0	0	0	0	0	0	62	0	0	0	0	0	0	0	0	0	0	0	0	0	0	0	0	0
f60187735d3e051d01aedb7541305909	0	0	0	0	0	0	0	61	0	0	0	0	0	0	0	0	0	0	0	0	0	0	0	0	0	0	0	0	0	0	0	0	0	0	0	0	0	0	0	0	0	0	0	0	0
4df4a974349a751975671a4b81f7cac8	0	0	0	0	0	0	0	0	0	0	0	0	0	0	0	0	61	0	0	0	0	0	0	0	0	0	0	0	0	0	0	0	0	0	0	0	0	0	0	0	0	0	0	0	0
47c0cf2d5f3b55f00801781b9fa89375	0	0	0	0	0	0	0	0	0	0	0	0	0	0	0	0	34	11	6	0	0	0	0	0	0	0	0	0	0	0	0	0	0	0	0	0	0	9	0	0	0	0	0	0	1
ab2eda876ec48cf0df712d2af0f97cb0	0	0	0	0	0	0	0	0	0	0	0	0	0	0	0	0	31	16	10	0	0	0	0	0	0	0	0	0	0	0	0	0	0	0	0	0	0	4	0	0	0	0	0	0	0
b2375a6e20cbbed593f671a1d16609a6	0	0	0	0	0	0	0	0	0	0	0	0	0	0	0	0	23	4	0	0	0	0	0	0	0	0	0	10	3	0	0	0	0	0	0	0	6	8	0	0	0	7	0	0	0
bf44882ae23fa6f0f49ee74eb746af2a	0	0	0	0	0	0	0	0	0	0	0	0	0	0	0	0	21	0	9	0	0	0	0	0	0	0	4	23	0	0	0	0	0	0	0	0	0	0	0	0	0	4	0	0	0
63c95fb273e9d4a203769c2f83c44998	0	0	0	0	0	0	0	0	0	0	0	0	0	0	0	0	17	0	0	0	0	0	0	0	0	0	0	18	6	7	0	0	0	0	0	0	0	11	0	0	0	0	0	0	2
1a8586eb21f368d5c41b015c28095bf0	0	0	0	0	0	0	0	0	0	0	0	0	0	0	0	0	14	0	0	5	0	0	0	0	0	0	5	11	2	3	0	0	0	0	0	0	0	0	0	0	0	4	5	6	6
c96b00d23ec1c9fae4c43d3dfd0d11c5	0	0	0	0	0	0	0	0	0	0	0	0	0	0	0	0	0	0	0	0	0	0	0	0	0	0	14	26	0	9	0	0	0	0	0	0	12	0	0	0	0	0	0	0	0
35695027c0cafb528c3197bd1262bbfc	0	0	0	0	0	0	0	0	0	0	0	0	0	0	0	0	0	0	0	0	0	0	0	0	0	0	11	24	0	0	0	0	0	0	0	0	0	26	0	0	0	0	0	0	0
b9913c69f26d976c6f0c4b8d1556e399	0	0	0	0	0	0	0	0	0	0	0	0	0	0	0	0	0	0	0	0	0	0	0	0	0	0	0	27	0	5	0	0	0	0	0	0	0	24	0	0	2	0	0	0	3
db44244579287e403fe2e085a0d9556c	0	0	0	0	0	0	0	60	0	0	0	0	0	0	0	0	0	0	0	0	0	0	0	0	0	0	0	0	0	0	0	0	0	0	0	0	0	0	0	0	0	0	0	0	0
103c542da13dc99e40530ec3d65a6d75	0	0	0	0	0	0	0	0	0	0	0	0	0	0	0	0	60	0	0	0	0	0	0	0	0	0	0	0	0	0	0	0	0	0	0	0	0	0	0	0	0	0	0	0	0
743032e704cf3a87c66c558f38aa842a	0	0	0	0	0	0	0	0	0	0	0	0	0	0	0	0	36	11	13	0	0	0	0	0	0	0	0	0	0	0	0	0	0	0	0	0	0	0	0	0	0	0	0	0	0
e945793de795b589aea5e8a776dd97f9	0	0	0	0	0	0	0	0	0	0	0	0	0	0	0	0	29	10	0	0	0	0	0	0	0	0	0	3	0	0	0	0	0	0	0	0	0	12	0	0	0	0	2	4	0
2e72ced8fbd269e127d726a4d38d23eb	0	0	0	0	0	0	0	0	0	0	0	0	0	0	0	0	29	8	17	6	0	0	0	0	0	0	0	0	0	0	0	0	0	0	0	0	0	0	0	0	0	0	0	0	0
254925e2ddade02305d9a5ba33279900	0	0	0	0	0	0	0	0	0	0	0	0	0	0	0	0	19	0	3	0	0	0	0	0	0	0	10	13	4	4	0	0	0	0	0	0	0	7	0	0	0	0	0	0	0
6ae09bd90029cafeb11c653bfe23f46c	0	0	0	0	0	0	0	0	0	0	0	0	0	0	0	0	18	10	0	0	0	0	0	0	0	0	0	4	0	0	0	0	0	0	0	0	3	15	0	0	0	6	4	0	0
c4a24e66fd1f352bd995c6abac05d07f	0	0	0	0	0	0	0	0	0	0	0	0	0	0	0	0	0	0	0	0	0	0	60	0	0	0	0	0	0	0	0	0	0	0	0	0	0	0	0	0	0	0	0	0	0
56271e2d966cd38894c17eff212eec2f	0	0	0	0	0	0	0	0	0	0	0	0	0	0	0	0	0	0	0	0	0	0	0	0	0	0	10	50	0	0	0	0	0	0	0	0	0	0	0	0	0	0	0	0	0
d7526655877c15225e01b39ee832aa69	0	0	0	0	0	0	0	0	0	0	0	0	0	0	0	0	27	0	7	0	0	0	0	0	0	0	0	0	0	0	0	0	0	0	0	0	0	25	0	0	0	0	0	0	0
0d1ba0cb26b483e17d67c6efbcdc8a67	0	0	0	0	0	0	0	0	0	0	0	0	0	0	0	0	26	9	5	0	0	0	0	0	0	0	0	0	0	0	0	0	0	0	0	0	3	4	0	0	4	4	4	0	0
03693ac37059f90befc1629e146fb6d3	0	0	0	0	0	0	0	0	0	0	0	0	0	0	0	0	25	0	14	0	0	0	0	0	0	0	0	11	0	0	0	0	0	0	0	0	5	0	0	0	0	0	4	0	0
ccc53d3bc9cd1ef7026e01decf1defef	0	0	0	0	0	0	0	0	0	0	0	0	0	0	0	0	15	0	5	0	0	0	0	0	0	0	0	5	2	2	0	0	0	0	0	0	5	6	0	0	6	2	0	7	4
40ef7c53a46ea054afb0aae634c97ff2	0	0	0	0	0	0	0	0	0	0	0	0	0	0	0	0	0	0	0	0	0	0	59	0	0	0	0	0	0	0	0	0	0	0	0	0	0	0	0	0	0	0	0	0	0
e8e6040461a7a28e2761b92eda8219ee	0	0	0	0	0	0	0	0	0	0	0	0	0	0	0	0	0	0	0	0	0	0	0	0	0	0	0	53	0	0	0	0	0	0	0	0	0	0	0	0	0	6	0	0	0
7feda57954e1a92281f08067773f8140	0	0	0	0	0	0	0	0	0	0	0	0	0	0	0	0	0	0	0	0	0	0	0	0	0	0	0	30	0	0	0	0	0	0	0	0	0	27	0	2	0	0	0	0	0
af7b16aa884662bd667fe64e1f919c41	0	0	0	0	0	0	0	58	0	0	0	0	0	0	0	0	0	0	0	0	0	0	0	0	0	0	0	0	0	0	0	0	0	0	0	0	0	0	0	0	0	0	0	0	0
f10b7f132b3aa5ce7a96c7a30785ad68	0	0	0	0	0	0	0	0	0	0	0	0	0	0	0	0	25	0	0	0	0	0	0	0	0	0	0	0	0	0	0	0	0	0	0	0	0	26	0	0	0	0	0	0	7
e9f50d5cdc03052f217129f2144aaeb7	0	0	0	0	0	0	0	0	0	0	0	0	0	0	0	0	0	0	0	58	0	0	0	0	0	0	0	0	0	0	0	0	0	0	0	0	0	0	0	0	0	0	0	0	0
4f845219ac08b74b1ed682042e66046f	0	0	0	0	0	0	0	0	0	0	0	0	0	0	0	0	0	0	0	0	0	29	29	0	0	0	0	0	0	0	0	0	0	0	0	0	0	0	0	0	0	0	0	0	0
e661f0a0a0bda14b536708ea96876d79	0	0	0	0	0	0	0	0	0	0	0	0	0	0	0	0	0	0	0	0	0	26	32	0	0	0	0	0	0	0	0	0	0	0	0	0	0	0	0	0	0	0	0	0	0
4e49c626b8b728d938df9573dac8e9ce	0	0	0	0	0	0	0	0	0	0	0	0	0	0	0	0	0	0	0	0	0	0	58	0	0	0	0	0	0	0	0	0	0	0	0	0	0	0	0	0	0	0	0	0	0
791fc29bbb54e6084cc94fa96a76c1be	0	0	0	0	0	0	0	0	0	0	0	0	0	0	0	0	0	0	0	0	0	0	0	0	0	58	0	0	0	0	0	0	0	0	0	0	0	0	0	0	0	0	0	0	0
a9549acdff9ab82fa04adb5e7406fa92	0	0	0	0	0	0	0	0	0	0	0	0	0	0	0	0	0	0	0	0	0	0	0	0	0	0	0	0	0	0	0	0	0	0	0	0	0	0	0	0	16	4	11	13	14
f14141d03c23f3658014090c72c23866	0	0	0	0	0	0	0	0	0	0	57	0	0	0	0	0	0	0	0	0	0	0	0	0	0	0	0	0	0	0	0	0	0	0	0	0	0	0	0	0	0	0	0	0	0
85406f5cbce0248b3e43213d10c14d0d	0	0	0	0	0	0	0	0	0	0	42	0	0	0	0	0	0	0	0	0	0	0	0	0	15	0	0	0	0	0	0	0	0	0	0	0	0	0	0	0	0	0	0	0	0
a0d01741ff913a5efd6013d62a5852e1	0	0	0	0	0	0	0	0	0	0	0	0	0	0	0	0	57	0	0	0	0	0	0	0	0	0	0	0	0	0	0	0	0	0	0	0	0	0	0	0	0	0	0	0	0
67a610f3994f93050da2a26289b9db0c	0	0	0	0	0	0	0	0	0	0	0	0	0	0	0	0	21	0	0	0	0	0	0	0	0	0	0	2	0	0	0	0	0	0	0	0	4	20	0	0	2	0	0	4	4
774c76d6273152fa3029d280da545f8f	0	0	0	0	0	0	0	0	0	0	0	0	0	0	0	0	12	8	0	0	0	0	0	0	0	0	0	4	0	5	0	0	0	0	0	0	3	7	0	0	7	7	4	0	0
33f1b263fa2318a7b6a937362599ab36	0	0	0	0	0	0	0	0	0	0	0	0	0	0	0	0	8	7	4	3	0	0	0	0	0	0	4	5	0	0	0	0	0	0	0	0	0	14	0	0	0	3	3	3	3
c1f5da9aafbef194c0885a27694ef954	0	0	0	0	0	0	0	0	0	0	0	0	0	0	0	0	0	0	0	4	0	0	0	0	0	0	0	0	0	0	0	0	0	0	0	0	0	0	0	0	3	10	18	8	14
dca3ab31a1ce2d76e898eeb222e1288d	0	0	0	0	0	0	0	0	0	0	0	0	0	0	0	0	0	0	0	0	0	0	0	0	0	0	0	57	0	0	0	0	0	0	0	0	0	0	0	0	0	0	0	0	0
a50c30585a679ebc0e0d19f9b333b9ca	0	0	0	0	0	0	0	0	0	0	0	0	0	0	0	0	0	0	0	0	0	0	0	0	0	0	0	36	7	8	0	0	0	0	0	0	0	6	0	0	0	0	0	0	0
29e71eb12c081ff6a7edc8e5b7ed85f1	0	0	0	0	0	0	0	0	0	0	0	0	0	0	0	0	0	0	0	0	0	0	0	0	0	0	0	0	0	0	57	0	0	0	0	0	0	0	0	0	0	0	0	0	0
276cd14b9ccbf8f10c3a1907205d3b26	0	0	0	0	0	0	0	0	0	0	0	0	0	0	0	0	0	0	0	0	0	0	0	0	0	0	0	0	0	0	0	0	0	0	0	57	0	0	0	0	0	0	0	0	0
f7ff0f6f66825957c614d07033335964	0	0	0	0	0	0	0	0	15	0	13	6	10	12	0	0	0	0	0	0	0	0	0	0	0	0	0	0	0	0	0	0	0	0	0	0	0	0	0	0	0	0	0	0	0
d6403e5b4389d1c8f2e1c218c0a59134	0	0	0	0	0	0	0	0	0	0	56	0	0	0	0	0	0	0	0	0	0	0	0	0	0	0	0	0	0	0	0	0	0	0	0	0	0	0	0	0	0	0	0	0	0
bf51277fc250d0027512309725ff074f	0	0	0	0	0	0	0	0	0	0	0	0	56	0	0	0	0	0	0	0	0	0	0	0	0	0	0	0	0	0	0	0	0	0	0	0	0	0	0	0	0	0	0	0	0
e8b506cb1ea19ffd880adbc3890d9b94	0	0	0	0	0	0	0	0	0	0	0	0	0	0	0	0	30	10	7	0	0	0	0	0	0	0	0	4	0	0	0	0	0	0	0	0	0	0	0	0	0	5	0	0	0
5583e8aca7497aef56f54e730017b209	0	0	0	0	0	0	0	0	0	0	0	0	0	0	0	0	0	0	0	0	0	0	0	0	0	0	3	13	5	6	0	0	0	0	0	0	6	23	0	0	0	0	0	0	0
5f89609b406fb3f7753edee1d1388eee	0	0	0	0	0	0	0	0	0	0	0	0	0	0	0	0	25	12	0	0	0	0	0	0	0	0	0	0	0	0	0	0	0	0	0	0	0	9	0	0	9	0	0	0	0
47bea087487f1ec135aebf6ae17c20b8	0	0	0	0	0	0	0	0	0	0	0	0	0	0	0	0	21	0	0	0	0	0	0	0	0	0	0	15	0	0	0	0	0	0	0	0	0	19	0	0	0	0	0	0	0
6eeee3ee04917f717ff36f7527f3e383	0	0	0	0	0	0	0	0	0	0	0	0	0	0	0	0	13	0	5	0	0	0	0	0	0	0	0	2	0	2	0	0	0	0	0	0	6	18	0	0	0	4	3	0	2
d217184b3bc2a3e146238f4f7c2b7a21	0	0	0	0	0	0	0	0	0	0	0	0	0	0	0	0	0	7	0	0	0	0	0	0	0	0	0	10	6	3	0	0	0	0	0	0	2	10	0	0	0	3	1	4	9
3bece537230c1185dc314f1612b15c9d	0	54	0	0	0	0	0	0	0	0	0	0	0	0	0	0	0	0	0	0	0	0	0	0	0	0	0	0	0	0	0	0	0	0	0	0	0	0	0	0	0	0	0	0	0
8b87ff83bb1af12e87565d1ae5d295b3	0	0	0	0	0	0	0	54	0	0	0	0	0	0	0	0	0	0	0	0	0	0	0	0	0	0	0	0	0	0	0	0	0	0	0	0	0	0	0	0	0	0	0	0	0
64201cce46441822c95a1af1c5102136	0	0	0	0	0	0	0	54	0	0	0	0	0	0	0	0	0	0	0	0	0	0	0	0	0	0	0	0	0	0	0	0	0	0	0	0	0	0	0	0	0	0	0	0	0
f859978a9d46ab7c47837f7528232085	0	0	0	0	0	0	0	0	0	0	0	0	0	0	0	0	20	17	17	0	0	0	0	0	0	0	0	0	0	0	0	0	0	0	0	0	0	0	0	0	0	0	0	0	0
a2f491c3eedce898d3773a742df4a0d5	0	0	0	0	0	0	0	0	0	0	0	0	0	0	0	0	17	11	11	0	0	0	0	0	0	0	0	0	0	0	0	0	0	0	0	0	0	0	0	0	8	7	0	0	0
91b88a7f0d6a80678b6f3fc8ddd92bc7	0	0	0	0	0	0	0	0	0	0	0	0	0	0	0	0	0	0	0	0	0	30	14	0	0	0	0	10	0	0	0	0	0	0	0	0	0	0	0	0	0	0	0	0	0
d224278bb215d6d0fd88999a62f887a2	0	0	0	0	0	0	0	53	0	0	0	0	0	0	0	0	0	0	0	0	0	0	0	0	0	0	0	0	0	0	0	0	0	0	0	0	0	0	0	0	0	0	0	0	0
2cd30e9eda91687ba73dcae76f4f1880	0	0	0	0	0	0	0	0	0	0	53	0	0	0	0	0	0	0	0	0	0	0	0	0	0	0	0	0	0	0	0	0	0	0	0	0	0	0	0	0	0	0	0	0	0
84938d60778e9bc1d4ec4cc61260223a	0	0	0	0	0	0	0	0	0	0	0	0	0	0	0	0	20	0	0	0	0	0	0	0	0	0	0	14	17	0	0	0	0	0	0	0	0	0	0	0	2	0	0	0	0
23c029baf9baef5112fa0464ae2510fe	0	0	0	0	0	0	0	0	0	0	0	0	0	0	0	0	18	6	7	0	0	0	0	0	0	0	2	15	0	5	0	0	0	0	0	0	0	0	0	0	0	0	0	0	0
0e8e240a922d6c85d818bd823fed4751	0	0	0	0	0	0	0	0	0	0	0	0	0	0	0	0	0	0	0	44	0	0	0	0	0	0	0	0	0	0	0	0	0	0	0	0	0	0	0	0	0	0	0	0	9
f05a78016d260a6cb8691cedbf51d7e1	0	0	0	0	0	0	0	0	0	0	0	0	0	0	0	0	0	0	0	0	0	0	0	0	0	0	0	16	0	0	0	0	0	0	0	0	0	37	0	0	0	0	0	0	0
0f3a8c64e5b9d38f99a28e24b5be6742	0	0	0	52	0	0	0	0	0	0	0	0	0	0	0	0	0	0	0	0	0	0	0	0	0	0	0	0	0	0	0	0	0	0	0	0	0	0	0	0	0	0	0	0	0
d386863b6a0565708ae63f7aec6cec88	0	0	0	0	0	0	0	0	0	0	0	0	52	0	0	0	0	0	0	0	0	0	0	0	0	0	0	0	0	0	0	0	0	0	0	0	0	0	0	0	0	0	0	0	0
9c96060c027c5dcbe3d998fa0c0f28fa	0	0	0	0	0	0	0	0	0	0	0	0	0	0	0	0	31	13	8	0	0	0	0	0	0	0	0	0	0	0	0	0	0	0	0	0	0	0	0	0	0	0	0	0	0
ac6b049050979ef21966da8b8cb12558	0	0	0	0	0	0	0	0	0	0	0	0	0	0	0	0	29	13	0	0	0	0	0	0	0	0	0	0	0	0	0	0	0	0	0	0	0	10	0	0	0	0	0	0	0
06cdefb1ff0264eb69e76c0629e7f9c4	0	0	0	0	0	0	0	0	0	0	0	0	0	0	0	0	17	11	0	0	0	0	0	0	0	0	0	9	0	0	0	0	0	0	0	0	5	6	0	0	0	0	0	4	0
0a42b53305473dc46fe0ba1d1ef74beb	0	0	0	0	0	0	0	0	0	0	0	0	0	0	0	0	14	5	3	2	0	0	0	0	0	0	0	0	0	0	0	0	0	0	0	0	0	16	0	0	3	6	0	0	3
1a7339e3d9f9309d9e64df1f5db60651	0	0	0	0	0	0	0	0	0	0	0	0	0	0	0	0	14	2	0	0	0	0	0	0	0	0	0	25	5	2	0	0	0	0	0	0	0	4	0	0	0	0	0	0	0
6e79821a71009922d07260cf66b043e2	0	0	0	0	0	0	0	0	0	0	0	0	0	0	0	0	0	0	0	0	0	0	0	0	0	0	19	22	11	0	0	0	0	0	0	0	0	0	0	0	0	0	0	0	0
b80765742aeb1f600778d6b4ce39d7bb	0	0	0	0	0	0	0	0	0	0	0	0	0	0	0	0	0	0	0	0	0	0	0	0	0	0	10	9	12	5	0	0	0	0	0	0	0	12	0	0	0	4	0	0	0
d2eedadd2801aeab125ff201d50c2b53	0	0	0	0	0	0	0	0	0	0	0	0	0	0	0	0	0	0	0	0	0	0	0	0	0	0	7	28	4	4	0	0	0	0	0	0	0	9	0	0	0	0	0	0	0
4fd0f554b242c7a61193b8f3b7b1356a	0	0	0	0	0	0	0	0	0	0	0	0	0	0	0	0	0	0	0	0	0	0	0	0	0	0	5	16	9	8	0	0	0	0	0	0	0	14	0	0	0	0	0	0	0
ea20bd76f0dad191729d43470758ec0f	0	0	0	0	0	0	0	0	0	0	0	0	0	0	0	0	0	0	0	0	0	0	0	0	0	0	0	15	5	2	0	0	0	0	0	0	0	0	0	0	11	13	0	6	0
7cfa3f2a6b4cf9f93f60444b47477b85	0	0	0	0	0	0	0	0	0	0	0	0	0	0	0	0	0	0	0	0	0	0	0	0	0	0	0	0	0	0	0	0	0	0	0	0	0	52	0	0	0	0	0	0	0
54e9d9daf6637a06dfd1b09d2e6460d2	0	0	0	0	0	0	0	0	0	0	0	0	0	0	0	0	28	8	0	0	0	0	0	0	0	0	0	0	0	0	0	0	0	0	0	0	0	15	0	0	0	0	0	0	0
f9db57a6b965f8215a99942956b2e013	0	0	0	0	0	0	0	0	0	0	0	0	0	0	0	0	18	0	0	2	0	0	0	0	0	0	0	0	0	0	0	0	0	0	0	0	0	17	0	0	0	3	4	3	4
66c73bc89c833355cf3430bb9635d4c9	0	0	0	0	0	0	0	0	0	0	0	0	0	0	0	0	15	5	2	0	0	0	0	0	0	0	3	4	0	0	0	0	0	0	0	0	0	14	0	0	0	0	2	6	0
0bc05cb9d13ba5d74edb9dd655033ed8	0	0	0	0	0	0	0	0	0	0	0	0	0	0	0	0	12	0	0	0	0	0	0	0	0	0	8	14	4	0	0	0	0	0	0	0	0	10	0	0	0	3	0	0	0
9a85bba5d360855b79cf1b56c0e1f155	0	0	0	0	0	0	0	0	0	0	0	0	0	0	0	0	0	0	0	4	0	0	0	0	0	0	0	0	0	0	0	0	0	0	0	0	0	30	0	0	5	0	0	0	12
df3e15656d1abcc85bf9c04a8b35c7eb	0	0	0	0	0	0	0	0	0	0	0	0	0	0	0	0	0	0	0	0	0	0	51	0	0	0	0	0	0	0	0	0	0	0	0	0	0	0	0	0	0	0	0	0	0
41ca2dc07ed7eccd713d46bb0a229f26	0	0	0	0	0	0	0	0	0	0	0	0	0	0	0	0	0	0	0	0	0	0	51	0	0	0	0	0	0	0	0	0	0	0	0	0	0	0	0	0	0	0	0	0	0
b4db243094f7d1cace107e77224afae1	0	0	0	0	0	0	0	0	0	0	0	0	0	0	0	0	0	0	0	0	0	0	0	0	0	51	0	0	0	0	0	0	0	0	0	0	0	0	0	0	0	0	0	0	0
ce17ade560eabf35fcda597cfb7ab000	0	0	0	0	0	0	0	0	0	0	0	0	0	0	0	0	0	0	0	0	0	0	0	0	0	0	0	23	0	0	0	0	0	0	0	0	0	0	0	0	0	0	9	5	14
aea33ed97f7e0aa04146f13705149f0d	0	0	0	0	0	0	0	0	0	0	0	0	0	0	0	0	0	0	0	0	0	0	0	0	0	0	0	12	8	12	0	0	0	0	0	0	0	19	0	0	0	0	0	0	0
850de5f5f84588973983836a61d731b6	0	0	0	0	0	0	0	0	2	0	0	0	0	0	0	0	25	16	7	0	0	0	0	0	0	0	0	0	0	0	0	0	0	0	0	0	0	0	0	0	0	0	0	0	0
5c7cd4afe047a1fa454b6a815a951c2f	0	0	0	0	0	0	0	0	0	0	0	0	50	0	0	0	0	0	0	0	0	0	0	0	0	0	0	0	0	0	0	0	0	0	0	0	0	0	0	0	0	0	0	0	0
73b9a313c153726841a55e295f19bdb5	0	0	0	0	0	0	0	0	0	0	0	0	50	0	0	0	0	0	0	0	0	0	0	0	0	0	0	0	0	0	0	0	0	0	0	0	0	0	0	0	0	0	0	0	0
7b3fc364846432e58f9f32d168fec72e	0	0	0	0	0	0	0	0	0	0	0	0	0	0	0	0	33	9	0	0	0	0	0	0	0	0	0	8	0	0	0	0	0	0	0	0	0	0	0	0	0	0	0	0	0
a44292ce4613204073ae5accf545b1b4	0	0	0	0	0	0	0	0	0	0	0	0	0	0	0	0	29	0	0	0	0	0	0	0	0	0	0	0	0	0	0	0	0	0	0	0	0	21	0	0	0	0	0	0	0
3262693e6f79307e0aff340a9d0a4794	0	0	0	0	0	0	0	0	0	0	0	0	0	0	0	0	22	10	0	0	0	0	0	0	0	0	0	0	0	0	0	0	0	0	0	0	0	11	0	0	7	0	0	0	0
772c8eb8fd194638a626ff57b0121ead	0	0	0	0	0	0	0	0	0	0	0	0	0	0	0	0	13	4	10	0	0	7	0	0	0	0	0	5	0	0	0	0	0	0	0	0	0	11	0	0	0	0	0	0	0
a510ce67310d29517cff9183f306074a	0	0	0	0	0	0	0	0	0	0	0	0	0	0	0	0	0	0	0	0	0	0	0	0	50	0	0	0	0	0	0	0	0	0	0	0	0	0	0	0	0	0	0	0	0
ca55bebe5f6b54f9237dd7513ce1b889	0	0	0	0	0	0	0	0	0	0	0	0	0	0	0	0	0	0	0	0	0	0	0	0	0	0	40	0	0	10	0	0	0	0	0	0	0	0	0	0	0	0	0	0	0
023aa69b5b044d121ccd8c7f95595bdf	0	0	0	0	0	0	0	0	0	0	0	0	0	0	0	0	0	0	0	0	0	0	0	0	0	0	12	27	11	0	0	0	0	0	0	0	0	0	0	0	0	0	0	0	0
1da33677dd3432fd7af3776cb32d8123	0	0	0	0	0	0	0	0	0	0	0	0	0	0	0	0	0	0	0	0	0	0	0	0	0	0	10	10	0	9	0	0	0	0	0	0	3	18	0	0	0	0	0	0	0
63b419d0681cb1e6cc85e5a30570d5e6	0	0	0	0	0	0	0	0	0	0	0	0	0	0	0	0	0	0	0	0	0	0	0	0	0	0	2	8	5	5	0	0	0	0	0	0	3	27	0	0	0	0	0	0	0
e5d8914450d6aeed48fe5a016bf1f1ca	0	0	0	0	0	0	0	0	0	0	0	0	0	0	0	0	0	0	0	0	0	0	0	0	0	0	0	30	9	0	0	0	0	0	0	0	0	11	0	0	0	0	0	0	0
75f2b9bb3388967fd0ff0d7d50d4916e	0	0	0	0	0	0	0	0	0	0	0	49	0	0	0	0	0	0	0	0	0	0	0	0	0	0	0	0	0	0	0	0	0	0	0	0	0	0	0	0	0	0	0	0	0
ea989ecc7a6fec4b7458f82a9ecb7ffe	0	0	0	0	0	0	0	0	0	0	0	0	0	0	0	0	21	13	13	0	0	0	0	0	0	0	0	0	0	2	0	0	0	0	0	0	0	0	0	0	0	0	0	0	0
5f65e14404f651bc261648725f22e51e	0	0	0	0	0	0	0	0	0	0	0	0	0	0	0	0	20	0	0	0	0	0	0	0	0	0	0	0	0	0	0	0	0	0	0	0	0	29	0	0	0	0	0	0	0
36b94874a03009679f5cd78580fe7520	0	0	0	0	0	0	0	0	0	0	0	0	0	0	0	0	19	9	4	0	0	0	0	0	0	0	0	0	6	0	0	0	0	0	0	0	0	11	0	0	0	0	0	0	0
1e8b3fdc991261b05804fad8853008d0	0	0	0	0	0	0	0	0	0	0	0	0	0	0	0	0	14	0	12	0	0	0	0	0	0	0	0	0	0	0	0	0	0	0	0	0	0	11	0	0	0	6	0	0	6
e6ed6c900ee9722efc842fd3f46797c8	0	0	0	0	0	0	0	0	0	0	0	0	0	0	0	0	10	0	0	4	0	0	0	0	0	0	0	5	2	6	0	0	0	0	0	0	0	6	0	0	5	4	0	3	4
6735d649f82410ce7570b67827f6a8e8	0	0	0	0	0	0	0	0	0	0	0	0	0	0	0	0	9	0	0	0	0	0	0	0	0	0	0	9	0	0	0	0	0	0	0	0	3	24	0	0	2	0	0	2	0
d4cc0fc04599a20bba987d8fdab85775	0	0	0	0	0	0	0	0	0	0	0	0	0	0	0	0	5	0	0	0	0	0	0	0	0	0	3	12	0	4	0	0	0	0	0	0	7	18	0	0	0	0	0	0	0
e4477c497719c9a9772cb3dc3c5ddbe3	0	0	0	0	0	0	0	0	0	0	0	0	0	0	0	0	0	9	0	0	0	0	0	0	0	0	0	0	0	0	0	0	0	0	0	0	0	14	0	0	0	9	9	8	0
b92b0dcaf99964f500e1734b28e4cc92	0	0	0	0	0	0	0	0	0	0	0	0	0	0	0	0	0	0	0	0	0	31	0	0	0	0	0	8	0	0	0	0	0	0	0	0	0	10	0	0	0	0	0	0	0
346fad3df94246a177568f70e30daab8	0	0	0	0	0	0	0	0	0	0	0	0	0	0	0	0	0	0	0	0	0	0	6	0	3	0	0	4	0	0	0	5	0	0	0	5	0	4	0	6	7	0	0	9	0
0c05ae9433a3e97499f1305bb910485c	0	0	0	0	0	0	0	0	0	0	0	0	0	0	0	0	0	0	0	0	0	0	0	0	0	49	0	0	0	0	0	0	0	0	0	0	0	0	0	0	0	0	0	0	0
e19531211988c88d71f4c31864dae06f	0	0	0	0	0	0	0	0	0	0	0	0	0	0	0	0	0	0	0	0	0	0	0	0	0	0	0	9	0	0	0	0	0	0	0	0	0	31	0	0	3	0	0	0	6
ae62a6d95575fb3dc7bf70e49f4df51f	0	0	0	0	0	0	0	0	0	0	0	0	0	0	0	0	18	5	0	0	0	0	0	0	0	0	0	0	0	0	0	0	0	0	0	0	0	15	0	0	0	2	4	4	0
e28b3715f69cb3f9bd7baf2e2a90123b	0	0	0	0	0	0	0	0	0	0	0	0	0	0	0	0	15	5	0	0	0	0	0	0	0	0	0	14	0	0	0	0	0	0	0	0	0	9	0	0	0	0	0	0	5
a14e33425bdc70ee73dcaee00cab3e22	0	0	0	0	0	0	0	0	0	0	0	0	0	0	0	0	13	4	0	2	0	0	0	0	0	0	0	0	0	0	0	0	0	0	0	0	4	25	0	0	0	0	0	0	0
877025e1f25bb66e056d495941fa709d	0	0	0	0	0	0	0	47	0	0	0	0	0	0	0	0	0	0	0	0	0	0	0	0	0	0	0	0	0	0	0	0	0	0	0	0	0	0	0	0	0	0	0	0	0
9c8fe4f590ed08b997a8ca49bb3bb647	0	0	0	0	0	0	0	0	0	0	47	0	0	0	0	0	0	0	0	0	0	0	0	0	0	0	0	0	0	0	0	0	0	0	0	0	0	0	0	0	0	0	0	0	0
1b5c52d4128534bf7fa45ce10077c3da	0	0	0	0	0	0	0	0	0	0	0	47	0	0	0	0	0	0	0	0	0	0	0	0	0	0	0	0	0	0	0	0	0	0	0	0	0	0	0	0	0	0	0	0	0
5eeaf91b6a0c2d37c2efda8b59f98e5b	0	0	0	0	0	0	0	0	0	0	0	0	0	0	0	0	36	0	0	0	0	0	0	0	0	0	0	0	0	0	0	0	0	0	0	0	0	11	0	0	0	0	0	0	0
d676db350b6ec5ed38ad54175d51b03c	0	0	0	0	0	0	0	0	0	0	0	0	0	0	0	0	18	7	0	2	0	0	0	0	0	0	0	5	0	0	0	0	0	0	0	0	0	4	0	0	0	2	5	4	0
fc4deebf8a3af5f11589da58ec5be3c4	0	0	0	0	0	0	0	0	0	0	0	0	0	0	0	0	15	0	8	0	0	0	0	0	0	0	0	16	8	0	0	0	0	0	0	0	0	0	0	0	0	0	0	0	0
14bf8755eeb677d61978470bcb2fbf38	0	0	0	0	0	0	0	0	0	0	0	0	0	0	0	0	0	0	0	11	0	0	0	0	0	0	0	0	0	0	0	0	0	0	0	0	0	0	0	0	5	16	6	4	5
c3753a590414766503997b4a6e6c4781	0	0	0	0	0	0	0	0	0	0	0	0	0	0	0	0	0	0	0	0	0	0	0	0	0	0	6	36	5	0	0	0	0	0	0	0	0	0	0	0	0	0	0	0	0
a53f103999e5b903bf45cf7da2a6a6f2	0	0	0	0	0	0	0	0	0	0	0	0	0	0	0	0	0	0	0	0	0	0	0	0	0	0	0	47	0	0	0	0	0	0	0	0	0	0	0	0	0	0	0	0	0
56147d3bb6cfa3e8dd327355dfa57394	0	0	0	0	0	0	0	0	0	0	0	0	0	0	0	0	0	0	0	0	0	0	0	0	0	0	0	18	3	2	0	0	0	0	0	0	3	21	0	0	0	0	0	0	0
fd1de7c29cbdbb37452bf5b4bfa1fe45	0	0	0	0	0	0	0	0	0	0	0	0	0	0	0	0	0	0	0	0	0	0	0	0	0	0	0	7	3	5	0	0	0	0	0	0	0	27	0	0	0	0	1	4	0
e3fd69f6ee4efded402df9a7a2d85bee	0	0	0	0	0	0	0	0	0	0	0	0	0	0	0	0	0	0	0	0	0	0	0	0	0	0	0	0	0	0	8	0	0	0	0	0	0	0	0	0	0	13	18	0	8
421fe7fff0894c23ce7ab215d541c6c7	0	0	0	0	0	0	0	0	0	0	0	0	0	0	0	0	0	0	0	0	0	0	0	0	0	0	0	0	0	0	0	0	0	0	47	0	0	0	0	0	0	0	0	0	0
7a53f770f881fa596f6b10f9ee5c2084	0	0	0	0	0	0	0	0	0	0	46	0	0	0	0	0	0	0	0	0	0	0	0	0	0	0	0	0	0	0	0	0	0	0	0	0	0	0	0	0	0	0	0	0	0
b67adf21678a0fad9aba1fd520fbadb3	0	0	0	0	0	0	0	0	0	0	0	0	0	0	0	0	46	0	0	0	0	0	0	0	0	0	0	0	0	0	0	0	0	0	0	0	0	0	0	0	0	0	0	0	0
e4d12abc326786c6e5016ce62cfbc0e3	0	0	0	0	0	0	0	0	0	0	0	0	0	0	0	0	23	0	18	0	0	0	0	0	0	0	0	5	0	0	0	0	0	0	0	0	0	0	0	0	0	0	0	0	0
173fa7bfb739e6ead7788b99e5a55860	0	0	0	0	0	0	0	0	0	0	0	0	0	0	0	0	22	0	0	0	0	0	0	0	0	0	0	6	0	6	0	0	0	0	0	0	0	12	0	0	0	0	0	0	0
ab3e4e121c6cda3297f69575774bad53	0	0	0	0	0	0	0	0	0	0	0	0	0	0	0	0	12	0	0	0	0	0	0	0	0	0	0	12	0	0	0	0	0	0	0	0	0	17	0	0	0	0	0	5	0
4ea771cdececde17cd4c3d9b7d4dd4bc	0	0	0	0	0	0	0	0	0	0	0	0	0	0	0	0	5	0	0	0	0	0	0	0	0	0	4	19	10	5	0	0	0	0	0	0	0	0	0	0	3	0	0	0	0
c06dac4c94c313f9148c22d75249a145	0	0	0	0	0	0	0	0	0	0	0	0	0	0	0	0	5	0	0	0	0	0	0	0	0	0	8	23	10	0	0	0	0	0	0	0	0	0	0	0	0	0	0	0	0
bb7b5cd59a52a251cdb07797d2636abd	0	0	0	0	0	0	0	0	0	0	0	0	0	0	0	0	0	11	0	0	0	0	0	0	0	0	0	0	0	0	0	0	0	0	0	0	0	0	0	0	12	9	0	0	14
f300e53efd17905b0b4552aa256368a6	0	0	0	0	0	0	0	0	0	0	0	0	0	0	0	0	0	0	0	6	0	0	0	0	0	0	0	0	0	0	0	0	0	0	0	0	0	0	0	0	5	10	8	5	12
dfb84dddd94055e75359ecb1f52f48bf	0	0	0	0	0	0	0	0	0	0	0	0	0	0	0	0	0	0	0	0	0	46	0	0	0	0	0	0	0	0	0	0	0	0	0	0	0	0	0	0	0	0	0	0	0
34a6567fa619f7e4cd919973319ed986	0	0	0	0	0	0	0	0	0	0	0	0	0	0	0	0	0	0	0	0	0	0	0	0	0	0	9	29	0	8	0	0	0	0	0	0	0	0	0	0	0	0	0	0	0
8de65987dfedf76d583ed8349790760e	0	0	0	0	0	0	0	0	0	0	0	0	0	0	0	0	0	0	0	0	0	0	0	0	0	0	0	46	0	0	0	0	0	0	0	0	0	0	0	0	0	0	0	0	0
40df65ac0d9b3481c21d4c522f00ec3b	0	0	0	0	0	0	0	0	0	0	0	0	0	0	0	0	0	0	0	0	0	0	0	0	0	0	0	0	0	0	0	0	0	0	0	0	8	33	0	0	0	0	3	2	0
18596aa5d5f9efb840cb8acd37aa4a68	0	0	0	0	0	0	0	0	0	0	0	0	0	0	0	0	0	0	0	0	0	0	0	0	0	0	0	0	0	0	0	0	0	0	0	0	0	37	0	0	0	5	0	4	0
1b98f7b22a7e1bf19f5d8192a5a5c18f	45	0	0	0	0	0	0	0	0	0	0	0	0	0	0	0	0	0	0	0	0	0	0	0	0	0	0	0	0	0	0	0	0	0	0	0	0	0	0	0	0	0	0	0	0
e33310656bf22627a61dd62b8865a1a8	0	0	0	0	0	0	0	0	45	0	0	0	0	0	0	0	0	0	0	0	0	0	0	0	0	0	0	0	0	0	0	0	0	0	0	0	0	0	0	0	0	0	0	0	0
35ed6862595ad32e732b7ab471c11c8c	0	0	0	0	0	0	0	0	0	0	0	0	0	0	0	45	0	0	0	0	0	0	0	0	0	0	0	0	0	0	0	0	0	0	0	0	0	0	0	0	0	0	0	0	0
872ecec83b11101e6ba5ef75575ecb51	0	0	0	0	0	0	0	0	0	0	0	0	0	0	0	0	31	0	0	0	0	0	0	0	0	0	0	10	0	4	0	0	0	0	0	0	0	0	0	0	0	0	0	0	0
b9b4892f7aa2f5eeb442add7617e20ac	0	0	0	0	0	0	0	0	0	0	0	0	0	0	0	0	23	6	6	0	0	0	0	0	0	0	0	0	0	0	0	0	0	0	0	0	0	3	0	0	0	4	0	0	3
51114c3514c0163aaa4b3ee83328178c	0	0	0	0	0	0	0	0	0	0	0	0	0	0	0	0	23	4	0	0	0	0	0	0	0	0	0	7	2	0	0	0	0	0	0	0	0	2	0	0	0	3	4	0	0
86911a539705703ea78ec3e512444f35	0	0	0	0	0	0	0	0	0	0	0	0	0	0	0	0	22	4	0	0	0	0	0	0	0	0	0	6	0	0	0	0	0	0	0	0	0	8	0	0	0	3	0	2	0
cefea2c1621cd3e1f49640903187dfc1	0	0	0	0	0	0	0	0	0	0	0	0	0	0	0	0	18	0	6	0	0	0	0	0	0	0	0	0	0	0	0	0	0	0	0	0	0	15	0	0	0	6	0	0	0
8bb0dca6f425175300dc13df40c40416	0	0	0	0	0	0	0	0	0	0	0	0	0	0	0	0	14	0	6	3	0	0	0	0	0	0	0	0	0	0	0	0	0	0	0	0	0	11	0	0	0	3	5	3	0
8c19aeed7deb45eae8eb08b100f8f1e0	0	0	0	0	0	0	0	0	0	0	0	0	0	0	0	0	14	6	6	0	0	0	0	0	0	0	0	7	0	0	0	0	0	0	0	0	0	0	0	0	7	5	0	0	0
e03d2c65599391402b62467bdda276ad	0	0	0	0	0	0	0	0	0	0	0	0	0	0	0	0	6	6	0	0	0	0	0	0	0	0	11	0	0	0	0	0	0	0	0	0	0	0	0	0	0	13	0	9	0
6c96e7bc6362efe8bd76a74decc5c8a0	0	0	0	0	0	0	0	0	0	0	0	0	0	0	0	0	0	0	0	0	0	0	0	0	0	0	4	11	0	0	0	0	0	0	0	0	3	27	0	0	0	0	0	0	0
63e0ba7b87f60950282899f6577e3957	0	0	0	0	0	0	0	0	0	0	0	0	0	0	0	0	0	0	0	0	0	0	0	0	0	0	3	9	5	0	0	0	0	0	0	0	5	19	0	0	0	4	0	0	0
ee5f43afbd4b8dbdd489b38b02dda5d7	0	0	0	0	0	0	0	44	0	0	0	0	0	0	0	0	0	0	0	0	0	0	0	0	0	0	0	0	0	0	0	0	0	0	0	0	0	0	0	0	0	0	0	0	0
ffdab3616264f12aa96748fe249179ae	0	0	0	0	0	0	0	44	0	0	0	0	0	0	0	0	0	0	0	0	0	0	0	0	0	0	0	0	0	0	0	0	0	0	0	0	0	0	0	0	0	0	0	0	0
8cb7ac4da8e86f9d65431e7982cccf9a	0	0	0	0	0	0	0	0	0	0	0	0	0	0	0	0	16	0	0	5	0	0	0	0	0	0	0	4	0	0	0	0	0	0	0	0	0	3	0	0	4	2	3	3	4
52c16f57ff76976f7f21dd4b17aff604	0	0	0	0	0	0	0	0	0	0	0	0	0	0	0	0	12	0	0	0	0	0	0	0	0	0	0	3	0	0	0	0	0	0	0	0	0	15	0	0	4	2	4	4	0
6de778cca60c7e98dc2d6b1b6b0af6ce	0	0	0	0	0	0	0	0	0	0	0	0	0	0	0	0	12	5	4	0	0	0	0	0	0	0	0	4	0	0	0	0	0	0	0	0	4	10	0	0	0	3	0	2	0
fe7d94bfb666e923705ecb130af8d506	0	0	0	0	0	0	0	0	0	0	0	0	0	0	0	0	0	0	0	0	0	21	23	0	0	0	0	0	0	0	0	0	0	0	0	0	0	0	0	0	0	0	0	0	0
d9e6c3ff191cf9a0b48d57d0455d294c	0	0	0	0	0	0	0	0	0	0	0	0	0	0	0	0	0	0	0	0	0	0	0	0	0	0	11	17	8	0	0	0	0	0	0	0	0	8	0	0	0	0	0	0	0
acf80e85a60d5e4d1ca39daba34acec9	0	0	0	0	0	0	0	0	0	0	0	0	0	0	0	0	0	0	0	0	0	0	0	0	0	0	0	44	0	0	0	0	0	0	0	0	0	0	0	0	0	0	0	0	0
2ac33e304677c57735bd1ea66a9104d7	20	0	0	0	0	0	23	0	0	0	0	0	0	0	0	0	0	0	0	0	0	0	0	0	0	0	0	0	0	0	0	0	0	0	0	0	0	0	0	0	0	0	0	0	0
07d313706ba0c85687c8d95b664b84bc	0	0	0	0	0	0	0	0	0	0	0	22	21	0	0	0	0	0	0	0	0	0	0	0	0	0	0	0	0	0	0	0	0	0	0	0	0	0	0	0	0	0	0	0	0
34d78089dc884f417dd3d85c91aec13f	0	0	0	0	0	0	0	0	0	0	0	0	0	0	0	0	29	0	0	0	0	0	0	0	0	0	14	0	0	0	0	0	0	0	0	0	0	0	0	0	0	0	0	0	0
fbd46496dcd1076336a87bf6fc1fe452	0	0	0	0	0	0	0	0	0	0	0	0	0	0	0	0	21	0	0	0	0	0	0	0	0	0	0	10	0	0	0	0	0	0	0	0	8	0	0	0	0	0	0	4	0
ce961a0dc5c0e359ca86d8dd505fd384	0	0	0	0	0	0	0	0	0	0	0	0	0	0	0	0	0	0	9	3	0	0	0	0	0	0	0	0	7	9	0	0	0	0	0	0	0	0	0	0	0	7	8	0	0
db27698db5ccd0561f1e0a8ba5fcf310	0	0	0	0	0	0	0	0	0	0	0	0	0	0	0	0	0	0	0	0	0	0	43	0	0	0	0	0	0	0	0	0	0	0	0	0	0	0	0	0	0	0	0	0	0
d9f72592f1bad68a45a744ecddbd83fa	0	0	0	0	0	0	0	0	0	0	0	0	0	0	0	0	0	0	0	0	0	0	0	0	0	43	0	0	0	0	0	0	0	0	0	0	0	0	0	0	0	0	0	0	0
31604cb9839141e8431c80eecdd95d57	0	0	0	0	0	0	0	0	0	0	0	0	0	0	0	0	0	0	0	0	0	0	0	0	0	0	0	21	0	0	0	0	0	0	0	0	0	22	0	0	0	0	0	0	0
dafba993c550e728545ebaa7fd42b66b	0	0	0	0	0	0	42	0	0	0	0	0	0	0	0	0	0	0	0	0	0	0	0	0	0	0	0	0	0	0	0	0	0	0	0	0	0	0	0	0	0	0	0	0	0
84e54c08c70829b85bd9dd8a65fc441b	0	0	0	0	0	0	0	0	0	0	42	0	0	0	0	0	0	0	0	0	0	0	0	0	0	0	0	0	0	0	0	0	0	0	0	0	0	0	0	0	0	0	0	0	0
b66853991b7c65fd454a3cde884f49b1	0	0	0	0	0	0	0	0	0	0	0	42	0	0	0	0	0	0	0	0	0	0	0	0	0	0	0	0	0	0	0	0	0	0	0	0	0	0	0	0	0	0	0	0	0
40c896e5c769892061707f9597ed91f0	0	0	0	0	0	0	0	0	0	0	0	0	0	0	0	0	24	11	7	0	0	0	0	0	0	0	0	0	0	0	0	0	0	0	0	0	0	0	0	0	0	0	0	0	0
ed508b7306f280ab3b67f06170128f67	0	0	0	0	0	0	0	0	0	0	0	0	0	0	0	0	22	0	0	0	0	0	0	0	0	0	0	0	5	0	0	0	0	0	0	0	0	3	0	0	4	8	0	0	0
31a0617690108c602ac06d6dbf8cb39d	0	0	0	0	0	0	0	0	0	0	0	0	0	0	0	0	21	0	0	0	0	0	0	0	0	0	0	0	0	0	0	0	0	0	0	0	0	12	0	0	0	2	3	2	2
a7cf2153fb1b2516139e4d0b4001ea1a	0	0	0	0	0	0	0	0	0	0	0	0	0	0	0	0	21	0	11	0	0	0	0	0	0	0	10	0	0	0	0	0	0	0	0	0	0	0	0	0	0	0	0	0	0
9cd813f23bce8d3979022f35e4c36299	0	0	0	0	0	0	0	0	0	0	0	0	0	0	0	0	16	0	0	0	0	0	0	0	0	0	0	0	0	0	0	0	0	0	0	0	0	0	0	0	4	5	6	7	4
84ce16b3d7a4340f8d76977824790d48	0	0	0	0	0	0	0	0	0	0	0	0	0	0	0	0	9	3	0	0	0	0	0	0	0	0	4	8	3	4	0	0	0	0	0	0	3	5	0	0	0	0	0	3	0
9b866cfb255a6218bee0be4368f7af9e	0	0	0	0	0	0	0	0	0	0	0	0	0	0	0	0	0	42	0	0	0	0	0	0	0	0	0	0	0	0	0	0	0	0	0	0	0	0	0	0	0	0	0	0	0
eb8b2d87af0f0ebfcb1bc6e191b1786e	0	0	0	0	0	0	0	0	0	0	0	0	0	0	0	0	0	0	4	0	0	0	0	0	0	0	0	8	3	0	0	0	0	0	0	0	2	17	0	8	0	0	0	0	0
707b60b5b2a037f685d5ab8a9075ceef	0	0	0	0	0	0	0	0	0	0	0	0	0	0	0	0	0	0	0	5	0	0	0	0	0	0	5	9	0	0	0	0	0	0	0	0	0	23	0	0	0	0	0	0	0
9447888be218efb9b07108429a6a2c16	0	0	0	0	0	0	0	0	0	0	0	0	0	0	0	0	0	0	0	3	0	0	0	0	0	0	2	0	0	0	0	0	0	0	0	0	0	0	0	0	0	0	15	10	12
f8ffe01a41c547e35e0656e6e52d1a32	0	0	0	0	0	0	0	0	0	0	0	0	0	0	0	0	0	0	0	0	0	0	42	0	0	0	0	0	0	0	0	0	0	0	0	0	0	0	0	0	0	0	0	0	0
9ac76b9447b4d1ce0e89b4bb75b7d2c2	0	0	0	0	0	0	0	0	0	0	0	0	0	0	0	0	0	0	0	0	0	0	0	0	0	0	0	0	0	0	0	0	0	0	0	0	0	0	0	42	0	0	0	0	0
4cc7bf93d916bc7bf10c9bc8cebdceeb	0	0	0	0	0	0	0	0	0	0	0	41	0	0	0	0	0	0	0	0	0	0	0	0	0	0	0	0	0	0	0	0	0	0	0	0	0	0	0	0	0	0	0	0	0
c816157ff5a4eb69fa85536126cce079	0	0	0	0	0	0	0	0	0	0	0	0	0	0	0	0	41	0	0	0	0	0	0	0	0	0	0	0	0	0	0	0	0	0	0	0	0	0	0	0	0	0	0	0	0
db7e8d6894368b7729404eddf77fc754	0	0	0	0	0	0	0	0	0	0	0	0	0	0	0	0	41	0	0	0	0	0	0	0	0	0	0	0	0	0	0	0	0	0	0	0	0	0	0	0	0	0	0	0	0
153fc012cd056e0c01e94aea66405e0f	0	0	0	0	0	0	0	0	0	0	0	0	0	0	0	0	22	0	0	0	0	0	0	0	0	0	0	3	0	0	0	0	0	0	0	0	2	6	0	0	0	5	3	0	0
379d47fb3e2deeef33aa73f6cc55d3f0	0	0	0	0	0	0	0	0	0	0	0	0	0	0	0	0	18	0	0	0	0	0	0	0	0	0	0	0	0	0	0	0	0	0	0	0	0	18	0	0	0	0	0	5	0
9cbaed501a5a1bacd539df1f5a632af9	0	0	0	0	0	0	0	0	0	0	0	0	0	0	0	0	0	0	0	0	0	41	0	0	0	0	0	0	0	0	0	0	0	0	0	0	0	0	0	0	0	0	0	0	0
6dbfb7ce4c22cb830d3f421ef5d3dfbd	0	0	0	0	0	0	0	0	0	0	0	0	0	0	0	0	0	0	0	0	0	0	41	0	0	0	0	0	0	0	0	0	0	0	0	0	0	0	0	0	0	0	0	0	0
8884dedf0e13647b9d47e97dc9dd6c33	0	0	0	0	0	0	0	0	0	0	0	0	0	0	0	0	0	0	0	0	0	0	41	0	0	0	0	0	0	0	0	0	0	0	0	0	0	0	0	0	0	0	0	0	0
f74217d5c5834071a38906e6d3355211	0	0	0	0	0	0	0	0	0	0	0	0	0	0	0	0	0	0	0	0	0	0	0	0	41	0	0	0	0	0	0	0	0	0	0	0	0	0	0	0	0	0	0	0	0
a60729eeae333844894c4a8389f6593e	0	0	0	0	0	0	0	0	0	0	0	0	0	0	0	0	0	0	0	0	0	0	0	0	0	41	0	0	0	0	0	0	0	0	0	0	0	0	0	0	0	0	0	0	0
068b9fe01c5e8401b998f74eaef8949a	0	0	0	0	0	0	0	0	0	0	0	0	0	0	0	0	0	0	0	0	0	0	0	0	0	0	7	23	4	3	0	0	0	0	0	0	0	4	0	0	0	0	0	0	0
6a9a3152e9e0b4b22b30e99f6568f69a	0	0	0	0	0	0	0	0	0	0	0	0	0	0	0	0	0	0	0	0	0	0	0	0	0	0	0	41	0	0	0	0	0	0	0	0	0	0	0	0	0	0	0	0	0
dbfbf4acc9cb6d33ba52aae0fe6e134a	0	0	0	0	0	0	0	0	0	0	0	0	0	0	0	0	0	0	0	0	0	0	0	0	0	0	0	41	0	0	0	0	0	0	0	0	0	0	0	0	0	0	0	0	0
54d338aeb4ef6fbcd908deb01aa5e64c	0	0	0	0	0	0	0	0	0	0	0	0	0	0	0	0	0	0	0	0	0	0	0	0	0	0	0	27	14	0	0	0	0	0	0	0	0	0	0	0	0	0	0	0	0
02b4ad88dd025f446acfb6b01562665b	0	0	0	0	0	0	0	0	0	0	0	0	0	0	0	0	0	0	0	0	0	0	0	0	0	0	0	18	0	0	0	0	0	0	0	0	3	18	0	0	0	0	0	0	2
824d37bf32fd11bbd9242ff81432950f	0	0	0	0	0	0	0	0	0	0	0	0	0	0	0	0	0	0	0	0	0	0	0	0	0	0	0	0	0	11	0	0	0	0	0	0	0	30	0	0	0	0	0	0	0
ab808a6e314c1e9fb5e5c1e9bdcaae31	0	0	0	0	0	0	0	0	0	0	0	0	0	0	0	0	0	0	0	0	0	0	0	0	0	0	0	0	0	3	0	0	0	0	0	0	10	28	0	0	0	0	0	0	0
0784657e7458775f6f0b0586497fee3b	0	0	0	0	0	0	0	0	0	0	0	0	0	0	0	0	0	0	0	0	0	0	0	0	0	0	0	0	0	0	0	0	0	0	0	0	0	0	0	41	0	0	0	0	0
dd68c7b3d6b665f362d388f2f1be6663	0	0	0	0	0	0	0	0	0	0	40	0	0	0	0	0	0	0	0	0	0	0	0	0	0	0	0	0	0	0	0	0	0	0	0	0	0	0	0	0	0	0	0	0	0
502c8e16f2d6d11f4376264d45a446fe	0	0	0	0	0	0	0	0	0	0	0	40	0	0	0	0	0	0	0	0	0	0	0	0	0	0	0	0	0	0	0	0	0	0	0	0	0	0	0	0	0	0	0	0	0
177d5268b5f2881ca8799ad6656e17ad	0	0	0	0	0	0	0	0	0	0	0	0	40	0	0	0	0	0	0	0	0	0	0	0	0	0	0	0	0	0	0	0	0	0	0	0	0	0	0	0	0	0	0	0	0
8c57c093d0362780e9a2fb25cbdd2585	0	0	0	0	0	0	0	0	0	0	0	0	0	0	0	0	23	0	15	2	0	0	0	0	0	0	0	0	0	0	0	0	0	0	0	0	0	0	0	0	0	0	0	0	0
4d7593c4e14c1f624406deae8026817d	0	0	0	0	0	0	0	0	0	0	0	0	0	0	0	0	16	0	0	0	0	0	0	0	0	0	0	0	0	0	0	0	0	0	0	0	3	12	0	0	0	5	4	0	0
4e0ce78230d91141941a54bfb52c4a65	0	0	0	0	0	0	0	0	0	0	0	0	0	0	0	0	13	0	0	0	0	0	0	0	0	0	0	10	8	0	0	0	0	0	0	0	0	0	0	0	4	0	5	0	0
92f14f519be74c0190fad997adf2ee54	0	0	0	0	0	0	0	0	0	0	0	0	0	0	0	0	0	0	0	18	0	0	0	0	0	0	0	6	0	0	0	0	0	0	0	0	0	2	0	0	0	0	8	0	6
4853c725fd8bb88b42196977b864057a	0	0	0	0	0	0	0	0	0	0	0	0	0	0	0	0	0	0	0	0	0	0	40	0	0	0	0	0	0	0	0	0	0	0	0	0	0	0	0	0	0	0	0	0	0
e991ceebbca82b265114818db04f417d	0	0	0	0	0	0	0	0	0	0	0	0	0	0	0	0	0	0	0	0	0	0	0	0	0	0	18	22	0	0	0	0	0	0	0	0	0	0	0	0	0	0	0	0	0
cbca27cf77bc9a8bbd3bc7aaf5179eca	0	0	0	0	0	0	0	0	0	0	0	0	0	0	0	0	0	0	0	0	0	0	0	0	0	0	0	26	0	0	0	0	0	0	0	0	0	14	0	0	0	0	0	0	0
47c10cc120bdd16251b05708295f9a1a	0	0	0	0	0	0	0	0	0	0	0	0	0	0	0	0	0	0	0	0	0	0	0	0	0	0	0	13	0	0	0	0	0	0	0	0	0	27	0	0	0	0	0	0	0
5f344dae0dcfc1c9d23bc645d1f3f1c1	0	0	0	0	0	0	0	0	0	0	0	0	0	0	0	0	0	0	0	0	0	0	0	0	0	0	0	0	0	0	0	0	0	0	0	0	0	40	0	0	0	0	0	0	0
97f2c72cdfd49df0fe97bdae9383724e	0	0	0	0	0	0	0	0	0	0	0	0	0	0	0	0	0	0	0	0	0	0	0	0	0	0	0	0	0	0	0	0	0	0	0	0	0	0	0	40	0	0	0	0	0
29177c9b0ec1e8dc28c5ec4aea3e1cc0	0	0	0	0	0	0	0	0	0	0	0	0	0	0	0	0	17	7	0	0	0	0	0	0	0	0	0	5	0	0	0	0	0	0	0	0	3	5	0	0	0	0	2	0	0
66303c0d08c6e7c412b7c9f53cda2f96	0	0	0	0	0	0	0	0	0	0	0	0	0	0	0	0	17	0	0	0	0	0	0	0	0	0	0	9	0	0	0	0	0	0	0	0	0	13	0	0	0	0	0	0	0
1928fbb3419424185b0bc746a7729d6c	0	0	0	0	0	0	0	0	0	0	0	0	0	0	0	0	13	6	11	0	0	0	0	0	0	0	0	9	0	0	0	0	0	0	0	0	0	0	0	0	0	0	0	0	0
7198a39df7999302902dc7eea39259f6	0	0	0	0	0	0	0	0	0	0	0	0	0	0	0	0	0	0	0	0	0	25	14	0	0	0	0	0	0	0	0	0	0	0	0	0	0	0	0	0	0	0	0	0	0
fe6840f68bec13293c67fb77d32a3afc	0	0	0	0	0	0	0	0	0	0	0	0	0	0	0	0	0	0	0	0	0	0	0	0	39	0	0	0	0	0	0	0	0	0	0	0	0	0	0	0	0	0	0	0	0
d5f9e9ca6d5e6f54679582836e70b690	0	0	0	0	0	0	0	0	0	0	0	0	0	0	0	0	0	0	0	0	0	0	0	0	0	0	9	14	3	2	0	0	0	6	0	3	0	0	0	0	0	0	0	2	0
6931dc4dc9c31b919ec93c20c11ad7c2	0	0	0	0	0	0	0	0	0	0	0	0	0	0	0	0	0	0	0	0	0	0	0	0	0	0	0	0	0	0	0	0	0	0	0	0	0	39	0	0	0	0	0	0	0
469f5508a5315ff28ca09bc8780a1186	0	0	0	0	0	0	0	0	0	0	0	0	0	0	0	0	23	0	0	0	0	0	0	0	0	0	0	7	0	0	0	0	0	0	0	0	8	0	0	0	0	0	0	0	0
d99dce423fa6779c0387c51dbc3d080c	0	0	0	0	0	0	0	0	0	0	0	0	0	0	0	0	19	0	0	0	0	0	0	0	0	0	0	0	0	0	0	0	0	0	0	0	0	14	0	0	0	0	0	5	0
fa59722ac5024ff0cc439e4a996e602c	0	0	0	0	0	0	0	0	0	0	0	0	0	0	0	0	8	0	0	0	0	12	18	0	0	0	0	0	0	0	0	0	0	0	0	0	0	0	0	0	0	0	0	0	0
ffbad8938e812e2d01ce161d36abe7af	0	0	0	0	0	0	0	0	0	0	0	0	0	0	0	0	0	0	0	0	0	25	3	0	0	0	0	7	0	0	0	0	0	0	0	0	0	0	0	0	0	0	0	3	0
d48808029c59b99e1ef614975c1ae619	0	0	0	0	0	0	0	0	0	0	0	0	0	0	0	0	0	0	0	0	0	0	0	0	0	0	0	18	0	5	0	0	0	0	0	0	0	15	0	0	0	0	0	0	0
9bbd2a21a67fa1a96754b497fff839df	0	0	0	0	0	0	0	0	0	0	0	0	0	0	0	0	0	0	0	0	0	0	0	0	0	0	0	11	0	5	0	0	0	0	0	0	2	20	0	0	0	0	0	0	0
2917ef40274614e157b2d193af4f800a	0	0	0	0	0	0	0	0	0	0	0	0	0	0	0	0	0	0	0	0	0	0	0	0	0	0	0	0	0	0	0	0	0	0	0	0	0	0	0	38	0	0	0	0	0
d14200c503c3da557db3efcef00096c6	0	0	8	0	0	0	0	0	0	0	0	0	0	0	0	0	0	0	0	0	0	0	0	29	0	0	0	0	0	0	0	0	0	0	0	0	0	0	0	0	0	0	0	0	0
2bf02d3e648b33280f54f8520e4c73d0	0	0	0	0	0	0	0	37	0	0	0	0	0	0	0	0	0	0	0	0	0	0	0	0	0	0	0	0	0	0	0	0	0	0	0	0	0	0	0	0	0	0	0	0	0
318669d5d926e9b81ca6911da00a14ea	0	0	0	0	0	0	0	0	0	0	0	37	0	0	0	0	0	0	0	0	0	0	0	0	0	0	0	0	0	0	0	0	0	0	0	0	0	0	0	0	0	0	0	0	0
c8c27991fc4b9dbaf393e756a8480704	0	0	0	0	0	0	0	0	0	0	0	0	0	0	5	0	10	0	0	0	0	0	0	0	0	0	2	16	0	0	0	0	0	0	0	0	0	4	0	0	0	0	0	0	0
169ecd68b3ee6a2ce641687d648b7ccc	0	0	0	0	0	0	0	0	0	0	0	0	0	0	0	0	32	0	0	0	0	0	0	0	0	0	0	0	0	0	0	0	0	0	0	0	0	5	0	0	0	0	0	0	0
7d6ebdef34449aef8f74db301d238d50	0	0	0	0	0	0	0	0	0	0	0	0	0	0	0	0	31	0	0	0	0	0	0	0	0	0	6	0	0	0	0	0	0	0	0	0	0	0	0	0	0	0	0	0	0
e1fef5144c749a0b7787409a5b0d8d93	0	0	0	0	0	0	0	0	0	0	0	0	0	0	0	0	25	5	4	0	0	0	0	0	0	0	0	0	0	0	0	0	0	0	0	0	0	3	0	0	0	0	0	0	0
ca1f86a875c6b9b0be43d93239633851	0	0	0	0	0	0	0	0	0	0	0	0	0	0	0	0	22	0	0	0	0	0	0	0	0	0	0	0	0	0	0	0	0	0	0	0	0	8	0	0	0	7	0	0	0
aa375777f9e33d6a5f1ad7d691caa060	0	0	0	0	0	0	0	0	0	0	0	0	0	0	0	0	18	0	0	0	0	0	0	0	0	0	0	0	0	0	0	0	0	0	0	0	5	14	0	0	0	0	0	0	0
2b7263d36b997e2a19038500c70207e1	0	0	0	0	0	0	0	0	0	0	0	0	0	0	0	0	10	7	0	0	0	0	0	0	0	0	0	0	0	0	0	0	0	0	0	0	0	11	0	0	4	0	5	0	0
cb94e8a2ac0ea6f21ae5985e008d20bb	0	0	0	0	0	0	0	0	0	0	0	0	0	0	0	0	9	13	8	0	0	0	0	0	0	0	0	0	0	0	0	0	0	0	0	0	0	4	0	0	0	0	0	3	0
9f91bb448043a4fde7dc86ff3e23c451	0	0	0	0	0	0	0	0	0	0	0	0	0	0	0	0	0	37	0	0	0	0	0	0	0	0	0	0	0	0	0	0	0	0	0	0	0	0	0	0	0	0	0	0	0
052d737db4c5a84da25006f23156756c	0	0	0	0	0	0	0	0	0	0	0	0	0	0	0	0	0	0	0	0	0	0	0	0	0	0	37	0	0	0	0	0	0	0	0	0	0	0	0	0	0	0	0	0	0
757c22ea551142896fdf3c76871cf360	0	0	0	0	0	0	0	0	0	0	0	0	0	0	0	0	0	0	0	0	0	0	0	0	0	0	4	19	5	3	0	0	0	0	0	0	0	6	0	0	0	0	0	0	0
3c39d5c7730f8de848788c646b1f6caa	0	0	0	0	0	0	0	0	0	0	0	0	0	0	0	0	0	0	0	0	0	0	0	0	0	0	0	37	0	0	0	0	0	0	0	0	0	0	0	0	0	0	0	0	0
357c4ba1eb82c7c90ea968904a8dbecd	0	0	0	0	0	0	0	0	0	0	36	0	0	0	0	0	0	0	0	0	0	0	0	0	0	0	0	0	0	0	0	0	0	0	0	0	0	0	0	0	0	0	0	0	0
b7dfb45bbc616c2b36b5392cc75a506d	0	0	0	0	0	0	0	0	0	0	0	0	0	0	0	0	14	0	0	0	0	0	0	0	0	0	0	0	0	0	0	0	0	0	0	0	0	2	0	0	0	7	0	11	2
e57e814d3b4770ed06d1d1f23398a47a	0	0	0	0	0	0	0	0	0	0	0	0	0	0	0	0	13	0	0	0	0	0	0	0	0	0	0	8	0	0	0	0	0	0	0	0	0	15	0	0	0	0	0	0	0
7bc2c4b0f60ac2663c43635cf9e6101f	0	0	0	0	0	0	0	0	0	0	0	0	0	0	0	0	7	0	0	0	0	0	0	0	0	0	0	20	3	3	0	0	0	0	0	0	0	0	0	0	3	0	0	0	0
36d8e9adf65832126d231eb128a56bdd	0	0	0	0	0	0	0	0	0	0	0	0	0	0	0	0	6	0	0	0	0	0	0	0	0	0	0	4	2	4	0	0	0	0	0	0	3	17	0	0	0	0	0	0	0
4f41e7b30d0bc88d424a28bfabc4c81c	0	0	0	0	0	0	0	0	0	0	0	0	0	0	0	0	0	0	0	0	0	0	0	36	0	0	0	0	0	0	0	0	0	0	0	0	0	0	0	0	0	0	0	0	0
eceb76b022f644320efdb048deed3e08	0	0	0	0	0	0	0	0	0	0	0	0	0	0	0	0	0	0	0	0	0	0	0	0	0	0	7	14	0	4	0	0	0	0	0	0	0	9	0	0	0	2	0	0	0
0eaab5be5ba267c9e9205b818c56f1f0	0	0	0	0	0	0	0	0	0	0	0	0	0	0	0	0	0	0	0	0	0	0	0	0	0	0	0	15	0	0	0	0	0	0	0	0	0	21	0	0	0	0	0	0	0
770d3318a854c4705266881ee0ef9f3e	0	0	0	0	0	0	0	0	0	0	0	0	0	0	0	0	0	0	0	0	0	0	0	0	0	0	0	6	5	5	0	0	0	0	0	0	0	20	0	0	0	0	0	0	0
da811340c5fb40b6db4a857ed6d9eb2b	0	0	0	0	0	0	0	0	0	0	0	0	0	0	0	0	0	0	0	0	0	0	0	0	0	0	0	0	0	0	0	0	0	0	0	0	0	0	0	36	0	0	0	0	0
c453a246abad8aaac3c9b9e4c6b239e4	0	0	0	0	0	0	0	0	0	0	0	0	0	0	0	0	0	0	0	0	0	0	0	0	0	0	0	0	0	0	0	0	0	0	0	0	0	0	0	0	6	15	8	7	0
43a54829cc0d7a58a61ad7f833cc2b22	0	0	0	0	0	0	0	0	0	0	35	0	0	0	0	0	0	0	0	0	0	0	0	0	0	0	0	0	0	0	0	0	0	0	0	0	0	0	0	0	0	0	0	0	0
d65a9bd26f018d9f5de23d0b30d96273	0	0	0	0	0	0	0	0	0	0	0	0	0	0	0	0	18	0	11	0	0	0	0	0	0	0	0	0	0	0	0	0	0	0	0	0	0	0	0	0	6	0	0	0	0
f9cbc7dd3b7eab52fda9246990e92fc4	0	0	0	0	0	0	0	0	0	0	0	0	0	0	0	0	17	0	0	0	0	0	0	0	0	0	0	18	0	0	0	0	0	0	0	0	0	0	0	0	0	0	0	0	0
a9fde922c1673bb4e162d02971bcb32f	0	0	0	0	0	0	0	0	0	0	0	0	0	0	0	0	14	0	0	0	0	0	0	0	0	0	6	15	0	0	0	0	0	0	0	0	0	0	0	0	0	0	0	0	0
5150ee5be5102e131356008d2088d13d	0	0	0	0	0	0	0	0	0	0	0	0	0	0	0	0	12	0	0	0	0	0	0	0	0	0	5	9	0	5	0	0	0	0	0	0	0	0	0	0	4	0	0	0	0
3df923efa2bf6b983d99501d5b463935	0	0	0	0	0	0	0	0	0	0	0	0	0	0	0	0	11	0	0	0	0	0	0	0	0	0	0	1	0	2	0	0	0	0	0	0	0	8	0	0	7	6	0	0	0
39fbf1b156f516e4bffd5ac708c09c1a	0	0	0	0	0	0	0	0	0	0	0	0	0	0	0	0	0	0	0	0	0	16	19	0	0	0	0	0	0	0	0	0	0	0	0	0	0	0	0	0	0	0	0	0	0
a8cdfc0681b2644086c1d547c01af62e	0	0	0	0	0	0	0	0	0	0	0	0	0	0	0	0	0	0	0	0	0	0	35	0	0	0	0	0	0	0	0	0	0	0	0	0	0	0	0	0	0	0	0	0	0
9de104d368b2a86bd1c5e9e4ce6ded74	0	0	0	0	0	0	0	0	0	0	0	0	0	0	0	0	0	0	0	0	0	0	35	0	0	0	0	0	0	0	0	0	0	0	0	0	0	0	0	0	0	0	0	0	0
214f0b8b76ef1733c7dac2e5c145125d	0	0	0	0	0	0	0	0	0	0	0	0	0	0	0	0	0	0	0	0	0	0	0	0	0	0	3	14	2	2	0	0	0	0	0	0	2	12	0	0	0	0	0	0	0
c20a9b95324c934dea7f33d05d1b6b46	0	0	0	0	0	0	0	0	0	0	0	0	0	0	0	0	0	0	0	0	0	0	0	0	0	0	0	22	0	0	0	3	0	3	4	3	0	0	0	0	0	0	0	0	0
b3c4ad4ae4ec16224ec3af314bfcb76a	0	0	0	0	0	0	0	0	0	0	0	0	0	0	0	0	0	0	0	0	0	0	0	0	0	0	0	10	3	0	0	0	0	0	0	0	7	15	0	0	0	0	0	0	0
b725516e6f03a17f64f3603bf8721bb9	0	0	0	0	0	0	0	0	0	0	0	0	0	0	0	0	0	0	0	0	0	0	0	0	0	0	0	7	0	0	0	0	0	0	0	0	0	28	0	0	0	0	0	0	0
d86b7c28a5654fe4e31a7728d11bea48	0	0	0	0	0	0	0	0	0	0	0	0	0	0	0	0	0	0	0	0	0	0	0	0	0	0	0	0	0	0	0	0	0	0	0	0	5	30	0	0	0	0	0	0	0
b01d5362e1fc55601f682273747d424e	0	0	0	0	0	0	0	0	0	0	0	0	0	0	0	0	0	0	0	0	0	0	0	0	0	0	0	0	0	0	0	0	0	0	0	0	0	0	0	35	0	0	0	0	0
5179cfc24d79d21a5bb3a80b25471a75	0	0	0	0	0	0	0	0	0	0	0	0	0	0	0	0	0	0	0	0	0	0	0	0	0	0	0	0	0	0	0	0	0	0	0	0	0	0	0	0	0	0	0	0	35
4ac9dce8448c6ad2166471b18035ab35	20	0	0	0	0	0	14	0	0	0	0	0	0	0	0	0	0	0	0	0	0	0	0	0	0	0	0	0	0	0	0	0	0	0	0	0	0	0	0	0	0	0	0	0	0
420d3424cc1f57f482a8f65cb3330b4c	0	34	0	0	0	0	0	0	0	0	0	0	0	0	0	0	0	0	0	0	0	0	0	0	0	0	0	0	0	0	0	0	0	0	0	0	0	0	0	0	0	0	0	0	0
a5aa2abfbaaddc8682def4bbdf8f7058	0	0	0	0	0	0	0	0	0	0	0	0	0	0	0	0	23	8	0	0	0	0	0	0	0	0	0	0	0	0	0	0	0	0	0	0	0	0	0	0	0	0	3	0	0
e4b3effd8d29164925527a9926d9c079	0	0	0	0	0	0	0	0	0	0	0	0	0	0	0	0	20	0	5	0	0	0	0	0	0	0	0	3	0	0	0	0	0	0	0	0	0	0	0	0	0	0	2	0	4
6f2db4a37ea826af23d01b08bafcfbd1	0	0	0	0	0	0	0	0	0	0	0	0	0	0	0	0	13	6	0	0	0	0	0	0	0	0	0	4	0	0	0	0	0	0	0	0	0	5	0	0	0	4	0	2	0
59183b2f7ab849d7bae537e814cf03f6	0	0	0	0	0	0	0	0	0	0	0	0	0	0	0	0	11	0	11	0	0	0	0	0	0	0	0	0	0	0	0	0	0	0	0	0	0	8	0	0	0	4	0	0	0
204d5397ed391efaec269b73483c0f07	0	0	0	0	0	0	0	0	0	0	0	0	0	0	0	0	0	34	0	0	0	0	0	0	0	0	0	0	0	0	0	0	0	0	0	0	0	0	0	0	0	0	0	0	0
0d0de9311244433b82cc6eea6ee43e32	0	0	0	0	0	0	0	0	0	0	0	0	0	0	0	0	0	0	0	0	0	0	34	0	0	0	0	0	0	0	0	0	0	0	0	0	0	0	0	0	0	0	0	0	0
40b251f499591b940233f742b1b578f6	0	0	0	0	0	0	0	0	0	0	0	0	0	0	0	0	0	0	0	0	0	0	12	0	0	0	6	16	0	0	0	0	0	0	0	0	0	0	0	0	0	0	0	0	0
8b85c25a738d14c4e5a12b4e30f6c715	0	0	0	0	0	0	0	0	0	0	0	0	0	0	0	0	0	0	0	0	0	0	0	34	0	0	0	0	0	0	0	0	0	0	0	0	0	0	0	0	0	0	0	0	0
a4437f6c057cd14def5c4e215605a7bc	0	0	0	0	0	0	0	0	0	0	0	0	0	0	0	0	0	0	0	0	0	0	0	0	0	34	0	0	0	0	0	0	0	0	0	0	0	0	0	0	0	0	0	0	0
7aa4c86792f5d4b892b7c9c5a7f73563	0	0	0	0	0	0	0	0	0	0	0	0	0	0	0	0	0	0	0	0	0	0	0	0	0	0	0	20	0	0	0	0	0	0	0	0	0	14	0	0	0	0	0	0	0
aa32e109e4b57f7ee6a6b53bbede19d2	0	0	0	0	0	0	0	0	0	0	0	0	0	0	0	0	33	0	0	0	0	0	0	0	0	0	0	0	0	0	0	0	0	0	0	0	0	0	0	0	0	0	0	0	0
61278e46f0aca38f32b0533179cfbf33	0	0	0	0	0	0	0	0	0	0	0	0	0	0	0	0	27	0	0	0	0	0	0	0	0	0	0	0	0	0	0	0	0	0	0	0	0	0	0	0	6	0	0	0	0
04ca5c1769f233fce8c048bef91b71c7	0	0	0	0	0	0	0	0	0	0	0	0	0	0	0	0	22	0	0	0	0	0	0	0	0	0	0	7	0	0	0	0	0	0	0	0	0	0	0	0	0	4	0	0	0
4bb9d1fb217d78905fb705019e6b82b0	0	0	0	0	0	0	0	0	0	0	0	0	0	0	0	0	12	9	12	0	0	0	0	0	0	0	0	0	0	0	0	0	0	0	0	0	0	0	0	0	0	0	0	0	0
22b1e6366d317e6506537628b469baa6	0	0	0	0	0	0	0	0	0	0	0	0	0	0	0	0	10	0	0	0	0	0	0	0	0	0	0	10	0	2	2	0	0	0	0	0	0	0	0	0	0	5	0	4	0
b34b362c7536f3961132c638f4a6f393	0	0	0	0	0	0	0	0	0	0	0	0	0	0	0	0	2	0	3	0	0	0	0	0	0	0	0	3	0	1	0	0	0	0	0	0	0	0	0	0	2	10	4	6	2
deb404ff7a9f6852fefac9e4422a65de	0	0	0	0	0	0	0	0	0	0	0	0	0	0	0	0	0	2	0	0	0	0	0	0	0	0	8	8	0	0	0	0	0	0	0	0	3	12	0	0	0	0	0	0	0
15ffa6756bf82b81f3cc3852cd065a29	0	0	0	0	0	0	0	0	0	0	0	0	0	0	0	0	0	0	0	0	0	0	0	0	0	0	0	33	0	0	0	0	0	0	0	0	0	0	0	0	0	0	0	0	0
6394ebaebba6df7c7738a2096cd0239c	0	0	0	0	0	0	0	0	0	0	0	0	0	0	0	0	0	0	0	0	0	0	0	0	0	0	0	14	0	3	0	0	0	0	0	0	0	16	0	0	0	0	0	0	0
cdb012ad4246f5dccf161064747a9d0c	0	0	0	0	0	0	0	0	0	0	0	0	0	0	0	0	0	0	0	0	0	0	0	0	0	0	0	10	0	6	0	0	0	0	0	0	0	17	0	0	0	0	0	0	0
33b05a9fbb1da0b9f7a4fd4ac08d314b	0	0	0	0	0	0	0	0	0	0	0	0	0	0	0	0	0	0	0	0	0	0	0	0	0	0	0	9	0	0	0	0	0	0	0	0	6	18	0	0	0	0	0	0	0
eab33a6e809e9ea9633a6ae812e1e404	0	0	0	0	0	0	0	0	0	0	0	0	0	0	0	0	0	0	0	0	0	0	0	0	0	0	0	0	0	0	0	0	0	0	0	0	0	33	0	0	0	0	0	0	0
ccad015789dbbbd2e9d5c812c306a828	0	0	0	0	0	0	32	0	0	0	0	0	0	0	0	0	0	0	0	0	0	0	0	0	0	0	0	0	0	0	0	0	0	0	0	0	0	0	0	0	0	0	0	0	0
5359377d9d73b6273106502724c950a0	0	0	0	0	0	0	0	0	0	0	0	0	0	0	0	0	32	0	0	0	0	0	0	0	0	0	0	0	0	0	0	0	0	0	0	0	0	0	0	0	0	0	0	0	0
ec578699ca0320423654ef7252968f3d	0	0	0	0	0	0	0	0	0	0	0	0	0	0	0	0	17	8	7	0	0	0	0	0	0	0	0	0	0	0	0	0	0	0	0	0	0	0	0	0	0	0	0	0	0
493696082ed46097f253ac18c495773e	0	0	0	0	0	0	0	0	0	0	0	0	0	0	0	0	13	0	0	0	0	0	0	0	0	0	0	0	6	0	0	0	0	0	0	0	0	13	0	0	0	0	0	0	0
638b36a2e2229e4df90b87bf2088059f	0	0	0	0	0	0	0	0	0	0	0	0	0	0	0	0	10	0	0	0	0	0	0	0	0	0	0	8	0	0	0	0	0	0	0	0	2	6	0	0	0	3	3	0	0
70894fc21554792469b6875779afd012	0	0	0	0	0	0	0	0	0	0	0	0	0	0	0	0	6	0	0	0	0	0	0	0	0	0	0	0	0	0	0	0	0	0	0	0	0	0	0	0	0	0	6	9	11
bfc79a915c6c70c44d837d6c9cb7e13c	0	0	0	0	0	0	0	0	0	0	0	0	0	0	0	0	6	0	0	0	0	0	0	0	0	0	0	15	8	3	0	0	0	0	0	0	0	0	0	0	0	0	0	0	0
d4b916e138ff8b93498bb0257b5e3fee	0	0	0	0	0	0	0	0	0	0	0	0	0	0	0	0	0	0	0	0	0	32	0	0	0	0	0	0	0	0	0	0	0	0	0	0	0	0	0	0	0	0	0	0	0
c0d5d21559c0fd8be31316f285d0ecfd	0	0	0	0	0	0	0	0	0	0	0	0	0	0	0	0	0	0	0	0	0	0	32	0	0	0	0	0	0	0	0	0	0	0	0	0	0	0	0	0	0	0	0	0	0
08021c8865231797cfaf7706ff308a30	0	0	0	0	0	0	0	0	0	0	0	0	0	0	0	0	0	0	0	0	0	0	0	0	0	0	0	0	0	0	0	0	0	0	0	0	3	29	0	0	0	0	0	0	0
136c03e424212fcd420598f35f877697	0	0	0	0	0	0	0	0	0	0	7	14	10	0	0	0	0	0	0	0	0	0	0	0	0	0	0	0	0	0	0	0	0	0	0	0	0	0	0	0	0	0	0	0	0
434f7780bfab1e07762e12410ee1d153	0	0	0	0	0	0	0	0	0	0	0	0	0	0	0	0	11	0	0	0	0	0	0	0	0	0	0	5	0	0	0	0	0	0	0	0	0	0	0	0	5	0	4	2	4
2904374267b0f4d8ef2b6a4eee6c3dbb	0	0	0	0	0	0	0	0	0	0	0	0	0	0	0	0	11	0	4	0	0	0	0	0	0	0	3	4	3	0	0	0	0	0	0	0	0	0	0	0	0	3	0	0	3
3b750176a4ffc849595e82af2fb08aa4	0	0	0	0	0	0	0	0	0	0	0	0	0	0	0	0	10	0	0	0	0	0	0	0	0	0	0	3	0	4	0	0	0	0	0	0	0	11	0	0	3	0	0	0	0
f066ccde345c4aa668535f9a3032c5cd	0	0	0	0	0	0	0	0	0	0	0	0	0	0	0	0	9	0	0	3	0	0	0	0	0	0	0	5	0	0	0	0	0	0	0	0	0	14	0	0	0	0	0	0	0
cb3d7756519916863d2063c480b6866c	0	0	0	0	0	0	0	0	0	0	0	0	0	0	0	0	0	0	0	2	0	0	0	0	0	0	0	10	0	3	0	0	0	0	0	0	0	12	0	0	2	0	0	0	2
ba3daeb95a4acad676cdd2393449020e	0	0	0	0	0	0	0	0	0	0	0	0	0	0	0	0	0	0	0	0	0	0	0	0	0	0	7	18	0	0	0	0	0	0	0	0	0	0	0	0	0	0	0	0	6
f8c0ceb2c9914e9efc1ca70dcfc55020	0	0	0	0	0	0	0	0	0	0	0	0	0	0	0	0	0	0	0	0	0	0	0	0	0	0	0	14	0	0	0	0	0	0	0	0	0	17	0	0	0	0	0	0	0
8a62399b44e79fedd9b9080bd8c3b457	0	0	0	0	0	0	0	0	0	0	0	0	0	0	0	0	0	0	0	0	0	0	0	0	0	0	0	9	3	3	0	0	0	0	0	0	10	4	0	2	0	0	0	0	0
d2dc95bafbd48de24bbeadd3a7f4ccdb	0	0	0	0	0	0	0	0	0	0	0	0	0	0	0	0	0	0	0	0	0	0	0	0	0	0	0	5	2	4	0	0	0	0	0	0	0	11	0	0	2	3	4	0	0
af1fd9b5ef81c45680bb1b166caa08a4	0	0	0	0	0	0	0	0	0	0	0	0	0	0	0	0	0	0	0	0	0	0	0	0	0	0	0	0	0	0	0	0	0	13	0	0	6	12	0	0	0	0	0	0	0
ebd440cdc0f64fe74d5ca999bac0e5a9	0	0	0	0	0	0	0	0	0	0	0	0	0	0	0	0	0	0	0	0	0	0	0	0	0	0	0	0	0	0	0	0	0	0	0	0	0	0	0	0	3	7	7	7	7
21ead6e82a641f364b55c1aa4d5feb1e	30	0	0	0	0	0	0	0	0	0	0	0	0	0	0	0	0	0	0	0	0	0	0	0	0	0	0	0	0	0	0	0	0	0	0	0	0	0	0	0	0	0	0	0	0
c6b516ae2ba507f85cf0eede12bfa499	0	0	0	0	0	0	0	0	0	0	30	0	0	0	0	0	0	0	0	0	0	0	0	0	0	0	0	0	0	0	0	0	0	0	0	0	0	0	0	0	0	0	0	0	0
13785f0aa34992209c67c3caeebbd429	0	0	0	0	0	0	0	0	0	0	0	0	30	0	0	0	0	0	0	0	0	0	0	0	0	0	0	0	0	0	0	0	0	0	0	0	0	0	0	0	0	0	0	0	0
0b1068948c42bbf853f2d761b969381e	0	0	0	0	0	0	0	0	0	0	0	0	0	0	30	0	0	0	0	0	0	0	0	0	0	0	0	0	0	0	0	0	0	0	0	0	0	0	0	0	0	0	0	0	0
050be885a7babf27d1fe74ef58db3775	0	0	0	0	0	0	0	0	0	0	0	0	0	0	0	0	30	0	0	0	0	0	0	0	0	0	0	0	0	0	0	0	0	0	0	0	0	0	0	0	0	0	0	0	0
6a3bc50145548d9a0c0eafa7b575f82e	0	0	0	0	0	0	0	0	0	0	0	0	0	0	0	0	30	0	0	0	0	0	0	0	0	0	0	0	0	0	0	0	0	0	0	0	0	0	0	0	0	0	0	0	0
3e60b573f0b23389305670b19ec3081c	0	0	0	0	0	0	0	0	0	0	0	0	0	0	0	0	18	0	0	0	0	0	0	0	0	0	0	0	0	0	0	0	0	0	0	0	4	8	0	0	0	0	0	0	0
8bb61feec0d45afe51d1ccfc25a0beb4	0	0	0	0	0	0	0	0	0	0	0	0	0	0	0	0	13	4	13	0	0	0	0	0	0	0	0	0	0	0	0	0	0	0	0	0	0	0	0	0	0	0	0	0	0
2782c1016ae6a4a108f0a5367797b076	0	0	0	0	0	0	0	0	0	0	0	0	0	0	0	0	13	5	12	0	0	0	0	0	0	0	0	0	0	0	0	0	0	0	0	0	0	0	0	0	0	0	0	0	0
67caaa21e45da93d67a35ad46740ab5c	0	0	0	0	0	0	0	0	0	0	0	0	0	0	0	0	5	6	0	0	0	0	0	0	0	0	0	3	0	2	0	0	0	0	0	0	0	7	0	0	0	0	2	3	2
0795bf86694d865ae6766bb8a6fc6fb4	0	0	0	0	0	0	0	0	0	0	0	0	0	0	0	0	4	0	0	0	0	0	0	0	0	0	0	5	0	0	0	0	0	0	0	0	0	0	0	0	5	7	0	6	3
063fb4db7da9eed31f84b7d4b7f9abe5	0	0	0	0	0	0	0	0	0	0	0	0	0	0	0	0	0	0	14	0	0	0	0	0	0	0	0	0	0	0	0	0	0	0	0	0	0	0	0	0	0	13	3	0	0
442b4df0730db3aa40aa3f55e7702ecd	0	0	0	0	0	0	0	0	0	0	0	0	0	0	0	0	0	0	0	0	0	0	0	30	0	0	0	0	0	0	0	0	0	0	0	0	0	0	0	0	0	0	0	0	0
dcba46b787795490df1667d483068d6c	0	0	0	0	0	0	0	0	0	0	0	0	0	0	0	0	0	0	0	0	0	0	0	0	30	0	0	0	0	0	0	0	0	0	0	0	0	0	0	0	0	0	0	0	0
3edaaea5d10728c5e4e5aa918f6db202	0	0	0	0	0	0	0	0	0	0	0	0	0	0	0	0	0	0	0	0	0	0	0	0	0	0	0	30	0	0	0	0	0	0	0	0	0	0	0	0	0	0	0	0	0
e3fc0c76d91e70e1d2cece25ea663284	0	0	0	0	0	0	0	0	0	0	0	0	0	0	0	0	0	0	0	0	0	0	0	0	0	0	0	18	0	0	0	0	0	0	0	0	0	12	0	0	0	0	0	0	0
ec1ae1978bb2e9e0cded2cdb8237486f	0	0	0	0	0	0	0	0	0	0	0	0	0	0	0	0	0	0	0	0	0	0	0	0	0	0	0	17	0	0	0	0	0	0	0	0	0	13	0	0	0	0	0	0	0
eb4ef6dd57936ce2198b81260782588d	0	0	0	0	0	0	0	0	0	0	0	0	0	0	0	0	0	0	0	0	0	0	0	0	0	0	0	0	0	0	30	0	0	0	0	0	0	0	0	0	0	0	0	0	0
b290ce46d6ce7aa20ea5e6f57aa90989	0	0	0	0	0	0	0	0	0	0	0	0	0	0	0	0	0	0	0	0	0	0	0	0	0	0	0	0	0	0	0	0	0	0	0	0	30	0	0	0	0	0	0	0	0
01de8a28c3773b8ea25d5a4e0abe9a0a	0	0	0	0	0	0	0	0	0	0	0	0	0	0	0	0	0	0	0	0	0	0	0	0	0	0	0	0	0	0	0	0	0	0	0	0	0	0	0	30	0	0	0	0	0
8b175c516837ceb9fdb651108ad87ac1	0	0	0	0	0	0	0	0	0	0	0	29	0	0	0	0	0	0	0	0	0	0	0	0	0	0	0	0	0	0	0	0	0	0	0	0	0	0	0	0	0	0	0	0	0
9a6345999793d156c274952df8a9a537	0	0	0	0	0	0	0	0	0	0	0	0	0	0	0	0	29	0	0	0	0	0	0	0	0	0	0	0	0	0	0	0	0	0	0	0	0	0	0	0	0	0	0	0	0
ae1457240ecaf44d8ac939a727ac233a	0	0	0	0	0	0	0	0	0	0	0	0	0	0	0	0	20	0	9	0	0	0	0	0	0	0	0	0	0	0	0	0	0	0	0	0	0	0	0	0	0	0	0	0	0
34d95d49184ed59b425ccc9f9f61fd92	0	0	0	0	0	0	0	0	0	0	0	0	0	0	0	0	19	0	0	0	0	0	0	0	0	0	0	0	0	0	0	0	0	0	0	0	0	0	0	0	0	2	2	3	3
157947d44d5bb8aeb9897ae07a74bca0	0	0	0	0	0	0	0	0	0	0	0	0	0	0	0	0	19	0	0	0	0	0	0	0	0	0	0	10	0	0	0	0	0	0	0	0	0	0	0	0	0	0	0	0	0
f8380570da15e249045e8073ff199a43	0	0	0	0	0	0	0	0	0	0	0	0	0	0	0	0	17	6	0	0	0	0	0	0	0	0	0	6	0	0	0	0	0	0	0	0	0	0	0	0	0	0	0	0	0
8f69afc9319bb1336b709cf84dc544df	0	0	0	0	0	0	0	0	0	0	0	0	0	0	0	0	12	0	3	0	0	0	0	0	0	0	0	0	4	0	0	0	0	0	0	0	0	8	0	0	2	0	0	0	0
133d497c63d78c2d5a880190e15300ba	0	0	0	0	0	0	0	0	0	0	0	0	0	0	0	0	7	0	0	0	0	0	0	0	0	0	0	3	3	0	0	0	0	0	0	0	0	11	0	0	3	0	0	0	2
e4d08e8bab2be05775d89dd9ef9c2c57	0	0	0	0	0	0	0	0	0	0	0	0	0	0	0	0	0	14	0	0	0	0	0	0	0	0	0	15	0	0	0	0	0	0	0	0	0	0	0	0	0	0	0	0	0
1f8f04b7c3f50f250aff0200488bb4ab	0	0	0	0	0	0	0	0	0	0	0	0	0	0	0	0	0	0	0	0	0	20	9	0	0	0	0	0	0	0	0	0	0	0	0	0	0	0	0	0	0	0	0	0	0
f027f258995e74ef7a065f6d3560322a	0	0	0	0	0	0	0	0	0	0	0	0	0	0	0	0	0	0	0	0	0	16	13	0	0	0	0	0	0	0	0	0	0	0	0	0	0	0	0	0	0	0	0	0	0
13f893dcc43c275a46c191e51232734b	0	0	0	0	0	0	0	0	0	0	0	0	0	0	0	0	0	0	0	0	0	0	29	0	0	0	0	0	0	0	0	0	0	0	0	0	0	0	0	0	0	0	0	0	0
698111c0d6d2db7f40d71ee38022012a	0	0	0	0	0	0	0	0	0	0	0	0	0	0	0	0	0	0	0	0	0	0	0	29	0	0	0	0	0	0	0	0	0	0	0	0	0	0	0	0	0	0	0	0	0
ca2db2ffead39d87feea4a4772c7262d	0	0	0	0	0	0	0	0	0	0	0	0	0	0	0	0	0	0	0	0	0	0	0	0	0	29	0	0	0	0	0	0	0	0	0	0	0	0	0	0	0	0	0	0	0
8bc82828228d1be6555ea17d82b834d2	0	0	0	0	0	0	0	0	0	0	0	0	0	0	0	0	0	0	0	0	0	0	0	0	0	0	0	29	0	0	0	0	0	0	0	0	0	0	0	0	0	0	0	0	0
892a9b2db72a0c7937b831562c18c5cc	0	0	0	0	0	0	0	0	0	0	0	0	0	0	0	0	0	0	0	0	0	0	0	0	0	0	0	0	0	0	0	0	0	0	0	0	0	29	0	0	0	0	0	0	0
2a39fcd82fe7b9f705c37355225bc04b	0	0	0	0	0	0	0	0	0	0	0	0	0	0	0	0	0	0	0	0	0	0	0	0	0	0	0	0	0	0	0	0	0	0	0	0	0	0	0	29	0	0	0	0	0
b03debcf3266b5e1b629a28108b794a0	0	0	0	0	0	0	0	0	0	0	0	0	0	0	0	0	0	0	0	0	0	0	0	0	0	0	0	0	0	0	0	0	0	0	0	0	0	0	0	29	0	0	0	0	0
829f18f362de509dbd36ff39db1ff40d	0	0	0	0	0	0	0	0	0	0	0	0	0	0	0	0	0	0	0	0	0	0	0	0	0	0	0	0	0	0	0	0	0	0	0	0	0	0	0	29	0	0	0	0	0
8547d1fe13c88d52ea587a338f19e768	0	0	0	0	0	0	0	0	0	0	0	0	0	0	0	0	19	3	6	0	0	0	0	0	0	0	0	0	0	0	0	0	0	0	0	0	0	0	0	0	0	0	0	0	0
42997c1743f8b32daab0b9720a8e12f9	0	0	0	0	0	0	0	0	0	0	0	0	0	0	0	0	19	0	9	0	0	0	0	0	0	0	0	0	0	0	0	0	0	0	0	0	0	0	0	0	0	0	0	0	0
f3da686b91e5382ae282fe79f9bb24b6	0	0	0	0	0	0	0	0	0	0	0	0	0	0	0	0	19	9	0	0	0	0	0	0	0	0	0	0	0	0	0	0	0	0	0	0	0	0	0	0	0	0	0	0	0
e3e7b7572a7d9a406610b01ba5a7f2f6	0	0	0	0	0	0	0	0	0	0	0	0	0	0	0	0	18	0	0	0	0	0	0	0	0	0	0	3	0	3	0	0	0	0	0	0	0	4	0	0	0	0	0	0	0
58f659e93845668eb9c086f23ef56987	0	0	0	0	0	0	0	0	0	0	0	0	0	0	0	0	18	0	0	0	0	0	0	0	0	0	4	0	0	6	0	0	0	0	0	0	0	0	0	0	0	0	0	0	0
e754b556d56154a4779fcd2910811a3f	0	0	0	0	0	0	0	0	0	0	0	0	0	0	0	0	7	4	6	0	0	0	0	6	0	0	0	0	0	2	0	0	0	0	0	0	0	3	0	0	0	0	0	0	0
264c72624e75467fa7b0ae5666eb4515	0	0	0	0	0	0	0	0	0	0	0	0	0	0	0	0	6	0	0	0	0	0	0	0	0	0	0	0	0	0	0	0	0	0	0	0	0	15	0	0	0	7	0	0	0
cfb7af427622d2f1e2013e5899e8bf39	0	0	0	0	0	0	0	0	0	0	0	0	0	0	0	0	5	0	0	0	0	0	0	0	0	0	11	9	3	0	0	0	0	0	0	0	0	0	0	0	0	0	0	0	0
40a45f3e674aa9c46ede3d21ffcc64e0	0	0	0	0	0	0	0	0	0	0	0	0	0	0	0	0	0	4	0	0	0	0	0	0	0	0	0	6	0	0	0	0	0	0	0	0	0	18	0	0	0	0	0	0	0
39d89defb25408a81f710c9816973348	0	0	0	0	0	0	0	0	0	0	0	0	0	0	0	0	0	0	0	0	0	0	0	0	0	0	5	13	0	7	0	0	0	0	0	0	0	3	0	0	0	0	0	0	0
cc0fe84def21a914d2945e01b0d49dc8	0	0	0	0	0	0	0	0	0	0	0	0	0	0	0	0	0	0	0	0	0	0	0	0	0	0	4	15	9	0	0	0	0	0	0	0	0	0	0	0	0	0	0	0	0
5720146d2cf372f6d38e60bd323586b5	0	0	0	0	0	0	0	0	0	0	0	0	0	0	0	0	0	0	0	0	0	0	0	0	0	0	0	28	0	0	0	0	0	0	0	0	0	0	0	0	0	0	0	0	0
6ad3056d4638ff868e1e3645e6fb38cd	0	0	0	0	0	0	0	0	0	0	0	0	0	0	0	0	0	0	0	0	0	0	0	0	0	0	0	8	0	0	0	0	0	0	0	0	0	18	0	0	0	2	0	0	0
6e84bed7004c8cddef5903652ca3e984	0	0	0	0	0	0	0	0	0	0	0	0	0	0	0	0	0	0	0	0	0	0	0	0	0	0	0	0	0	0	0	0	0	0	0	0	0	15	0	0	6	0	0	0	7
e22f84f89f73ba50616c4befcb8e7703	0	0	0	0	0	0	0	0	0	0	0	0	0	0	0	0	0	0	0	0	0	0	0	0	0	0	0	0	0	0	0	0	0	0	0	0	0	0	0	28	0	0	0	0	0
7e0a75cbe239b75b1d4d6f510613910c	0	0	0	0	0	0	0	0	0	0	0	0	0	0	0	0	0	0	0	0	0	0	0	0	0	0	0	0	0	0	0	0	0	0	0	0	0	0	0	0	13	11	0	0	4
daa52492a12d571951d341faa41d0081	0	0	0	0	0	0	0	0	0	0	0	0	0	0	0	0	0	0	0	0	0	0	0	0	0	0	0	0	0	0	0	0	0	0	0	0	0	0	0	0	0	10	5	9	4
01151c622f485b674b0b37f4a1537f52	0	0	0	0	27	0	0	0	0	0	0	0	0	0	0	0	0	0	0	0	0	0	0	0	0	0	0	0	0	0	0	0	0	0	0	0	0	0	0	0	0	0	0	0	0
ccb7ce21198045bec7b9a7171a55fa75	0	0	0	0	0	0	0	27	0	0	0	0	0	0	0	0	0	0	0	0	0	0	0	0	0	0	0	0	0	0	0	0	0	0	0	0	0	0	0	0	0	0	0	0	0
08dda4f74e3232e3418aa220d8443a02	0	0	0	0	0	0	0	0	0	0	27	0	0	0	0	0	0	0	0	0	0	0	0	0	0	0	0	0	0	0	0	0	0	0	0	0	0	0	0	0	0	0	0	0	0
97ee307d331603947c8e08df54563f01	0	0	0	0	0	0	0	0	0	0	0	0	0	0	0	0	19	8	0	0	0	0	0	0	0	0	0	0	0	0	0	0	0	0	0	0	0	0	0	0	0	0	0	0	0
768d9147be9b84e200edfc7770776947	0	0	0	0	0	0	0	0	0	0	0	0	0	0	0	0	14	4	9	0	0	0	0	0	0	0	0	0	0	0	0	0	0	0	0	0	0	0	0	0	0	0	0	0	0
3d4beeb29774c69b931440c34c8c359f	0	0	0	0	0	0	0	0	0	0	0	0	0	0	0	0	12	0	0	0	0	0	0	0	0	0	0	0	0	0	0	0	0	0	0	0	0	10	0	0	0	5	0	0	0
34cb97e3d6f25f461be106b86467a118	0	0	0	0	0	0	0	0	0	0	0	0	0	0	0	0	11	10	6	0	0	0	0	0	0	0	0	0	0	0	0	0	0	0	0	0	0	0	0	0	0	0	0	0	0
61e9e4c4931d226174c35975c8d23aef	0	0	0	0	0	0	0	0	0	0	0	0	0	0	0	0	8	0	0	0	0	0	0	0	0	0	0	2	0	0	0	0	0	0	0	0	3	14	0	0	0	0	0	0	0
a118678aea477cf67260cd3402dbe7da	0	0	0	0	0	0	0	0	0	0	0	0	0	0	0	0	0	0	0	0	0	0	27	0	0	0	0	0	0	0	0	0	0	0	0	0	0	0	0	0	0	0	0	0	0
79c8cea39d07fd8dac81d808414b3ca5	0	0	0	0	0	0	0	0	0	0	0	0	0	0	0	0	0	0	0	0	0	0	27	0	0	0	0	0	0	0	0	0	0	0	0	0	0	0	0	0	0	0	0	0	0
88ca5ab791320e9c7110134ec7d4b8fb	0	0	0	0	0	0	0	0	0	0	0	0	0	0	0	0	0	0	0	0	0	0	0	0	0	0	0	22	0	0	0	0	0	0	0	0	0	0	0	0	0	0	0	0	5
4300802a8a32b4b8359f638faf896dbd	0	0	0	0	0	0	0	0	0	0	0	0	0	0	0	0	0	0	0	0	0	0	0	0	0	0	0	15	0	0	0	0	0	0	0	0	0	12	0	0	0	0	0	0	0
3329a0bed2bcc29440e87d46b42eccb1	0	0	0	0	0	0	0	0	0	0	0	0	0	0	0	0	0	0	0	0	0	0	0	0	0	0	0	12	5	0	0	0	0	0	0	0	0	4	0	0	2	4	0	0	0
0b1751984c1a829bf75a718056790b9a	0	0	0	0	0	0	0	0	0	0	0	0	0	0	0	0	0	0	0	0	0	0	0	0	0	0	0	5	0	7	0	0	0	0	0	0	0	15	0	0	0	0	0	0	0
299ac02ce88ff436104850a0228c4114	0	0	0	0	0	0	0	0	0	0	0	0	0	0	0	0	0	0	0	0	0	0	0	0	0	0	0	0	0	0	0	0	0	0	0	0	0	0	0	27	0	0	0	0	0
4a636a9d409a3217eae5833c65939bab	0	26	0	0	0	0	0	0	0	0	0	0	0	0	0	0	0	0	0	0	0	0	0	0	0	0	0	0	0	0	0	0	0	0	0	0	0	0	0	0	0	0	0	0	0
b7f87b44c3d3037517396b6cdff564c9	0	0	0	0	0	0	0	26	0	0	0	0	0	0	0	0	0	0	0	0	0	0	0	0	0	0	0	0	0	0	0	0	0	0	0	0	0	0	0	0	0	0	0	0	0
4af7d2a7c34dbc0d0021f7d635a46abe	0	0	0	0	0	0	0	0	12	0	0	0	0	0	0	0	14	0	0	0	0	0	0	0	0	0	0	0	0	0	0	0	0	0	0	0	0	0	0	0	0	0	0	0	0
07568452ff334fb21042be49f5549cd9	0	0	0	0	0	0	0	0	0	26	0	0	0	0	0	0	0	0	0	0	0	0	0	0	0	0	0	0	0	0	0	0	0	0	0	0	0	0	0	0	0	0	0	0	0
bbecc042c5e5e76b8799e3e0722535b2	0	0	0	0	0	0	0	0	0	0	0	26	0	0	0	0	0	0	0	0	0	0	0	0	0	0	0	0	0	0	0	0	0	0	0	0	0	0	0	0	0	0	0	0	0
b1d285740bbac986d32c3fbef4def3b0	0	0	0	0	0	0	0	0	0	0	0	0	0	0	0	0	22	0	0	0	0	0	0	0	0	0	0	0	0	0	0	0	0	0	0	0	0	0	0	0	0	0	0	0	4
82e7ae4766333f47c1b879e3498e39c4	0	0	0	0	0	0	0	0	0	0	0	0	0	0	0	0	8	0	0	0	0	0	0	0	0	0	3	2	0	0	0	0	0	0	0	0	4	6	0	0	0	0	3	0	0
daa0f78545f804986e431873f2eca52c	0	0	0	0	0	0	0	0	0	0	0	0	0	0	0	0	8	0	0	0	0	0	0	0	0	0	4	6	0	0	0	0	0	0	0	0	0	0	0	0	2	3	3	0	0
3b961b3a5b9cecb4ab5739334e596ffe	0	0	0	0	0	0	0	0	0	0	0	0	0	0	0	0	7	4	4	0	0	0	0	0	0	0	0	7	0	0	0	0	0	0	0	0	0	0	0	0	4	0	0	0	0
f21b10379cec0dce53f6bfdb52ebe9e7	0	0	0	0	0	0	0	0	0	0	0	0	0	0	0	0	6	0	0	0	0	0	0	0	0	0	0	8	0	4	0	0	0	0	0	0	0	5	0	0	3	0	0	0	0
18c806fa019f153268443d1b0a48f1bb	0	0	0	0	0	0	0	0	0	0	0	0	0	0	0	0	6	0	0	0	0	0	0	0	0	0	2	7	4	0	0	0	0	0	0	0	0	4	0	0	0	3	0	0	0
ea3f41a9fffb583756262e82f5c11c07	0	0	0	0	0	0	0	0	0	0	0	0	0	0	0	0	4	0	0	0	0	0	0	0	0	0	0	3	0	0	0	0	0	0	0	0	5	11	0	0	1	0	2	0	0
bc3a8bd63e259c5dafdf8142f74d740d	0	0	0	0	0	0	0	0	0	0	0	0	0	0	0	0	0	0	0	0	0	21	5	0	0	0	0	0	0	0	0	0	0	0	0	0	0	0	0	0	0	0	0	0	0
8890f12366bffc0255118378f1903bbd	0	0	0	0	0	0	0	0	0	0	0	0	0	0	0	0	0	0	0	0	0	0	26	0	0	0	0	0	0	0	0	0	0	0	0	0	0	0	0	0	0	0	0	0	0
2581ef7fe54d5520106f128a1bad444c	0	0	0	0	0	0	0	0	0	0	0	0	0	0	0	0	0	0	0	0	0	0	26	0	0	0	0	0	0	0	0	0	0	0	0	0	0	0	0	0	0	0	0	0	0
37caaf0d5d732976463bd0fb11407e22	0	0	0	0	0	0	0	0	0	0	0	0	0	0	0	0	0	0	0	0	0	0	0	26	0	0	0	0	0	0	0	0	0	0	0	0	0	0	0	0	0	0	0	0	0
086cb2b5071db16aa16cfb9f41f3b231	0	0	0	0	0	0	0	0	0	0	0	0	0	0	0	0	0	0	0	0	0	0	0	0	0	0	6	9	4	0	0	0	0	0	0	0	0	7	0	0	0	0	0	0	0
c6d0d8556156aff57b1fd40a7358c461	0	0	0	0	0	0	0	0	0	0	0	0	0	0	0	0	0	0	0	0	0	0	0	0	0	0	4	5	3	4	0	0	0	0	0	0	3	7	0	0	0	0	0	0	0
2da9be3d9a92de416ab2e261892ede6f	0	0	0	0	0	0	0	0	0	0	0	0	0	0	0	0	0	0	0	0	0	0	0	0	0	0	0	26	0	0	0	0	0	0	0	0	0	0	0	0	0	0	0	0	0
aec4fb0c4c0417661d221c7a74f19c5c	0	0	0	0	0	0	0	0	0	0	0	0	0	0	0	0	0	0	0	0	0	0	0	0	0	0	0	21	3	0	0	0	0	0	0	0	0	2	0	0	0	0	0	0	0
57ad270dad1c93362238eba638064438	0	0	0	0	0	0	0	0	0	0	0	0	0	0	0	0	0	0	0	0	0	0	0	0	0	0	0	0	0	0	0	0	0	0	0	0	0	26	0	0	0	0	0	0	0
36446494e32635d0dc8f9127a2b6422a	0	0	0	25	0	0	0	0	0	0	0	0	0	0	0	0	0	0	0	0	0	0	0	0	0	0	0	0	0	0	0	0	0	0	0	0	0	0	0	0	0	0	0	0	0
8020905029254664d504231c76482a27	0	0	0	0	0	0	0	0	0	0	0	25	0	0	0	0	0	0	0	0	0	0	0	0	0	0	0	0	0	0	0	0	0	0	0	0	0	0	0	0	0	0	0	0	0
3e7ee9031d3ab9250d321b326e798e4a	0	0	0	0	0	0	0	0	0	0	0	0	0	0	0	0	15	7	0	0	0	0	0	0	0	0	0	0	0	3	0	0	0	0	0	0	0	0	0	0	0	0	0	0	0
be2340c95506c6119ef67e1db2187614	0	0	0	0	0	0	0	0	0	0	0	0	0	0	0	0	15	0	4	6	0	0	0	0	0	0	0	0	0	0	0	0	0	0	0	0	0	0	0	0	0	0	0	0	0
2f7dd1d96946ef4c34786898f63f9656	0	0	0	0	0	0	0	0	0	0	0	0	0	0	0	0	13	7	0	0	0	0	0	0	0	0	0	0	0	0	0	0	0	0	0	0	0	0	0	0	0	3	0	2	0
fa03dc621e161da1c7f7fbea7ec2f2d2	0	0	0	0	0	0	0	0	0	0	0	0	0	0	0	0	13	0	0	0	0	0	0	0	0	0	0	0	0	0	0	0	0	0	0	0	0	12	0	0	0	0	0	0	0
f2b065921ba5b9179c55ab84c157c90a	0	0	0	0	0	0	0	0	0	0	0	0	0	0	0	0	0	8	0	0	0	0	0	0	0	0	0	17	0	0	0	0	0	0	0	0	0	0	0	0	0	0	0	0	0
ff3f5521f083be0cf15a9e29700a4dcc	0	0	0	0	0	0	0	0	0	0	0	0	0	0	0	0	0	6	0	0	0	2	0	17	0	0	0	0	0	0	0	0	0	0	0	0	0	0	0	0	0	0	0	0	0
d35e5b9c905a9f0060ab58be154a4415	0	0	0	0	0	0	0	0	0	0	0	0	0	0	0	0	0	0	0	0	0	17	8	0	0	0	0	0	0	0	0	0	0	0	0	0	0	0	0	0	0	0	0	0	0
ee54f59a78402353b5c3f3b97d2192cc	0	0	0	0	0	0	0	0	0	0	0	0	0	0	0	0	0	0	0	0	0	15	10	0	0	0	0	0	0	0	0	0	0	0	0	0	0	0	0	0	0	0	0	0	0
95e11902f25352ee97253e38d01d7edb	0	0	0	0	0	0	0	0	0	0	0	0	0	0	0	0	0	0	0	0	0	0	0	0	0	0	5	13	5	0	0	0	0	0	0	0	0	2	0	0	0	0	0	0	0
6ca38f89915a38b7fdd8e628b07a59e2	0	0	0	0	0	0	0	0	0	0	0	0	0	0	0	0	0	0	0	0	0	0	0	0	0	0	0	7	0	0	0	0	0	0	0	0	5	13	0	0	0	0	0	0	0
291678242b7c7699314d28f7cde9c07f	0	0	0	0	0	0	0	0	0	0	0	0	0	0	0	0	0	0	0	0	0	0	0	0	0	0	0	5	4	3	0	0	0	0	0	0	0	0	0	0	0	8	0	0	5
7386cce86a3d26833fddc3c9bf1a4fa5	0	0	0	0	0	0	0	0	0	0	0	0	0	0	0	0	0	0	0	0	0	0	0	0	0	0	0	5	0	0	0	0	0	0	0	0	0	3	0	0	5	3	0	5	4
200a30f332c7d27900726a96996efcfa	0	0	0	0	0	0	0	0	0	0	0	0	0	0	0	0	0	0	0	0	0	0	0	0	0	0	0	0	0	0	0	0	0	0	0	0	0	25	0	0	0	0	0	0	0
6a45c76629b93b0706cff10cbe3546b6	0	0	0	0	0	0	0	0	0	0	0	0	0	0	0	0	0	0	0	0	0	0	0	0	0	0	0	0	0	0	0	0	0	0	0	0	0	25	0	0	0	0	0	0	0
65362481d98e16d5c18d4f511c7e59b5	0	24	0	0	0	0	0	0	0	0	0	0	0	0	0	0	0	0	0	0	0	0	0	0	0	0	0	0	0	0	0	0	0	0	0	0	0	0	0	0	0	0	0	0	0
495692c3786c8e8f3f0748e761eac9a0	0	0	0	0	0	0	0	24	0	0	0	0	0	0	0	0	0	0	0	0	0	0	0	0	0	0	0	0	0	0	0	0	0	0	0	0	0	0	0	0	0	0	0	0	0
32cd2a7f18043584bcd89f48a73f6aea	0	0	0	0	0	0	0	0	0	0	0	0	0	0	0	0	24	0	0	0	0	0	0	0	0	0	0	0	0	0	0	0	0	0	0	0	0	0	0	0	0	0	0	0	0
8f5d448e0cb6c2042aa17fd33761b027	0	0	0	0	0	0	0	0	0	0	0	0	0	0	0	0	19	0	0	0	0	0	0	0	0	0	0	0	0	0	0	0	0	0	0	0	0	5	0	0	0	0	0	0	0
1190f168a147606774e64885198e4e26	0	0	0	0	0	0	0	0	0	0	0	0	0	0	0	0	18	0	0	0	0	0	0	0	0	0	0	0	0	0	0	0	0	0	0	0	0	6	0	0	0	0	0	0	0
694e07b86ed51fa89b8f24b87f21234a	0	0	0	0	0	0	0	0	0	0	0	0	0	0	0	0	0	10	14	0	0	0	0	0	0	0	0	0	0	0	0	0	0	0	0	0	0	0	0	0	0	0	0	0	0
a3d65c6876c38c8d8a671805c145cff1	0	0	0	0	0	0	0	0	0	0	0	0	0	0	0	0	0	0	0	0	0	24	0	0	0	0	0	0	0	0	0	0	0	0	0	0	0	0	0	0	0	0	0	0	0
7b0b850332aec69bc82f1a77be94fe8e	0	0	0	0	0	0	0	0	0	0	0	0	0	0	0	0	0	0	0	0	0	16	8	0	0	0	0	0	0	0	0	0	0	0	0	0	0	0	0	0	0	0	0	0	0
790b3653bb87fa457c4b338579815a7a	0	0	0	0	0	0	0	0	0	0	0	0	0	0	0	0	0	0	0	0	0	0	24	0	0	0	0	0	0	0	0	0	0	0	0	0	0	0	0	0	0	0	0	0	0
fd2889de2e031de328a6435970dd7e50	0	0	0	0	0	0	0	0	0	0	0	0	0	0	0	0	0	0	0	0	0	0	0	0	0	0	0	13	0	8	0	0	0	0	0	0	0	0	0	0	0	0	3	0	0
0e6448f01eef6239985d3973972fde8f	0	0	0	0	0	0	0	0	0	0	0	0	0	0	0	0	0	0	0	0	0	0	0	0	0	0	0	8	0	0	0	0	0	0	0	0	0	16	0	0	0	0	0	0	0
3ea54c1cc418c5adfabfa0663a98e505	0	0	0	0	0	0	0	0	0	0	0	0	0	0	0	0	0	0	0	0	0	0	0	0	0	0	0	0	0	0	0	0	0	0	0	0	0	24	0	0	0	0	0	0	0
3c7023d96607a0394d410f17bad29a77	0	0	0	0	0	0	0	0	0	0	0	0	0	0	0	0	0	0	0	0	0	0	0	0	0	0	0	0	0	0	0	0	0	0	0	0	0	0	0	0	2	6	2	9	5
05431f38cc656d1ba7234401ed2856a0	0	7	0	0	0	0	0	0	0	0	0	0	0	0	0	0	0	16	0	0	0	0	0	0	0	0	0	0	0	0	0	0	0	0	0	0	0	0	0	0	0	0	0	0	0
50b5b741e89911d2e22683ca62d9bea6	0	0	0	0	0	12	11	0	0	0	0	0	0	0	0	0	0	0	0	0	0	0	0	0	0	0	0	0	0	0	0	0	0	0	0	0	0	0	0	0	0	0	0	0	0
b49193f0820b854b6265a436309055bc	0	0	0	0	0	0	0	0	0	0	0	0	0	0	0	0	23	0	0	0	0	0	0	0	0	0	0	0	0	0	0	0	0	0	0	0	0	0	0	0	0	0	0	0	0
e0bf6e6e6e971db765df98e9d2c1fea9	0	0	0	0	0	0	0	0	0	0	0	0	0	0	0	0	23	0	0	0	0	0	0	0	0	0	0	0	0	0	0	0	0	0	0	0	0	0	0	0	0	0	0	0	0
77f7b47336cd99e3b44f10f1d5dfcf5c	0	0	0	0	0	0	0	0	0	0	0	0	0	0	0	0	16	0	0	0	0	0	0	0	0	0	0	0	3	0	0	0	0	0	0	0	0	0	0	0	0	4	0	0	0
a41f24ff92137fabe429182add46aa07	0	0	0	0	0	0	0	0	0	0	0	0	0	0	0	0	14	0	0	0	0	0	0	0	0	0	0	0	0	0	0	0	0	0	0	0	0	9	0	0	0	0	0	0	0
00131c9371083f93ee99167d066c6b78	0	0	0	0	0	0	0	0	0	0	0	0	0	0	0	0	13	0	0	0	0	0	0	0	0	0	0	5	0	0	0	0	0	0	0	0	0	5	0	0	0	0	0	0	0
a6c98984b6d19b44b4da90686b581108	0	0	0	0	0	0	0	0	0	0	0	0	0	0	0	0	11	0	12	0	0	0	0	0	0	0	0	0	0	0	0	0	0	0	0	0	0	0	0	0	0	0	0	0	0
fbd3e6f9ce75190810f6531305f18e3e	0	0	0	0	0	0	0	0	0	0	0	0	0	0	0	0	0	0	0	3	0	0	0	0	0	0	0	0	0	0	0	0	0	0	0	0	0	0	0	0	0	7	2	7	4
59508154cf2282a804fabedad2ce2633	0	0	0	0	0	0	0	0	0	0	0	0	0	0	0	0	0	0	0	0	0	0	23	0	0	0	0	0	0	0	0	0	0	0	0	0	0	0	0	0	0	0	0	0	0
43c30be294fead8c40aa62eb845f2607	0	0	0	0	0	0	0	0	0	0	0	0	0	0	0	0	0	0	0	0	0	0	23	0	0	0	0	0	0	0	0	0	0	0	0	0	0	0	0	0	0	0	0	0	0
514d2b57148aa55fa2d872a52c324d7b	0	0	0	0	0	0	0	0	0	0	0	0	0	0	0	0	0	0	0	0	0	0	0	0	0	0	0	5	0	4	0	0	0	0	0	0	4	8	0	2	0	0	0	0	0
836d61b8f33836fafd648031aa9c58f4	0	0	0	0	0	0	0	0	0	0	0	0	0	0	0	0	0	0	0	0	0	0	0	0	0	0	0	0	0	0	0	0	0	0	0	0	0	0	0	23	0	0	0	0	0
e1351b444e04caac04d3f69105938509	0	0	0	0	0	0	0	22	0	0	0	0	0	0	0	0	0	0	0	0	0	0	0	0	0	0	0	0	0	0	0	0	0	0	0	0	0	0	0	0	0	0	0	0	0
c233f708a3ff198b2f6d0a937e5d6da6	0	0	0	0	0	0	0	0	0	0	0	0	22	0	0	0	0	0	0	0	0	0	0	0	0	0	0	0	0	0	0	0	0	0	0	0	0	0	0	0	0	0	0	0	0
d6b57a537ccab2ce3bc77861691e7b1e	0	0	0	0	0	0	0	0	0	0	0	0	0	0	0	0	22	0	0	0	0	0	0	0	0	0	0	0	0	0	0	0	0	0	0	0	0	0	0	0	0	0	0	0	0
9874840d80d610ada1de04f7795e20d7	0	0	0	0	0	0	0	0	0	0	0	0	0	0	0	0	16	0	6	0	0	0	0	0	0	0	0	0	0	0	0	0	0	0	0	0	0	0	0	0	0	0	0	0	0
d89518f13d7258b98e170707c2f89e35	0	0	0	0	0	0	0	0	0	0	0	0	0	0	0	0	12	6	0	0	0	0	0	0	0	0	0	0	0	0	0	0	0	0	0	0	0	0	0	0	0	4	0	0	0
6ca45928f99164f4a31f1082ab09a4c7	0	0	0	0	0	0	0	0	0	0	0	0	0	0	0	0	7	0	0	0	0	0	0	0	0	0	0	0	0	0	0	0	0	0	0	0	0	5	0	0	3	0	4	3	0
e1a5030768c0b7523ad4d1142fa2418c	0	0	0	0	0	0	0	0	0	0	0	0	0	0	0	0	5	0	0	0	0	0	0	0	0	0	0	5	0	0	0	0	0	0	0	0	0	12	0	0	0	0	0	0	0
4a7f867d55034fd3b2b4b28e0b1dda36	0	0	0	0	0	0	0	0	0	0	0	0	0	0	0	0	4	0	0	0	0	0	0	0	0	0	0	3	0	0	0	0	0	0	0	0	0	4	0	0	3	3	5	0	0
8a3dd614fe641869f9bc0dca885251f9	0	0	0	0	0	0	0	0	0	0	0	0	0	0	0	0	2	0	0	0	0	0	0	0	0	0	2	2	0	0	0	0	0	0	0	0	0	16	0	0	0	0	0	0	0
0a8588b31f770e7fb1ae1319474eb34a	0	0	0	0	0	0	0	0	0	0	0	0	0	0	0	0	0	0	8	0	0	0	0	0	0	0	0	14	0	0	0	0	0	0	0	0	0	0	0	0	0	0	0	0	0
b12c3851dc62c1e42c4fd53a141e4d88	0	0	0	0	0	0	0	0	0	0	0	0	0	0	0	0	0	0	0	0	0	22	0	0	0	0	0	0	0	0	0	0	0	0	0	0	0	0	0	0	0	0	0	0	0
b7f70563a1e6e6c72da11d668805067c	0	0	0	0	0	0	0	0	0	0	0	0	0	0	0	0	0	0	0	0	0	14	8	0	0	0	0	0	0	0	0	0	0	0	0	0	0	0	0	0	0	0	0	0	0
05dafd32f512dad596cb5859ff0ff556	0	0	0	0	0	0	0	0	0	0	0	0	0	0	0	0	0	0	0	0	0	0	22	0	0	0	0	0	0	0	0	0	0	0	0	0	0	0	0	0	0	0	0	0	0
d8c1b1ac1c955703dc41f50edfd8e598	0	0	0	0	0	0	0	0	0	0	0	0	0	0	0	0	0	0	0	0	0	0	22	0	0	0	0	0	0	0	0	0	0	0	0	0	0	0	0	0	0	0	0	0	0
5d70a08921372ee0c65b54da397e87ac	0	0	0	0	0	0	0	0	0	0	0	0	0	0	0	0	0	0	0	0	0	0	22	0	0	0	0	0	0	0	0	0	0	0	0	0	0	0	0	0	0	0	0	0	0
18eb929cf9350e0af65cf863c2786858	0	0	0	0	0	0	0	0	0	0	0	0	0	0	0	0	0	0	0	0	0	0	0	0	22	0	0	0	0	0	0	0	0	0	0	0	0	0	0	0	0	0	0	0	0
7ad4d757bab7379c9dfb27ef28f4d74e	0	0	0	0	0	0	0	0	0	0	0	0	0	0	0	0	0	0	0	0	0	0	0	0	0	0	8	12	0	0	0	0	0	0	0	0	0	2	0	0	0	0	0	0	0
0fa063d4bd26b7be40d9df12f2e02343	0	0	0	0	0	0	0	0	0	0	0	0	0	0	0	0	0	0	0	0	0	0	0	0	0	0	3	0	0	0	0	0	0	0	0	0	0	0	0	0	0	0	8	0	11
8d780cecc235e7c277fe131a364e35e8	0	0	0	0	0	0	0	0	0	0	0	0	0	0	0	0	0	0	0	0	0	0	0	0	0	0	0	14	0	0	0	0	0	0	0	0	0	8	0	0	0	0	0	0	0
e289b5b8b30a3f97a2da06953a1a286f	0	0	0	0	0	0	0	0	0	0	0	0	0	0	0	0	0	0	0	0	0	0	0	0	0	0	0	12	0	0	0	0	0	0	0	0	0	10	0	0	0	0	0	0	0
6cb2a0d2b771bb008d66afeca220944b	0	0	0	0	0	0	0	0	0	0	0	0	0	0	0	0	0	0	0	0	0	0	0	0	0	0	0	11	0	0	0	0	0	0	0	0	0	11	0	0	0	0	0	0	0
402b382261483533372d081f39422f60	0	0	0	0	0	0	0	0	0	0	0	0	0	0	0	0	0	0	0	0	0	0	0	0	0	0	0	11	0	0	0	0	0	0	0	0	0	5	0	0	6	0	0	0	0
7cf49056a91089340f216b28a8df7e70	0	0	0	0	0	0	0	0	0	0	0	0	0	0	0	0	0	0	0	0	0	0	0	0	0	0	0	8	4	4	0	0	0	0	0	0	0	6	0	0	0	0	0	0	0
29fd977b4c9cfe7f8e8ed109c25fc0d5	0	0	0	0	0	0	0	0	0	0	0	0	0	0	0	0	0	0	0	0	0	0	0	0	0	0	0	7	6	0	0	0	0	0	0	0	0	9	0	0	0	0	0	0	0
06f6eb71cb4be71936e26294f3363a7c	0	0	0	0	0	0	0	0	0	0	0	0	0	0	0	0	0	0	0	0	0	0	0	0	0	0	0	6	0	0	0	0	0	0	0	0	0	12	0	0	0	0	0	0	4
3b31868937f1c2d69d26bc333a0612c5	0	0	0	0	0	0	0	0	0	0	0	0	0	0	0	0	0	0	0	0	0	0	0	0	0	0	0	0	22	0	0	0	0	0	0	0	0	0	0	0	0	0	0	0	0
414550c39497ef57d7d90df4299cc4f7	0	0	0	0	0	0	0	0	0	0	0	0	0	0	0	0	0	0	0	0	0	0	0	0	0	0	0	0	0	0	0	0	0	0	0	0	0	22	0	0	0	0	0	0	0
8edcf22e3c53f6fe769690e13763e8a8	0	0	0	0	0	0	0	0	0	0	0	0	0	0	0	0	0	0	0	0	0	0	0	0	0	0	0	0	0	0	0	0	0	0	0	0	0	0	0	22	0	0	0	0	0
6164f8f07847480fed86669ced0bfa3a	0	0	0	0	0	0	0	0	0	0	0	0	0	0	0	0	0	0	0	0	0	0	0	0	0	0	0	0	0	0	0	0	0	0	0	0	0	0	0	0	0	0	0	0	22
4bbb002fb05bcbea5819506ee53f9253	0	0	0	0	21	0	0	0	0	0	0	0	0	0	0	0	0	0	0	0	0	0	0	0	0	0	0	0	0	0	0	0	0	0	0	0	0	0	0	0	0	0	0	0	0
bd891fbc1e091fc99b2557c400bbfceb	0	0	0	0	0	0	0	0	0	0	0	21	0	0	0	0	0	0	0	0	0	0	0	0	0	0	0	0	0	0	0	0	0	0	0	0	0	0	0	0	0	0	0	0	0
432bdfa05d3d47d5385540cfce4f2e81	0	0	0	0	0	0	0	0	0	0	0	0	0	0	0	0	13	0	0	0	0	0	0	0	0	0	0	4	0	0	0	0	0	0	0	0	0	0	0	0	0	4	0	0	0
581ed3df80ded717a23ab399dd54b3ee	0	0	0	0	0	0	0	0	0	0	0	0	0	0	0	0	6	0	0	0	0	0	0	0	0	0	3	5	0	0	0	0	0	0	0	0	0	7	0	0	0	0	0	0	0
3a92e0ae51999a5ea86e9b47e8ec58d9	0	0	0	0	0	0	0	0	0	0	0	0	0	0	0	0	4	0	0	0	0	0	0	0	0	0	0	0	0	0	0	0	0	0	0	0	0	14	0	0	0	3	0	0	0
18416a18fd6b5257b334da4f1df4702b	0	0	0	0	0	0	0	0	0	0	0	0	0	0	0	0	0	4	5	0	0	0	0	0	0	0	3	5	4	0	0	0	0	0	0	0	0	0	0	0	0	0	0	0	0
cbf01801ff9d3f3ddbdc07969df860d0	0	0	0	0	0	0	0	0	0	0	0	0	0	0	0	0	0	0	0	21	0	0	0	0	0	0	0	0	0	0	0	0	0	0	0	0	0	0	0	0	0	0	0	0	0
9b4be0e824d1c8682e690ae56b318a40	0	0	0	0	0	0	0	0	0	0	0	0	0	0	0	0	0	0	0	0	0	21	0	0	0	0	0	0	0	0	0	0	0	0	0	0	0	0	0	0	0	0	0	0	0
bc54bdb8dff0f84b169c2cedb57ab22e	0	0	0	0	0	0	0	0	0	0	0	0	0	0	0	0	0	0	0	0	0	0	21	0	0	0	0	0	0	0	0	0	0	0	0	0	0	0	0	0	0	0	0	0	0
2239e6bfc5595b217db5e4e6227a4791	0	0	0	0	0	0	0	0	0	0	0	0	0	0	0	0	0	0	0	0	0	0	0	0	0	0	7	10	4	0	0	0	0	0	0	0	0	0	0	0	0	0	0	0	0
e7dfdeb1fdf191d81e4b7d147178d216	0	0	0	0	0	0	0	0	0	0	0	0	0	0	0	0	0	0	0	0	0	0	0	0	0	0	0	13	0	0	0	0	0	0	0	0	0	8	0	0	0	0	0	0	0
86c05dfddf1bfe8b5c261ac62c7632d5	0	0	0	0	0	0	0	0	0	0	0	0	0	0	0	0	0	0	0	0	0	0	0	0	0	0	0	9	0	0	0	0	0	0	0	0	0	4	0	0	0	0	3	5	0
82f12665c29535416bafe94c4477cb6f	0	0	0	0	0	0	0	0	0	0	0	0	0	0	0	0	0	0	0	0	0	0	0	0	0	0	0	7	0	0	0	0	0	0	0	0	0	14	0	0	0	0	0	0	0
a525147997200303ce208a5170d56f79	0	0	0	0	0	0	0	0	0	0	0	0	0	0	0	0	0	0	0	0	0	0	0	0	0	0	0	0	0	10	0	0	0	0	0	0	0	11	0	0	0	0	0	0	0
8ce363ff9b126a9aeb6e5f12dc230dbb	0	0	0	0	0	0	0	0	0	0	0	0	0	0	0	0	0	0	0	0	0	0	0	0	0	0	0	0	0	0	0	0	0	0	0	0	0	21	0	0	0	0	0	0	0
4bce911f980f9fc02c7df96b7be8e303	0	0	0	0	0	0	0	0	0	0	0	0	0	0	0	0	0	0	0	0	0	0	0	0	0	0	0	0	0	0	0	0	0	0	0	0	0	21	0	0	0	0	0	0	0
67355f4da09bdcf7f89799f370d9e439	0	0	0	0	0	0	0	0	0	0	0	0	0	0	0	0	0	0	0	0	0	0	0	0	0	0	0	0	0	0	0	0	0	0	0	0	0	0	0	0	0	7	9	0	5
ad84fc206706c059da1c22ebc075f271	0	0	0	0	20	0	0	0	0	0	0	0	0	0	0	0	0	0	0	0	0	0	0	0	0	0	0	0	0	0	0	0	0	0	0	0	0	0	0	0	0	0	0	0	0
a0a279845a66834f92554b9f6481dea7	0	0	0	0	0	0	0	0	0	0	20	0	0	0	0	0	0	0	0	0	0	0	0	0	0	0	0	0	0	0	0	0	0	0	0	0	0	0	0	0	0	0	0	0	0
8e5b2482ae66f047e85c37cf245bf3fd	0	0	0	0	0	0	0	0	0	0	0	20	0	0	0	0	0	0	0	0	0	0	0	0	0	0	0	0	0	0	0	0	0	0	0	0	0	0	0	0	0	0	0	0	0
00da9d191b50b42558eb2117213baed6	0	0	0	0	0	0	0	0	0	0	0	0	0	0	0	0	20	0	0	0	0	0	0	0	0	0	0	0	0	0	0	0	0	0	0	0	0	0	0	0	0	0	0	0	0
2f02b7f0537f2c13361c955c31f0f23b	0	0	0	0	0	0	0	0	0	0	0	0	0	0	0	0	16	0	0	0	0	0	0	0	0	0	0	4	0	0	0	0	0	0	0	0	0	0	0	0	0	0	0	0	0
2d0655d318e2e8d3c294ae8d694253a3	0	0	0	0	0	0	0	0	0	0	0	0	0	0	0	0	13	0	5	2	0	0	0	0	0	0	0	0	0	0	0	0	0	0	0	0	0	0	0	0	0	0	0	0	0
2ad927089bc6f2549ad6055024911b9d	0	0	0	0	0	0	0	0	0	0	0	0	0	0	0	0	10	4	1	0	0	0	0	0	0	0	0	2	0	0	0	0	0	0	0	0	0	3	0	0	0	0	0	0	0
520d572df8adad9f5b801e1dcc34d34d	0	0	0	0	0	0	0	0	0	0	0	0	0	0	0	0	9	0	0	0	0	0	0	0	0	0	0	0	0	0	0	0	0	0	0	0	0	11	0	0	0	0	0	0	0
f4a61995ea17655c4c15107ad506bbd4	0	0	0	0	0	0	0	0	0	0	0	0	0	0	0	0	8	3	0	0	0	0	0	0	0	0	0	7	0	2	0	0	0	0	0	0	0	0	0	0	0	0	0	0	0
c83c1f0dbefcd0676a722199b9a31f1f	0	0	0	0	0	0	0	0	0	0	0	0	0	0	0	0	6	8	6	0	0	0	0	0	0	0	0	0	0	0	0	0	0	0	0	0	0	0	0	0	0	0	0	0	0
a818d67f8186e724b2387502f97193d3	0	0	0	0	0	0	0	0	0	0	0	0	0	0	0	0	0	10	10	0	0	0	0	0	0	0	0	0	0	0	0	0	0	0	0	0	0	0	0	0	0	0	0	0	0
f566abcedd17a2fb9582367050f94031	0	0	0	0	0	0	0	0	0	0	0	0	0	0	0	0	0	0	0	0	0	0	20	0	0	0	0	0	0	0	0	0	0	0	0	0	0	0	0	0	0	0	0	0	0
713afccd75bf055b031d21c96405895e	0	0	0	0	0	0	0	0	0	0	0	0	0	0	0	0	0	0	0	0	0	0	20	0	0	0	0	0	0	0	0	0	0	0	0	0	0	0	0	0	0	0	0	0	0
2576f77d4033cb3a95cd9359400cfa48	0	0	0	0	0	0	0	0	0	0	0	0	0	0	0	0	0	0	0	0	0	0	0	0	0	0	3	8	0	0	0	0	0	0	0	0	0	5	0	0	0	4	0	0	0
8ce560f4b883212228fdb20816b531ce	0	0	0	0	0	0	0	0	0	0	0	0	0	0	0	0	0	0	0	0	0	0	0	0	0	0	0	11	5	4	0	0	0	0	0	0	0	0	0	0	0	0	0	0	0
f3891cca3338e97b856ea379123eaec3	0	0	0	0	0	0	0	0	0	0	0	0	0	0	0	0	0	0	0	0	0	0	0	0	0	0	0	0	0	4	0	0	0	0	0	0	0	16	0	0	0	0	0	0	0
1c6b3aacb6c037f787efb1b83cb34e91	0	0	0	0	0	0	0	0	0	0	0	0	0	0	0	0	0	0	0	0	0	0	0	0	0	0	0	0	0	0	0	0	0	0	0	0	0	0	0	20	0	0	0	0	0
3061d8f36175c4b4892c139346b01b6c	0	0	0	0	0	0	0	0	0	0	0	0	0	0	0	0	0	0	0	0	0	0	0	0	0	0	0	0	0	0	0	0	0	0	0	0	0	0	0	20	0	0	0	0	0
c73e9579451fdffebd876b5f8340fd9c	0	0	0	0	0	0	0	0	0	0	0	0	0	0	0	0	0	0	0	0	0	0	0	0	0	0	0	0	0	0	0	0	0	0	0	0	0	0	0	0	0	20	0	0	0
223320e136af10a9e47a65e94c19adb2	0	0	0	0	0	0	0	0	0	0	0	0	0	0	0	0	0	0	0	0	0	0	0	0	0	0	0	0	0	0	0	0	0	0	0	0	0	0	0	0	0	0	20	0	0
1c031ba5be27f44e6904c9846b7d261e	0	0	0	0	0	0	0	0	0	0	0	0	0	0	0	0	0	0	0	0	0	0	0	0	0	0	0	0	0	0	0	0	0	0	0	0	0	0	0	0	0	0	0	0	20
35dc687f5778ee6151ce49257923f426	0	19	0	0	0	0	0	0	0	0	0	0	0	0	0	0	0	0	0	0	0	0	0	0	0	0	0	0	0	0	0	0	0	0	0	0	0	0	0	0	0	0	0	0	0
c0f5e06e27cbda142fa6964035dfa18a	0	0	0	19	0	0	0	0	0	0	0	0	0	0	0	0	0	0	0	0	0	0	0	0	0	0	0	0	0	0	0	0	0	0	0	0	0	0	0	0	0	0	0	0	0
7129cb87e778fde0dfd57b514051725b	0	0	0	0	19	0	0	0	0	0	0	0	0	0	0	0	0	0	0	0	0	0	0	0	0	0	0	0	0	0	0	0	0	0	0	0	0	0	0	0	0	0	0	0	0
1e10a84e115d98f5a028b372ee7b38be	0	0	0	0	0	0	19	0	0	0	0	0	0	0	0	0	0	0	0	0	0	0	0	0	0	0	0	0	0	0	0	0	0	0	0	0	0	0	0	0	0	0	0	0	0
e4ed7f7cefd458adda1c5bf867f98638	0	0	0	0	0	0	0	0	0	0	0	19	0	0	0	0	0	0	0	0	0	0	0	0	0	0	0	0	0	0	0	0	0	0	0	0	0	0	0	0	0	0	0	0	0
46711e4b91baf4be653f91673a2d0f7b	0	0	0	0	0	0	0	0	0	0	0	0	0	19	0	0	0	0	0	0	0	0	0	0	0	0	0	0	0	0	0	0	0	0	0	0	0	0	0	0	0	0	0	0	0
dd65ecd61a3cc191227a062a2171c900	0	0	0	0	0	0	0	0	0	0	0	0	0	0	0	0	19	0	0	0	0	0	0	0	0	0	0	0	0	0	0	0	0	0	0	0	0	0	0	0	0	0	0	0	0
ac37d3c74431629be90703823eb04fbc	0	0	0	0	0	0	0	0	0	0	0	0	0	0	0	0	6	13	0	0	0	0	0	0	0	0	0	0	0	0	0	0	0	0	0	0	0	0	0	0	0	0	0	0	0
7f4c6366fe200d4308dd28e9e257c787	0	0	0	0	0	0	0	0	0	0	0	0	0	0	0	0	0	3	0	0	0	0	0	0	0	0	0	7	0	0	0	0	0	0	0	0	0	9	0	0	0	0	0	0	0
e5971283ebdbd3e608742c2baa99599d	0	0	0	0	0	0	0	0	0	0	0	0	0	0	0	0	0	2	3	0	0	0	0	0	0	0	0	2	0	0	0	0	0	0	0	0	0	0	0	0	2	3	3	2	2
0605158be713d211a7d74b677a06e129	0	0	0	0	0	0	0	0	0	0	0	0	0	0	0	0	0	0	4	0	0	0	0	0	0	0	0	0	0	0	0	0	0	0	0	0	0	12	0	0	0	3	0	0	0
0c31b605347dd635cc7e6b46548aea5b	0	0	0	0	0	0	0	0	0	0	0	0	0	0	0	0	0	0	0	2	0	0	0	0	0	0	0	3	0	0	0	0	0	0	0	0	5	9	0	0	0	0	0	0	0
eb09b9975963f8122f20d2c018ba9ca8	0	0	0	0	0	0	0	0	0	0	0	0	0	0	0	0	0	0	0	0	0	19	0	0	0	0	0	0	0	0	0	0	0	0	0	0	0	0	0	0	0	0	0	0	0
f40533527542ef7b68c2bbeb566954dd	0	0	0	0	0	0	0	0	0	0	0	0	0	0	0	0	0	0	0	0	0	19	0	0	0	0	0	0	0	0	0	0	0	0	0	0	0	0	0	0	0	0	0	0	0
262d65c3130ed9ebb9b43f25ece8fa0c	0	0	0	0	0	0	0	0	0	0	0	0	0	0	0	0	0	0	0	0	0	19	0	0	0	0	0	0	0	0	0	0	0	0	0	0	0	0	0	0	0	0	0	0	0
5b24e611c64c1471d0a5d5db2ee0e49e	0	0	0	0	0	0	0	0	0	0	0	0	0	0	0	0	0	0	0	0	0	19	0	0	0	0	0	0	0	0	0	0	0	0	0	0	0	0	0	0	0	0	0	0	0
83845fcd633641c5aa823274e56def3c	0	0	0	0	0	0	0	0	0	0	0	0	0	0	0	0	0	0	0	0	0	15	0	0	0	0	0	2	0	0	0	0	0	0	0	0	0	2	0	0	0	0	0	0	0
3264726d8aeab14507510c9ccbe85884	0	0	0	0	0	0	0	0	0	0	0	0	0	0	0	0	0	0	0	0	0	0	19	0	0	0	0	0	0	0	0	0	0	0	0	0	0	0	0	0	0	0	0	0	0
d1db8856425ef8944e0bb23af94b65ce	0	0	0	0	0	0	0	0	0	0	0	0	0	0	0	0	0	0	0	0	0	0	19	0	0	0	0	0	0	0	0	0	0	0	0	0	0	0	0	0	0	0	0	0	0
b46faffc57bc277e01a264c52b1a054d	0	0	0	0	0	0	0	0	0	0	0	0	0	0	0	0	0	0	0	0	0	0	0	19	0	0	0	0	0	0	0	0	0	0	0	0	0	0	0	0	0	0	0	0	0
e083ecb9baa78b5821dc7dba05002bd5	0	0	0	0	0	0	0	0	0	0	0	0	0	0	0	0	0	0	0	0	0	0	0	19	0	0	0	0	0	0	0	0	0	0	0	0	0	0	0	0	0	0	0	0	0
038fbf1c4c017f142576018fe8d6a2ca	0	0	0	0	0	0	0	0	0	0	0	0	0	0	0	0	0	0	0	0	0	0	0	0	0	0	19	0	0	0	0	0	0	0	0	0	0	0	0	0	0	0	0	0	0
89e73534e2b2a80a1265c385aab59eb8	0	0	0	0	0	0	0	0	0	0	0	0	0	0	0	0	0	0	0	0	0	0	0	0	0	0	5	7	0	0	0	0	0	0	0	0	0	7	0	0	0	0	0	0	0
7286038ea934fc7852fcf67ab1783c56	0	0	0	0	0	0	0	0	0	0	0	0	0	0	0	0	0	0	0	0	0	0	0	0	0	0	0	19	0	0	0	0	0	0	0	0	0	0	0	0	0	0	0	0	0
6de994653ff4606a1e8ab16009f6bf89	0	0	0	0	0	0	0	0	0	0	0	0	0	0	0	0	0	0	0	0	0	0	0	0	0	0	0	19	0	0	0	0	0	0	0	0	0	0	0	0	0	0	0	0	0
4a1cc302a4ca5f45478076adb0d7a8f2	0	0	0	0	0	0	0	0	0	0	0	0	0	0	0	0	0	0	0	0	0	0	0	0	0	0	0	9	0	4	0	0	0	0	0	0	0	3	0	0	0	3	0	0	0
ed8a2916cdc411cdecabe2c13c8a6e8a	0	0	0	0	0	0	0	0	0	0	0	0	0	0	0	0	0	0	0	0	0	0	0	0	0	0	0	7	0	0	0	0	0	0	0	0	3	7	0	0	0	0	0	2	0
e7cb53c043cc7b33488697881e559851	0	0	0	0	0	0	0	0	0	0	0	0	0	0	0	0	0	0	0	0	0	0	0	0	0	0	0	0	0	0	0	0	0	0	0	0	0	19	0	0	0	0	0	0	0
6c212fdcc291b2afd5c42406d97fad7d	0	0	0	0	0	0	0	0	0	0	0	0	0	0	0	0	0	0	0	0	0	0	0	0	0	0	0	0	0	0	0	0	0	0	0	0	0	0	0	19	0	0	0	0	0
45a335b377cfa273b8b4da66b51998fe	0	0	0	0	0	0	0	0	0	0	0	0	0	0	0	0	0	0	0	0	0	0	0	0	0	0	0	0	0	0	0	0	0	0	0	0	0	0	0	0	0	8	11	0	0
174397c0a4edeb2d088d677cecfcb8d1	0	0	0	0	0	0	0	0	0	0	18	0	0	0	0	0	0	0	0	0	0	0	0	0	0	0	0	0	0	0	0	0	0	0	0	0	0	0	0	0	0	0	0	0	0
46f03c7b6fbff359d621d87f67fa6e64	0	0	0	0	0	0	0	0	0	0	0	0	0	0	0	0	18	0	0	0	0	0	0	0	0	0	0	0	0	0	0	0	0	0	0	0	0	0	0	0	0	0	0	0	0
54dfbe32052db356e269ff1f675606ea	0	0	0	0	0	0	0	0	0	0	0	0	0	0	0	0	16	0	0	0	0	0	0	0	0	0	0	0	0	0	0	0	0	0	0	0	0	2	0	0	0	0	0	0	0
e196bb9a9922560ab0095071936d4f23	0	0	0	0	0	0	0	0	0	0	0	0	0	0	0	0	11	0	0	0	0	0	0	0	0	0	0	7	0	0	0	0	0	0	0	0	0	0	0	0	0	0	0	0	0
3e4077745088479110e7f95845e56349	0	0	0	0	0	0	0	0	0	0	0	0	0	0	0	0	9	0	0	0	0	0	0	0	0	0	0	4	3	0	0	0	0	0	0	0	0	2	0	0	0	0	0	0	0
de1306ca4a7bc712edaaa3b9155ec377	0	0	0	0	0	0	0	0	0	0	0	0	0	0	0	0	8	0	0	0	0	0	0	0	0	0	0	0	0	0	0	0	0	0	0	0	0	10	0	0	0	0	0	0	0
b8848cddd6e4a2682e5102de36a3bc80	0	0	0	0	0	0	0	0	0	0	0	0	0	0	0	0	4	0	0	2	0	0	0	0	0	0	0	3	0	0	0	0	0	0	0	0	0	5	0	0	0	2	2	0	0
42224b50d2f496e80ad0e30009a7cce7	0	0	0	0	0	0	0	0	0	0	0	0	0	0	0	0	4	0	0	0	0	0	0	0	0	0	0	6	0	0	0	0	0	0	0	0	0	8	0	0	0	0	0	0	0
1c2d4659667f5efa70f4a0df765afabc	0	0	0	0	0	0	0	0	0	0	0	0	0	0	0	0	0	0	0	0	0	18	0	0	0	0	0	0	0	0	0	0	0	0	0	0	0	0	0	0	0	0	0	0	0
d37e593a3dfb36e9c574d1ba41a622ee	0	0	0	0	0	0	0	0	0	0	0	0	0	0	0	0	0	0	0	0	0	4	0	0	0	0	5	9	0	0	0	0	0	0	0	0	0	0	0	0	0	0	0	0	0
0c644cc734518370d2774db4fb529e3c	0	0	0	0	0	0	0	0	0	0	0	0	0	0	0	0	0	0	0	0	0	0	18	0	0	0	0	0	0	0	0	0	0	0	0	0	0	0	0	0	0	0	0	0	0
1c6645b4b94b8a6f9540134cc385e715	0	0	0	0	0	0	0	0	0	0	0	0	0	0	0	0	0	0	0	0	0	0	18	0	0	0	0	0	0	0	0	0	0	0	0	0	0	0	0	0	0	0	0	0	0
7c95cb4523f83bec5f9be71e68d9f2f1	0	0	0	0	0	0	0	0	0	0	0	0	0	0	0	0	0	0	0	0	0	0	18	0	0	0	0	0	0	0	0	0	0	0	0	0	0	0	0	0	0	0	0	0	0
4581eb46a6528ab03747986ec614d691	0	0	0	0	0	0	0	0	0	0	0	0	0	0	0	0	0	0	0	0	0	0	18	0	0	0	0	0	0	0	0	0	0	0	0	0	0	0	0	0	0	0	0	0	0
e18e35a595e52143c6b830a81e90f5a5	0	0	0	0	0	0	0	0	0	0	0	0	0	0	0	0	0	0	0	0	0	0	0	18	0	0	0	0	0	0	0	0	0	0	0	0	0	0	0	0	0	0	0	0	0
7e31bbfb8d4747171bd1f700894c26ba	0	0	0	0	0	0	0	0	0	0	0	0	0	0	0	0	0	0	0	0	0	0	0	0	0	0	5	3	0	2	0	0	0	0	0	0	0	6	0	0	0	2	0	0	0
24c9f8efaf50fbba20f88799ff49c81f	0	0	0	0	0	0	0	0	0	0	0	0	0	0	0	0	0	0	0	0	0	0	0	0	0	0	3	4	0	2	0	0	0	0	0	0	5	4	0	0	0	0	0	0	0
65b897cbf77e177471ed7cebd1a437eb	0	0	0	0	0	0	0	0	0	0	0	0	0	0	0	0	0	0	0	0	0	0	0	0	0	0	2	9	3	2	0	0	0	0	0	0	2	0	0	0	0	0	0	0	0
8131ea119975efcc0fcbae2039f85edc	0	0	0	0	0	0	0	0	0	0	0	0	0	0	0	0	0	0	0	0	0	0	0	0	0	0	0	8	0	0	0	0	0	0	0	0	0	10	0	0	0	0	0	0	0
cd38cff416e248758c40ec87d8cd110b	0	0	0	0	0	0	0	0	0	0	0	0	0	0	0	0	0	0	0	0	0	0	0	0	0	0	0	7	0	0	0	0	0	0	0	0	0	7	0	0	2	0	0	0	2
99d8593dd4ac11be45b17ee72342de94	0	0	0	0	0	0	0	0	0	0	0	0	0	0	0	0	0	0	0	0	0	0	0	0	0	0	0	7	0	0	0	0	0	0	0	0	0	11	0	0	0	0	0	0	0
78d5798e4f90309b81dc356db52b296f	0	0	0	0	0	0	0	0	0	0	0	0	0	0	0	0	0	0	0	0	0	0	0	0	0	0	0	6	3	0	0	0	0	0	0	0	2	7	0	0	0	0	0	0	0
ad3bfc07b4ddf2b7dc0f43e881b24327	0	0	0	0	0	0	0	0	0	0	0	0	0	0	0	0	0	0	0	0	0	0	0	0	0	0	0	0	0	0	18	0	0	0	0	0	0	0	0	0	0	0	0	0	0
c5b27776f2781ee77299c2ff9ee5dc7e	0	0	0	0	0	0	0	0	0	0	0	0	0	0	0	0	0	0	0	0	0	0	0	0	0	0	0	0	0	0	0	0	7	5	0	6	0	0	0	0	0	0	0	0	0
7b332fc5105d2efbc7eab2b1d09b2be3	0	0	0	0	0	0	0	0	0	0	0	0	0	0	0	0	0	0	0	0	0	0	0	0	0	0	0	0	0	0	0	0	0	0	0	0	0	0	0	0	0	9	0	0	9
ec6e96c7c225b6195c7721caf099bc25	0	17	0	0	0	0	0	0	0	0	0	0	0	0	0	0	0	0	0	0	0	0	0	0	0	0	0	0	0	0	0	0	0	0	0	0	0	0	0	0	0	0	0	0	0
ede68d59f1c118c82e281742f6ead0d6	0	0	0	0	17	0	0	0	0	0	0	0	0	0	0	0	0	0	0	0	0	0	0	0	0	0	0	0	0	0	0	0	0	0	0	0	0	0	0	0	0	0	0	0	0
2f674961e4f76d0abfa10db93aec576d	0	0	0	0	0	0	0	17	0	0	0	0	0	0	0	0	0	0	0	0	0	0	0	0	0	0	0	0	0	0	0	0	0	0	0	0	0	0	0	0	0	0	0	0	0
33ed8088d69892489856e4c834dc424b	0	0	0	0	0	0	0	0	0	17	0	0	0	0	0	0	0	0	0	0	0	0	0	0	0	0	0	0	0	0	0	0	0	0	0	0	0	0	0	0	0	0	0	0	0
bc81b0dc127a0557e218d73a7113e0bf	0	0	0	0	0	0	0	0	0	0	0	0	17	0	0	0	0	0	0	0	0	0	0	0	0	0	0	0	0	0	0	0	0	0	0	0	0	0	0	0	0	0	0	0	0
df5427d70006ab890f340b7b27e4cb9b	0	0	0	0	0	0	0	0	0	0	0	0	0	0	0	17	0	0	0	0	0	0	0	0	0	0	0	0	0	0	0	0	0	0	0	0	0	0	0	0	0	0	0	0	0
4b4e0529fcca0d5a4359b421c7303fc9	0	0	0	0	0	0	0	0	0	0	0	0	0	0	0	0	17	0	0	0	0	0	0	0	0	0	0	0	0	0	0	0	0	0	0	0	0	0	0	0	0	0	0	0	0
fe007b205a47a9ee0d740dd45c1b34ac	0	0	0	0	0	0	0	0	0	0	0	0	0	0	0	0	12	0	5	0	0	0	0	0	0	0	0	0	0	0	0	0	0	0	0	0	0	0	0	0	0	0	0	0	0
4d6088a072f2e446c76abe37173f60f6	0	0	0	0	0	0	0	0	0	0	0	0	0	0	0	0	12	0	0	0	0	0	0	0	0	0	0	0	0	0	0	0	0	0	0	0	0	5	0	0	0	0	0	0	0
8640854eb888b9a2807c83448eabd249	0	0	0	0	0	0	0	0	0	0	0	0	0	0	0	0	11	0	6	0	0	0	0	0	0	0	0	0	0	0	0	0	0	0	0	0	0	0	0	0	0	0	0	0	0
e436582c1dc76ec362f7c7ffdb071c06	0	0	0	0	0	0	0	0	0	0	0	0	0	0	0	0	10	7	0	0	0	0	0	0	0	0	0	0	0	0	0	0	0	0	0	0	0	0	0	0	0	0	0	0	0
91a8b35aca94b637059d1317e997ee8d	0	0	0	0	0	0	0	0	0	0	0	0	0	0	0	0	8	0	0	0	0	0	0	0	0	0	0	0	2	0	0	0	0	0	0	0	0	7	0	0	0	0	0	0	0
f95f11a5fb996c78c0ac68cfd4a1d15d	0	0	0	0	0	0	0	0	0	0	0	0	0	0	0	0	0	0	0	4	0	0	0	0	0	0	0	13	0	0	0	0	0	0	0	0	0	0	0	0	0	0	0	0	0
63a139169790545537c45f1a8ff8854b	0	0	0	0	0	0	0	0	0	0	0	0	0	0	0	0	0	0	0	0	0	17	0	0	0	0	0	0	0	0	0	0	0	0	0	0	0	0	0	0	0	0	0	0	0
789dba09f3c23cea7f78464fda3e4c73	0	0	0	0	0	0	0	0	0	0	0	0	0	0	0	0	0	0	0	0	0	0	17	0	0	0	0	0	0	0	0	0	0	0	0	0	0	0	0	0	0	0	0	0	0
14951bf4ee63d13b9df8adc11e677cf8	0	0	0	0	0	0	0	0	0	0	0	0	0	0	0	0	0	0	0	0	0	0	17	0	0	0	0	0	0	0	0	0	0	0	0	0	0	0	0	0	0	0	0	0	0
3a2a5490fb283e50ff0cf21777dfb49e	0	0	0	0	0	0	0	0	0	0	0	0	0	0	0	0	0	0	0	0	0	0	0	0	0	0	7	0	10	0	0	0	0	0	0	0	0	0	0	0	0	0	0	0	0
1f1ddc1c720d098b3be90a289a9699a3	0	0	0	0	0	0	0	0	0	0	0	0	0	0	0	0	0	0	0	0	0	0	0	0	0	0	6	8	0	0	0	0	0	0	0	0	0	3	0	0	0	0	0	0	0
6cd35c67407f4beca52a4c7dfe4d2d6a	0	0	0	0	0	0	0	0	0	0	0	0	0	0	0	0	0	0	0	0	0	0	0	0	0	0	6	6	3	2	0	0	0	0	0	0	0	0	0	0	0	0	0	0	0
77012169e6bfc6998de797ce715e7da2	0	0	0	0	0	0	0	0	0	0	0	0	0	0	0	0	0	0	0	0	0	0	0	0	0	0	5	9	0	3	0	0	0	0	0	0	0	0	0	0	0	0	0	0	0
cd669b8e06588c68698cb8c509cec4b6	0	0	0	0	0	0	0	0	0	0	0	0	0	0	0	0	0	0	0	0	0	0	0	0	0	0	5	0	0	4	0	0	0	0	0	0	0	8	0	0	0	0	0	0	0
e935478fb7fd13e6def8c8365d0cadf2	0	0	0	0	0	0	0	0	0	0	0	0	0	0	0	0	0	0	0	0	0	0	0	0	0	0	3	7	0	2	0	0	0	0	0	0	2	3	0	0	0	0	0	0	0
d6e5a2ee7c1be73248d2d0382726e9d4	0	0	0	0	0	0	0	0	0	0	0	0	0	0	0	0	0	0	0	0	0	0	0	0	0	0	0	17	0	0	0	0	0	0	0	0	0	0	0	0	0	0	0	0	0
3f9a2dc4b9a502cc9eac5565cebe25c7	0	0	0	0	0	0	0	0	0	0	0	0	0	0	0	0	0	0	0	0	0	0	0	0	0	0	0	6	0	0	0	4	0	0	0	0	0	7	0	0	0	0	0	0	0
1b23e409e686e1c1a5aecca3e1989989	0	0	0	0	0	0	0	0	0	0	0	0	0	0	0	0	0	0	0	0	0	0	0	0	0	0	0	0	0	3	0	0	0	0	0	0	0	14	0	0	0	0	0	0	0
91a47bbe4fac019d5224a58103eec9da	0	0	0	0	0	0	0	0	0	0	0	0	0	0	0	0	0	0	0	0	0	0	0	0	0	0	0	0	0	0	0	0	0	0	0	0	0	17	0	0	0	0	0	0	0
8cbf89e82566bbfec664814558d9d0bf	0	0	0	0	0	0	0	0	0	0	0	0	0	0	0	0	0	0	0	0	0	0	0	0	0	0	0	0	0	0	0	0	0	0	0	0	0	17	0	0	0	0	0	0	0
d14716ace260931404f9869fd9b3871c	0	0	0	0	0	0	0	0	0	0	0	0	0	0	0	0	0	0	0	0	0	0	0	0	0	0	0	0	0	0	0	0	0	0	0	0	0	17	0	0	0	0	0	0	0
384312e0401d823ffe6b64e1cea3ee1a	0	0	0	0	0	0	0	0	0	0	0	0	0	0	0	0	0	0	0	0	0	0	0	0	0	0	0	0	0	0	0	0	0	0	0	0	0	0	0	17	0	0	0	0	0
938b0792069ac9d5beeac960185d9c11	0	16	0	0	0	0	0	0	0	0	0	0	0	0	0	0	0	0	0	0	0	0	0	0	0	0	0	0	0	0	0	0	0	0	0	0	0	0	0	0	0	0	0	0	0
53e704412a2b02abc69de95835fcfe18	0	0	0	0	16	0	0	0	0	0	0	0	0	0	0	0	0	0	0	0	0	0	0	0	0	0	0	0	0	0	0	0	0	0	0	0	0	0	0	0	0	0	0	0	0
7d4b52cc3be010462f4be18986043eb8	0	0	0	0	0	0	0	0	0	0	16	0	0	0	0	0	0	0	0	0	0	0	0	0	0	0	0	0	0	0	0	0	0	0	0	0	0	0	0	0	0	0	0	0	0
56a508f7527e97bdb2cdfdf928ac2580	0	0	0	0	0	0	0	0	0	0	16	0	0	0	0	0	0	0	0	0	0	0	0	0	0	0	0	0	0	0	0	0	0	0	0	0	0	0	0	0	0	0	0	0	0
a643ab413756daed1f3ef671a7132164	0	0	0	0	0	0	0	0	0	0	0	0	0	0	0	0	16	0	0	0	0	0	0	0	0	0	0	0	0	0	0	0	0	0	0	0	0	0	0	0	0	0	0	0	0
13cdcfb4bf4eb45ad5199341e8113ac7	0	0	0	0	0	0	0	0	0	0	0	0	0	0	0	0	10	0	4	0	0	0	0	0	0	0	0	2	0	0	0	0	0	0	0	0	0	0	0	0	0	0	0	0	0
1e0f6e4df3a246893e8cfb67bf1f606e	0	0	0	0	0	0	0	0	0	0	0	0	0	0	0	0	3	3	0	0	0	0	0	0	0	0	0	6	0	0	0	0	0	0	0	0	0	2	0	0	0	2	0	0	0
61774d3663ec14ea2a84046c041553b3	0	0	0	0	0	0	0	0	0	0	0	0	0	0	0	0	0	16	0	0	0	0	0	0	0	0	0	0	0	0	0	0	0	0	0	0	0	0	0	0	0	0	0	0	0
1f9e651b356cc37ee0af9748448a74de	0	0	0	0	0	0	0	0	0	0	0	0	0	0	0	0	0	5	0	0	0	0	0	0	0	0	0	3	0	0	0	0	0	0	0	0	0	0	0	0	3	5	0	0	0
d811939a12a698452c25753e30d152bd	0	0	0	0	0	0	0	0	0	0	0	0	0	0	0	0	0	0	0	16	0	0	0	0	0	0	0	0	0	0	0	0	0	0	0	0	0	0	0	0	0	0	0	0	0
87d359e751a241560bcb9473848b6894	0	0	0	0	0	0	0	0	0	0	0	0	0	0	0	0	0	0	0	16	0	0	0	0	0	0	0	0	0	0	0	0	0	0	0	0	0	0	0	0	0	0	0	0	0
f25a245a0bfde64bdf9d31e5315fd834	0	0	0	0	0	0	0	0	0	0	0	0	0	0	0	0	0	0	0	0	16	0	0	0	0	0	0	0	0	0	0	0	0	0	0	0	0	0	0	0	0	0	0	0	0
ea1ebfb761d25ada9ab368d2644626bf	0	0	0	0	0	0	0	0	0	0	0	0	0	0	0	0	0	0	0	0	0	16	0	0	0	0	0	0	0	0	0	0	0	0	0	0	0	0	0	0	0	0	0	0	0
4985920e66f7166b43a75a4cad1d3086	0	0	0	0	0	0	0	0	0	0	0	0	0	0	0	0	0	0	0	0	0	16	0	0	0	0	0	0	0	0	0	0	0	0	0	0	0	0	0	0	0	0	0	0	0
90aec73492fee482129216c479cf3d06	0	0	0	0	0	0	0	0	0	0	0	0	0	0	0	0	0	0	0	0	0	0	16	0	0	0	0	0	0	0	0	0	0	0	0	0	0	0	0	0	0	0	0	0	0
68045c372b3442a95fb1494479a3762e	0	0	0	0	0	0	0	0	0	0	0	0	0	0	0	0	0	0	0	0	0	0	16	0	0	0	0	0	0	0	0	0	0	0	0	0	0	0	0	0	0	0	0	0	0
0d585fe35c8e2731aa589671d2db7a5d	0	0	0	0	0	0	0	0	0	0	0	0	0	0	0	0	0	0	0	0	0	0	0	0	0	0	6	10	0	0	0	0	0	0	0	0	0	0	0	0	0	0	0	0	0
b2321c12e912ce9a7225bcbad43a1475	0	0	0	0	0	0	0	0	0	0	0	0	0	0	0	0	0	0	0	0	0	0	0	0	0	0	0	16	0	0	0	0	0	0	0	0	0	0	0	0	0	0	0	0	0
37d18009ab7430414787e218a43a88b6	0	0	0	0	0	0	0	0	0	0	0	0	0	0	0	0	0	0	0	0	0	0	0	0	0	0	0	16	0	0	0	0	0	0	0	0	0	0	0	0	0	0	0	0	0
e82e1973f6bebfafb405d312f2cfce87	0	0	0	0	0	0	0	0	0	0	0	0	0	0	0	0	0	0	0	0	0	0	0	0	0	0	0	16	0	0	0	0	0	0	0	0	0	0	0	0	0	0	0	0	0
e1dc350f1ec6e25ff241790caa4aae70	0	0	0	0	0	0	0	0	0	0	0	0	0	0	0	0	0	0	0	0	0	0	0	0	0	0	0	6	0	0	0	0	0	0	0	0	0	3	0	0	0	5	2	0	0
c02c29310484bbcd214bda2400bb932f	0	0	0	0	0	0	0	0	0	0	0	0	0	0	0	0	0	0	0	0	0	0	0	0	0	0	0	6	0	0	0	0	0	0	0	0	3	7	0	0	0	0	0	0	0
fa0a6fbf5781a78cec74e8492cb7c858	0	0	0	0	0	0	0	0	0	0	0	0	0	0	0	0	0	0	0	0	0	0	0	0	0	0	0	4	0	0	0	0	0	0	0	0	0	12	0	0	0	0	0	0	0
481d5d63ff4513756336aa6be2e9e643	0	0	0	0	0	0	0	0	0	0	0	0	0	0	0	0	0	0	0	0	0	0	0	0	0	0	0	0	0	0	7	0	0	0	0	0	0	9	0	0	0	0	0	0	0
a2c36adcac01260bd5df3723dde84e1f	0	0	0	0	0	0	0	0	0	0	0	0	0	0	0	0	0	0	0	0	0	0	0	0	0	0	0	0	0	0	0	0	0	0	0	0	16	0	0	0	0	0	0	0	0
9725014ed6c5c530085187297eb60dab	0	0	0	0	0	0	0	0	0	0	0	0	0	0	0	0	0	0	0	0	0	0	0	0	0	0	0	0	0	0	0	0	0	0	0	0	0	16	0	0	0	0	0	0	0
6582005ccf55b78deac6ea61dfa9867d	0	0	0	0	0	0	0	0	0	0	0	0	0	0	0	0	0	0	0	0	0	0	0	0	0	0	0	0	0	0	0	0	0	0	0	0	0	16	0	0	0	0	0	0	0
eeebe075fec7bdfb00d46916a3dee20c	0	0	0	0	0	0	0	0	0	0	0	0	0	0	0	0	0	0	0	0	0	0	0	0	0	0	0	0	0	0	0	0	0	0	0	0	0	16	0	0	0	0	0	0	0
222929f478cf9aecb033656279b81a42	0	0	0	0	0	0	0	0	0	0	0	0	0	0	0	0	0	0	0	0	0	0	0	0	0	0	0	0	0	0	0	0	0	0	0	0	0	16	0	0	0	0	0	0	0
b52bad9bed5e55374a2b7c78f4f250c0	0	0	0	0	0	0	0	0	0	0	0	0	0	0	0	0	0	0	0	0	0	0	0	0	0	0	0	0	0	0	0	0	0	0	0	0	0	16	0	0	0	0	0	0	0
2c6a5c8a440e18ddbd96c199095fca65	0	0	0	0	0	0	0	0	0	0	0	0	0	0	0	0	0	0	0	0	0	0	0	0	0	0	0	0	0	0	0	0	0	0	0	0	0	0	0	0	5	3	0	0	8
4e0013d3b830cc11752b4c4c2f39d71c	0	0	0	0	0	0	0	0	0	0	0	0	0	0	0	0	0	0	0	0	0	0	0	0	0	0	0	0	0	0	0	0	0	0	0	0	0	0	0	0	4	6	0	6	0
863d15304cf7625793c7f2e999966ec1	0	0	0	0	0	0	0	0	0	0	0	0	0	0	0	0	0	0	0	0	0	0	0	0	0	0	0	0	0	0	0	0	0	0	0	0	0	0	0	0	0	16	0	0	0
404b9bd4555530f4210c2b817a7edf14	15	0	0	0	0	0	0	0	0	0	0	0	0	0	0	0	0	0	0	0	0	0	0	0	0	0	0	0	0	0	0	0	0	0	0	0	0	0	0	0	0	0	0	0	0
f39e4610aca2bee277e720d2dd4737c5	0	0	0	0	0	0	0	15	0	0	0	0	0	0	0	0	0	0	0	0	0	0	0	0	0	0	0	0	0	0	0	0	0	0	0	0	0	0	0	0	0	0	0	0	0
e00a08d67db46b5f4aa2007810c625b0	0	0	0	0	0	0	0	15	0	0	0	0	0	0	0	0	0	0	0	0	0	0	0	0	0	0	0	0	0	0	0	0	0	0	0	0	0	0	0	0	0	0	0	0	0
42a1e9ea5cfc91e347cfaf40eb9eefd7	0	0	0	0	0	0	0	0	0	0	0	0	15	0	0	0	0	0	0	0	0	0	0	0	0	0	0	0	0	0	0	0	0	0	0	0	0	0	0	0	0	0	0	0	0
b0571ad6ff576eca0710ddcaa2e02d23	0	0	0	0	0	0	0	0	0	0	0	0	0	0	0	0	15	0	0	0	0	0	0	0	0	0	0	0	0	0	0	0	0	0	0	0	0	0	0	0	0	0	0	0	0
9d2f825d11568fc1ec9e17bf61f61d74	0	0	0	0	0	0	0	0	0	0	0	0	0	0	0	0	15	0	0	0	0	0	0	0	0	0	0	0	0	0	0	0	0	0	0	0	0	0	0	0	0	0	0	0	0
e7c2ad21984e3e8ba6d8e19009a1d67b	0	0	0	0	0	0	0	0	0	0	0	0	0	0	0	0	12	0	0	0	0	0	0	0	0	0	0	0	0	0	0	0	0	0	0	0	0	3	0	0	0	0	0	0	0
5e396211a70a038fb0ce8797e4a67599	0	0	0	0	0	0	0	0	0	0	0	0	0	0	0	0	11	4	0	0	0	0	0	0	0	0	0	0	0	0	0	0	0	0	0	0	0	0	0	0	0	0	0	0	0
bea2247f605acb14b9ae25f4591a3574	0	0	0	0	0	0	0	0	0	0	0	0	0	0	0	0	8	0	0	0	0	0	0	0	0	0	0	3	0	0	0	0	0	0	0	0	0	0	0	0	0	0	4	0	0
2fdd3ab6ad5e4ace47493041bef16965	0	0	0	0	0	0	0	0	0	0	0	0	0	0	0	0	7	0	5	0	0	0	0	0	0	0	0	3	0	0	0	0	0	0	0	0	0	0	0	0	0	0	0	0	0
a918f3a5f9c41132c11813cd823727dc	0	0	0	0	0	0	0	0	0	0	0	0	0	0	0	0	5	0	0	0	0	0	0	0	0	0	0	0	0	0	0	0	0	0	0	0	2	8	0	0	0	0	0	0	0
17f097e64b95de343cb144700e17d2ba	0	0	0	0	0	0	0	0	0	0	0	0	0	0	0	0	4	0	0	0	0	0	0	0	0	0	0	5	0	0	0	0	0	0	0	0	0	6	0	0	0	0	0	0	0
f2b30395fbad5da1ab873ec0cfcecae5	0	0	0	0	0	0	0	0	0	0	0	0	0	0	0	0	0	0	15	0	0	0	0	0	0	0	0	0	0	0	0	0	0	0	0	0	0	0	0	0	0	0	0	0	0
8837bb54813b96437d016a109f12a47e	0	0	0	0	0	0	0	0	0	0	0	0	0	0	0	0	0	0	2	0	0	0	0	0	0	0	0	4	5	4	0	0	0	0	0	0	0	0	0	0	0	0	0	0	0
da777bf3e530d96a43f0b15689df7777	0	0	0	0	0	0	0	0	0	0	0	0	0	0	0	0	0	0	0	0	15	0	0	0	0	0	0	0	0	0	0	0	0	0	0	0	0	0	0	0	0	0	0	0	0
6744a6bcc2ee8bb2a466c4218f79ac57	0	0	0	0	0	0	0	0	0	0	0	0	0	0	0	0	0	0	0	0	0	10	5	0	0	0	0	0	0	0	0	0	0	0	0	0	0	0	0	0	0	0	0	0	0
fbdccb133f179a0415a770e69bcbaa1e	0	0	0	0	0	0	0	0	0	0	0	0	0	0	0	0	0	0	0	0	0	7	8	0	0	0	0	0	0	0	0	0	0	0	0	0	0	0	0	0	0	0	0	0	0
04dd671c8a16029acfa4a170de69693f	0	0	0	0	0	0	0	0	0	0	0	0	0	0	0	0	0	0	0	0	0	0	15	0	0	0	0	0	0	0	0	0	0	0	0	0	0	0	0	0	0	0	0	0	0
643c493d3d8b869a4ef7ed8521c2ce83	0	0	0	0	0	0	0	0	0	0	0	0	0	0	0	0	0	0	0	0	0	0	15	0	0	0	0	0	0	0	0	0	0	0	0	0	0	0	0	0	0	0	0	0	0
4d9fd514fa527e5d337890c73c1ea237	0	0	0	0	0	0	0	0	0	0	0	0	0	0	0	0	0	0	0	0	0	0	15	0	0	0	0	0	0	0	0	0	0	0	0	0	0	0	0	0	0	0	0	0	0
d804d3b9daa80d459be473ca2beba830	0	0	0	0	0	0	0	0	0	0	0	0	0	0	0	0	0	0	0	0	0	0	0	15	0	0	0	0	0	0	0	0	0	0	0	0	0	0	0	0	0	0	0	0	0
635e601a3621537b804f69d193361006	0	0	0	0	0	0	0	0	0	0	0	0	0	0	0	0	0	0	0	0	0	0	0	0	0	0	7	8	0	0	0	0	0	0	0	0	0	0	0	0	0	0	0	0	0
86ed80212056a394007a7c25b99efbe7	0	0	0	0	0	0	0	0	0	0	0	0	0	0	0	0	0	0	0	0	0	0	0	0	0	0	3	9	0	0	0	0	0	0	0	0	0	0	0	0	0	0	0	0	3
31884440e25f48a413cb02e4eef2b528	0	0	0	0	0	0	0	0	0	0	0	0	0	0	0	0	0	0	0	0	0	0	0	0	0	0	2	8	0	2	0	0	0	0	0	0	0	0	0	0	0	0	0	3	0
4516bf7c519e97b4e1eab6be020d7c60	0	0	0	0	0	0	0	0	0	0	0	0	0	0	0	0	0	0	0	0	0	0	0	0	0	0	0	15	0	0	0	0	0	0	0	0	0	0	0	0	0	0	0	0	0
77ad4cbfd71c5b5153e8b09e65096ad9	0	0	0	0	0	0	0	0	0	0	0	0	0	0	0	0	0	0	0	0	0	0	0	0	0	0	0	15	0	0	0	0	0	0	0	0	0	0	0	0	0	0	0	0	0
9d5847ea5c0dc7980ff7abdcd3f247f6	0	0	0	0	0	0	0	0	0	0	0	0	0	0	0	0	0	0	0	0	0	0	0	0	0	0	0	9	1	0	0	0	0	0	0	0	0	5	0	0	0	0	0	0	0
bacdd713881274e5e6e453c9dd21b1be	0	0	0	0	0	0	0	0	0	0	0	0	0	0	0	0	0	0	0	0	0	0	0	0	0	0	0	5	0	0	0	0	0	0	0	0	0	10	0	0	0	0	0	0	0
f9cc2965df5fd274650a1a34d0bb63d3	0	0	0	0	0	0	0	0	0	0	0	0	0	0	0	0	0	0	0	0	0	0	0	0	0	0	0	0	0	0	15	0	0	0	0	0	0	0	0	0	0	0	0	0	0
9439bd9254894e81ac212ea79865c779	0	0	0	0	0	0	0	0	0	0	0	0	0	0	0	0	0	0	0	0	0	0	0	0	0	0	0	0	0	0	0	0	0	0	0	0	0	15	0	0	0	0	0	0	0
3d0c8f07996ae742d23db4d75c7371e0	0	0	0	0	0	0	0	0	0	0	0	0	0	0	0	0	0	0	0	0	0	0	0	0	0	0	0	0	0	0	0	0	0	0	0	0	0	0	0	15	0	0	0	0	0
9cb659265e0ff56fb0bff0ce297f0e68	0	0	0	0	0	0	0	0	0	0	0	0	0	0	0	0	0	0	0	0	0	0	0	0	0	0	0	0	0	0	0	0	0	0	0	0	0	0	0	15	0	0	0	0	0
ae5118e6d572070a7af42fe1261a9b25	0	0	0	0	0	0	0	0	0	0	0	0	0	0	0	0	0	0	0	0	0	0	0	0	0	0	0	0	0	0	0	0	0	0	0	0	0	0	0	0	0	0	0	0	15
328b4ac0c8e61e976bef85ade9152a04	0	0	0	14	0	0	0	0	0	0	0	0	0	0	0	0	0	0	0	0	0	0	0	0	0	0	0	0	0	0	0	0	0	0	0	0	0	0	0	0	0	0	0	0	0
974a7cad8e7e584763e67fa9ae4619f4	0	0	0	0	0	0	14	0	0	0	0	0	0	0	0	0	0	0	0	0	0	0	0	0	0	0	0	0	0	0	0	0	0	0	0	0	0	0	0	0	0	0	0	0	0
ce7e5d886ee0cee98c80dfa4a2de3838	0	0	0	0	0	0	0	0	0	14	0	0	0	0	0	0	0	0	0	0	0	0	0	0	0	0	0	0	0	0	0	0	0	0	0	0	0	0	0	0	0	0	0	0	0
abae4bcfe6432203ae2db0eee05b8460	0	0	0	0	0	0	0	0	0	0	0	0	0	0	0	0	14	0	0	0	0	0	0	0	0	0	0	0	0	0	0	0	0	0	0	0	0	0	0	0	0	0	0	0	0
0a7a72cf0cbf9f815d62c85dfa0b269a	0	0	0	0	0	0	0	0	0	0	0	0	0	0	0	0	14	0	0	0	0	0	0	0	0	0	0	0	0	0	0	0	0	0	0	0	0	0	0	0	0	0	0	0	0
048483cb4bd1022d77e7faa0b4216dce	0	0	0	0	0	0	0	0	0	0	0	0	0	0	0	0	11	0	0	0	0	0	0	0	0	0	0	3	0	0	0	0	0	0	0	0	0	0	0	0	0	0	0	0	0
22e38660dd715bc52e8aac63b65b0c80	0	0	0	0	0	0	0	0	0	0	0	0	0	0	0	0	9	0	0	0	0	0	0	0	0	0	0	0	0	0	0	0	0	0	0	0	0	0	0	0	5	0	0	0	0
fcf46a2e304720150d002711212ee282	0	0	0	0	0	0	0	0	0	0	0	0	0	0	0	0	9	0	0	0	0	0	0	0	0	0	0	0	0	0	0	0	0	0	0	0	0	0	0	0	5	0	0	0	0
8e451dab84401d1f80d637e70b7fe4b7	0	0	0	0	0	0	0	0	0	0	0	0	0	0	0	0	8	0	6	0	0	0	0	0	0	0	0	0	0	0	0	0	0	0	0	0	0	0	0	0	0	0	0	0	0
dc7eb294b7f0d343e670bfe75bb42fae	0	0	0	0	0	0	0	0	0	0	0	0	0	0	0	0	8	0	0	0	0	3	0	0	0	0	0	0	0	0	0	0	0	0	0	0	0	0	0	0	0	0	0	3	0
51bcf9a57d5c4ae7e82e8b5ca7d49ecf	0	0	0	0	0	0	0	0	0	0	0	0	0	0	0	0	8	0	0	0	0	0	0	0	0	0	0	0	0	0	0	0	0	0	0	0	0	6	0	0	0	0	0	0	0
9956f93f90cc576508189f8a21592731	0	0	0	0	0	0	0	0	0	0	0	0	0	0	0	0	8	0	6	0	0	0	0	0	0	0	0	0	0	0	0	0	0	0	0	0	0	0	0	0	0	0	0	0	0
029d5dabe4c9409424debf6b82aceed3	0	0	0	0	0	0	0	0	0	0	0	0	0	0	0	0	6	0	0	0	0	0	0	0	0	0	0	0	0	0	0	0	0	0	0	0	0	8	0	0	0	0	0	0	0
1ffef036a5b477c9d2b68f957d1a4e71	0	0	0	0	0	0	0	0	0	0	0	0	0	0	0	0	6	0	0	0	0	0	0	0	0	0	0	0	0	0	0	0	0	0	0	0	0	8	0	0	0	0	0	0	0
1e01ff542b6bb713e9ae1058e87f6af0	0	0	0	0	0	0	0	0	0	0	0	0	0	0	0	0	6	0	8	0	0	0	0	0	0	0	0	0	0	0	0	0	0	0	0	0	0	0	0	0	0	0	0	0	0
c01d935afdca20ed29bdcd4a21af21e0	0	0	0	0	0	0	0	0	0	0	0	0	0	0	0	0	4	0	0	0	0	0	0	0	0	0	0	2	0	0	0	0	0	0	0	0	0	0	0	0	0	2	3	3	0
f2b47e2232c25356e45e355f1b056805	0	0	0	0	0	0	0	0	0	0	0	0	0	0	0	0	3	0	0	0	0	0	0	0	0	0	0	6	3	2	0	0	0	0	0	0	0	0	0	0	0	0	0	0	0
d149a0c566d5d91e6e43aa58d0bfc70f	0	0	0	0	0	0	0	0	0	0	0	0	0	0	0	0	0	5	0	0	0	0	0	0	0	0	0	8	1	0	0	0	0	0	0	0	0	0	0	0	0	0	0	0	0
d74e47d8c3f4ac88a929d21eb9f9be62	0	0	0	0	0	0	0	0	0	0	0	0	0	0	0	0	0	0	8	0	0	0	0	0	0	0	0	0	0	6	0	0	0	0	0	0	0	0	0	0	0	0	0	0	0
212b51a442cc03a8d024bf416085cbf2	0	0	0	0	0	0	0	0	0	0	0	0	0	0	0	0	0	0	0	0	0	14	0	0	0	0	0	0	0	0	0	0	0	0	0	0	0	0	0	0	0	0	0	0	0
65f08ff54671d1a8b8933be79ee57124	0	0	0	0	0	0	0	0	0	0	0	0	0	0	0	0	0	0	0	0	0	14	0	0	0	0	0	0	0	0	0	0	0	0	0	0	0	0	0	0	0	0	0	0	0
e1adaa40bcdf4bcde304864beb7f7e35	0	0	0	0	0	0	0	0	0	0	0	0	0	0	0	0	0	0	0	0	0	0	14	0	0	0	0	0	0	0	0	0	0	0	0	0	0	0	0	0	0	0	0	0	0
fcd9c1f3125113e51cbdf952a0ba49bf	0	0	0	0	0	0	0	0	0	0	0	0	0	0	0	0	0	0	0	0	0	0	0	0	14	0	0	0	0	0	0	0	0	0	0	0	0	0	0	0	0	0	0	0	0
3995e50602d738a048c14bc613cb4995	0	0	0	0	0	0	0	0	0	0	0	0	0	0	0	0	0	0	0	0	0	0	0	0	0	0	6	8	0	0	0	0	0	0	0	0	0	0	0	0	0	0	0	0	0
b2523906cba83c5a812dc6b8af20a3d3	0	0	0	0	0	0	0	0	0	0	0	0	0	0	0	0	0	0	0	0	0	0	0	0	0	0	0	14	0	0	0	0	0	0	0	0	0	0	0	0	0	0	0	0	0
a6231948ecef79796b82c6a9445c75f0	0	0	0	0	0	0	0	0	0	0	0	0	0	0	0	0	0	0	0	0	0	0	0	0	0	0	0	10	0	0	0	0	0	0	0	0	4	0	0	0	0	0	0	0	0
f4b6d779ad39a212d2135af2762e0b7b	0	0	0	0	0	0	0	0	0	0	0	0	0	0	0	0	0	0	0	0	0	0	0	0	0	0	0	8	6	0	0	0	0	0	0	0	0	0	0	0	0	0	0	0	0
f1a0557d5909243eb74ec02d790d50e5	0	0	0	0	0	0	0	0	0	0	0	0	0	0	0	0	0	0	0	0	0	0	0	0	0	0	0	5	0	0	0	0	0	0	0	0	0	9	0	0	0	0	0	0	0
4c637bc26d36cd68b1f015d5d9619f8d	0	0	0	0	0	0	0	0	0	0	0	0	0	0	0	0	0	0	0	0	0	0	0	0	0	0	0	0	14	0	0	0	0	0	0	0	0	0	0	0	0	0	0	0	0
c293d17a7b399e1f53ced6d1c08e9198	0	0	0	0	0	0	0	0	0	0	0	0	0	0	0	0	0	0	0	0	0	0	0	0	0	0	0	0	0	0	0	0	0	0	0	0	4	10	0	0	0	0	0	0	0
e9c7db5844e33462ff73f94769b32a4f	0	0	0	0	0	0	0	0	0	0	0	0	0	0	0	0	0	0	0	0	0	0	0	0	0	0	0	0	0	0	0	0	0	0	0	0	0	14	0	0	0	0	0	0	0
5ab019d7f9d9ea91d7afce8e62c89402	0	0	0	0	0	0	0	0	0	0	0	0	0	0	0	0	0	0	0	0	0	0	0	0	0	0	0	0	0	0	0	0	0	0	0	0	0	11	0	0	0	0	3	0	0
a1a185ca49411d965c453c2866fd6d72	0	0	0	0	0	0	0	0	0	0	0	0	0	0	0	0	0	0	0	0	0	0	0	0	0	0	0	0	0	0	0	0	0	0	0	0	0	0	0	14	0	0	0	0	0
aac543c041d13037e58da90aa3129a85	0	0	0	0	0	0	0	0	0	0	0	0	0	0	0	0	0	0	0	0	0	0	0	0	0	0	0	0	0	0	0	0	0	0	0	0	0	0	0	14	0	0	0	0	0
8360a3d7eb77955c642459d339e1d733	0	0	0	0	0	0	0	0	0	0	0	0	0	0	0	0	0	0	0	0	0	0	0	0	0	0	0	0	0	0	0	0	0	0	0	0	0	0	0	0	11	3	0	0	0
419363d6c01e0530014c2969b7098bbe	0	0	0	0	0	0	0	0	0	0	0	0	0	0	0	0	0	0	0	0	0	0	0	0	0	0	0	0	0	0	0	0	0	0	0	0	0	0	0	0	5	6	3	0	0
b0409c93864aa7c379d4023f0ba49f63	0	0	0	0	0	0	0	0	0	0	0	0	0	0	0	0	0	0	0	0	0	0	0	0	0	0	0	0	0	0	0	0	0	0	0	0	0	0	0	0	0	14	0	0	0
7e3745303e291bc812ca22e75cc28eef	0	13	0	0	0	0	0	0	0	0	0	0	0	0	0	0	0	0	0	0	0	0	0	0	0	0	0	0	0	0	0	0	0	0	0	0	0	0	0	0	0	0	0	0	0
4d5fb9441f50f1087dc53c29d051e021	0	0	0	0	0	0	13	0	0	0	0	0	0	0	0	0	0	0	0	0	0	0	0	0	0	0	0	0	0	0	0	0	0	0	0	0	0	0	0	0	0	0	0	0	0
8c232459b85fcfd7cc69c5029cf46930	0	0	0	0	0	0	13	0	0	0	0	0	0	0	0	0	0	0	0	0	0	0	0	0	0	0	0	0	0	0	0	0	0	0	0	0	0	0	0	0	0	0	0	0	0
29d47ebb1af1ad9bbd8d2957c3e33a95	0	0	0	0	0	0	0	0	0	0	0	13	0	0	0	0	0	0	0	0	0	0	0	0	0	0	0	0	0	0	0	0	0	0	0	0	0	0	0	0	0	0	0	0	0
66d7f5facb375ebdd097dfa10e369fb7	0	0	0	0	0	0	0	0	0	0	0	0	0	0	0	0	13	0	0	0	0	0	0	0	0	0	0	0	0	0	0	0	0	0	0	0	0	0	0	0	0	0	0	0	0
c0e3ed029a19dbda841f43b5f1245fe1	0	0	0	0	0	0	0	0	0	0	0	0	0	0	0	0	13	0	0	0	0	0	0	0	0	0	0	0	0	0	0	0	0	0	0	0	0	0	0	0	0	0	0	0	0
34e6055b9b55b5bebc51c5be8935cc6f	0	0	0	0	0	0	0	0	0	0	0	0	0	0	0	0	13	0	0	0	0	0	0	0	0	0	0	0	0	0	0	0	0	0	0	0	0	0	0	0	0	0	0	0	0
d70fe89345a00634fd92b01cf3e6fe36	0	0	0	0	0	0	0	0	0	0	0	0	0	0	0	0	13	0	0	0	0	0	0	0	0	0	0	0	0	0	0	0	0	0	0	0	0	0	0	0	0	0	0	0	0
20e6a358496fcd3a4a3a46fc07b760e4	0	0	0	0	0	0	0	0	0	0	0	0	0	0	0	0	13	0	0	0	0	0	0	0	0	0	0	0	0	0	0	0	0	0	0	0	0	0	0	0	0	0	0	0	0
6db97caf47d76368a7f1f04ac81c8e74	0	0	0	0	0	0	0	0	0	0	0	0	0	0	0	0	13	0	0	0	0	0	0	0	0	0	0	0	0	0	0	0	0	0	0	0	0	0	0	0	0	0	0	0	0
3e7cc14dae54e9044585b895822fa4f6	0	0	0	0	0	0	0	0	0	0	0	0	0	0	0	0	13	0	0	0	0	0	0	0	0	0	0	0	0	0	0	0	0	0	0	0	0	0	0	0	0	0	0	0	0
34632b6e9f60b4afc52393eac4cf10f4	0	0	0	0	0	0	0	0	0	0	0	0	0	0	0	0	6	0	0	0	0	0	0	0	0	0	0	0	0	0	0	0	0	0	0	0	0	7	0	0	0	0	0	0	0
ebeeb2d57f2b4a8ec8170a013eca8aa0	0	0	0	0	0	0	0	0	0	0	0	0	0	0	0	0	0	13	0	0	0	0	0	0	0	0	0	0	0	0	0	0	0	0	0	0	0	0	0	0	0	0	0	0	0
055a5442bf5038d6bb08a7f873add900	0	0	0	0	0	0	0	0	0	0	0	0	0	0	0	0	0	4	0	0	0	0	0	0	0	0	0	5	0	2	0	0	0	0	0	0	0	2	0	0	0	0	0	0	0
826c6d3115a29a2c343dafe0330a0673	0	0	0	0	0	0	0	0	0	0	0	0	0	0	0	0	0	0	13	0	0	0	0	0	0	0	0	0	0	0	0	0	0	0	0	0	0	0	0	0	0	0	0	0	0
f9b4b8bf3c0ff318c1870c5ed7d0bef2	0	0	0	0	0	0	0	0	0	0	0	0	0	0	0	0	0	0	7	0	0	0	0	0	0	0	2	0	2	0	0	0	0	0	0	0	0	0	0	0	2	0	0	0	0
341bfb63197c85180e2c0fbfd39acbdd	0	0	0	0	0	0	0	0	0	0	0	0	0	0	0	0	0	0	0	0	0	13	0	0	0	0	0	0	0	0	0	0	0	0	0	0	0	0	0	0	0	0	0	0	0
901135370f9c93d21207a8664918429e	0	0	0	0	0	0	0	0	0	0	0	0	0	0	0	0	0	0	0	0	0	13	0	0	0	0	0	0	0	0	0	0	0	0	0	0	0	0	0	0	0	0	0	0	0
af5622d4802117eb93783141b26041d2	0	0	0	0	0	0	0	0	0	0	0	0	0	0	0	0	0	0	0	0	0	13	0	0	0	0	0	0	0	0	0	0	0	0	0	0	0	0	0	0	0	0	0	0	0
c0f8e1a9578742e0a849fc32c0cdffca	0	0	0	0	0	0	0	0	0	0	0	0	0	0	0	0	0	0	0	0	0	0	13	0	0	0	0	0	0	0	0	0	0	0	0	0	0	0	0	0	0	0	0	0	0
ce810373f108c91a59f90af5a9e40379	0	0	0	0	0	0	0	0	0	0	0	0	0	0	0	0	0	0	0	0	0	0	13	0	0	0	0	0	0	0	0	0	0	0	0	0	0	0	0	0	0	0	0	0	0
ade2af640a577fbbee52bf211bd02fc9	0	0	0	0	0	0	0	0	0	0	0	0	0	0	0	0	0	0	0	0	0	0	13	0	0	0	0	0	0	0	0	0	0	0	0	0	0	0	0	0	0	0	0	0	0
2d6805a84706bc5f10ef23a304dc1cc7	0	0	0	0	0	0	0	0	0	0	0	0	0	0	0	0	0	0	0	0	0	0	13	0	0	0	0	0	0	0	0	0	0	0	0	0	0	0	0	0	0	0	0	0	0
517757aa5b668684b055c2c0b052fdf1	0	0	0	0	0	0	0	0	0	0	0	0	0	0	0	0	0	0	0	0	0	0	13	0	0	0	0	0	0	0	0	0	0	0	0	0	0	0	0	0	0	0	0	0	0
c1bc221e648c1c23807ebf20d49593f3	0	0	0	0	0	0	0	0	0	0	0	0	0	0	0	0	0	0	0	0	0	0	13	0	0	0	0	0	0	0	0	0	0	0	0	0	0	0	0	0	0	0	0	0	0
8544690184a5347584fa30af795f0aab	0	0	0	0	0	0	0	0	0	0	0	0	0	0	0	0	0	0	0	0	0	0	0	0	0	13	0	0	0	0	0	0	0	0	0	0	0	0	0	0	0	0	0	0	0
d5f32fe107853d80b7c0fbbc58f198bf	0	0	0	0	0	0	0	0	0	0	0	0	0	0	0	0	0	0	0	0	0	0	0	0	0	0	13	0	0	0	0	0	0	0	0	0	0	0	0	0	0	0	0	0	0
83e9edda6491f87ae450b3e733ba6ac1	0	0	0	0	0	0	0	0	0	0	0	0	0	0	0	0	0	0	0	0	0	0	0	0	0	0	4	4	0	0	0	0	0	0	0	0	0	5	0	0	0	0	0	0	0
c81b4747ec7a031b8f929fdd32625614	0	0	0	0	0	0	0	0	0	0	0	0	0	0	0	0	0	0	0	0	0	0	0	0	0	0	0	13	0	0	0	0	0	0	0	0	0	0	0	0	0	0	0	0	0
8eecb169af920b62a9f7b60bedb2a609	0	0	0	0	0	0	0	0	0	0	0	0	0	0	0	0	0	0	0	0	0	0	0	0	0	0	0	13	0	0	0	0	0	0	0	0	0	0	0	0	0	0	0	0	0
190f9b79c32b3371531c979465d1f511	0	0	0	0	0	0	0	0	0	0	0	0	0	0	0	0	0	0	0	0	0	0	0	0	0	0	0	8	0	2	0	0	0	0	0	0	0	0	0	0	3	0	0	0	0
22e73048b92bd7a10f37ba5e46dc837c	0	0	0	0	0	0	0	0	0	0	0	0	0	0	0	0	0	0	0	0	0	0	0	0	0	0	0	7	0	0	0	0	0	0	0	0	2	4	0	0	0	0	0	0	0
1d1a7c45f62b44380336be6b63d88950	0	0	0	0	0	0	0	0	0	0	0	0	0	0	0	0	0	0	0	0	0	0	0	0	0	0	0	0	13	0	0	0	0	0	0	0	0	0	0	0	0	0	0	0	0
2e280af36dffabe9c09fe43e0dbe6f92	0	0	0	0	0	0	0	0	0	0	0	0	0	0	0	0	0	0	0	0	0	0	0	0	0	0	0	0	0	0	0	13	0	0	0	0	0	0	0	0	0	0	0	0	0
5bcd69e7e6afaae2c17463a8d00391d0	0	0	0	0	0	0	0	0	0	0	0	0	0	0	0	0	0	0	0	0	0	0	0	0	0	0	0	0	0	0	0	0	2	2	0	2	3	4	0	0	0	0	0	0	0
f7b706e87e3f20156d76487fb74dec9e	0	0	0	0	0	0	0	0	0	0	0	0	0	0	0	0	0	0	0	0	0	0	0	0	0	0	0	0	0	0	0	0	0	0	0	0	0	13	0	0	0	0	0	0	0
9a8a32288173e0c360ae4f6be23a3f8a	0	0	0	0	0	0	0	0	0	0	0	0	0	0	0	0	0	0	0	0	0	0	0	0	0	0	0	0	0	0	0	0	0	0	0	0	0	13	0	0	0	0	0	0	0
a86a20b5dbc8306bf306e8789fd12be2	0	0	0	0	0	0	0	0	0	0	0	0	0	0	0	0	0	0	0	0	0	0	0	0	0	0	0	0	0	0	0	0	0	0	0	0	0	0	0	13	0	0	0	0	0
25d6a601165f439f3d8a613e1cb0599e	0	0	0	0	0	0	0	0	0	0	0	0	0	0	0	0	0	0	0	0	0	0	0	0	0	0	0	0	0	0	0	0	0	0	0	0	0	0	0	13	0	0	0	0	0
db29cd3696d897327e7cf450d69ec92d	0	0	0	0	0	0	0	0	0	0	0	0	0	0	0	0	0	0	0	0	0	0	0	0	0	0	0	0	0	0	0	0	0	0	0	0	0	0	0	0	8	0	0	0	5
0053b58cc444ac6247b40f6a7059e278	0	0	0	0	0	0	0	0	0	0	0	0	0	0	0	0	0	0	0	0	0	0	0	0	0	0	0	0	0	0	0	0	0	0	0	0	0	0	0	0	0	0	13	0	0
d467d0f87431d4da40dc3623aafe5116	0	0	0	0	0	0	0	0	0	0	0	0	0	0	0	0	0	0	0	0	0	0	0	0	0	0	0	0	0	0	0	0	0	0	0	0	0	0	0	0	0	0	10	0	3
63ddd2ab7c7f406336efa726ae1db3ea	0	12	0	0	0	0	0	0	0	0	0	0	0	0	0	0	0	0	0	0	0	0	0	0	0	0	0	0	0	0	0	0	0	0	0	0	0	0	0	0	0	0	0	0	0
e2037416d885a2311c8c68c36f881355	0	0	12	0	0	0	0	0	0	0	0	0	0	0	0	0	0	0	0	0	0	0	0	0	0	0	0	0	0	0	0	0	0	0	0	0	0	0	0	0	0	0	0	0	0
93c75d2be7b5d1872991ba07bf59a2f8	0	0	0	0	12	0	0	0	0	0	0	0	0	0	0	0	0	0	0	0	0	0	0	0	0	0	0	0	0	0	0	0	0	0	0	0	0	0	0	0	0	0	0	0	0
b430c83d8c3d2d7037bbe9d66488b456	0	0	0	0	0	0	0	12	0	0	0	0	0	0	0	0	0	0	0	0	0	0	0	0	0	0	0	0	0	0	0	0	0	0	0	0	0	0	0	0	0	0	0	0	0
b33b6005119eccf44aaf367ec7c88d94	0	0	0	0	0	0	0	0	12	0	0	0	0	0	0	0	0	0	0	0	0	0	0	0	0	0	0	0	0	0	0	0	0	0	0	0	0	0	0	0	0	0	0	0	0
f1ca0d67c9f940eaacaadaf01ec74d22	0	0	0	0	0	0	0	0	0	0	0	0	0	0	0	0	12	0	0	0	0	0	0	0	0	0	0	0	0	0	0	0	0	0	0	0	0	0	0	0	0	0	0	0	0
8625ac49d42a150f37526fbecb93af49	0	0	0	0	0	0	0	0	0	0	0	0	0	0	0	0	12	0	0	0	0	0	0	0	0	0	0	0	0	0	0	0	0	0	0	0	0	0	0	0	0	0	0	0	0
4826ab6424a93b2ad4d0c4122171edb1	0	0	0	0	0	0	0	0	0	0	0	0	0	0	0	0	12	0	0	0	0	0	0	0	0	0	0	0	0	0	0	0	0	0	0	0	0	0	0	0	0	0	0	0	0
c65285e63f1b94cf39fa9f58b53e5716	0	0	0	0	0	0	0	0	0	0	0	0	0	0	0	0	12	0	0	0	0	0	0	0	0	0	0	0	0	0	0	0	0	0	0	0	0	0	0	0	0	0	0	0	0
672c45672e63510b3629bba015f1dae9	0	0	0	0	0	0	0	0	0	0	0	0	0	0	0	0	12	0	0	0	0	0	0	0	0	0	0	0	0	0	0	0	0	0	0	0	0	0	0	0	0	0	0	0	0
26a19473895ed3eb094b848392674f0e	0	0	0	0	0	0	0	0	0	0	0	0	0	0	0	0	4	0	0	0	0	0	0	0	0	0	0	0	0	0	0	0	0	0	0	0	0	8	0	0	0	0	0	0	0
343169194ae2ad8cf627fa144f0fbf8a	0	0	0	0	0	0	0	0	0	0	0	0	0	0	0	0	0	0	0	2	0	0	0	0	0	0	0	2	0	0	0	0	0	0	0	0	0	6	0	0	0	0	0	2	0
a12246ef3e793e51eb07eda3925d4e1e	0	0	0	0	0	0	0	0	0	0	0	0	0	0	0	0	0	0	0	2	0	0	0	0	0	0	0	0	0	0	0	0	0	0	0	0	0	0	0	0	0	3	2	3	2
385884275481134323a58cdf097b7e2a	0	0	0	0	0	0	0	0	0	0	0	0	0	0	0	0	0	0	0	0	0	12	0	0	0	0	0	0	0	0	0	0	0	0	0	0	0	0	0	0	0	0	0	0	0
a87b6bc01bbd3c26a260cd4c6d3ecf6e	0	0	0	0	0	0	0	0	0	0	0	0	0	0	0	0	0	0	0	0	0	12	0	0	0	0	0	0	0	0	0	0	0	0	0	0	0	0	0	0	0	0	0	0	0
5e5b9b9dd1f1a89d9e4f83364f292a9c	0	0	0	0	0	0	0	0	0	0	0	0	0	0	0	0	0	0	0	0	0	0	12	0	0	0	0	0	0	0	0	0	0	0	0	0	0	0	0	0	0	0	0	0	0
d44afe3aacd901f9fe01eaefeedce013	0	0	0	0	0	0	0	0	0	0	0	0	0	0	0	0	0	0	0	0	0	0	12	0	0	0	0	0	0	0	0	0	0	0	0	0	0	0	0	0	0	0	0	0	0
6b212cd3e8f21977c9aca566c717cfad	0	0	0	0	0	0	0	0	0	0	0	0	0	0	0	0	0	0	0	0	0	0	12	0	0	0	0	0	0	0	0	0	0	0	0	0	0	0	0	0	0	0	0	0	0
e3c25086371140f0545a73840640c88d	0	0	0	0	0	0	0	0	0	0	0	0	0	0	0	0	0	0	0	0	0	0	12	0	0	0	0	0	0	0	0	0	0	0	0	0	0	0	0	0	0	0	0	0	0
d779301fc86cbb58e6eb9178cfef9345	0	0	0	0	0	0	0	0	0	0	0	0	0	0	0	0	0	0	0	0	0	0	12	0	0	0	0	0	0	0	0	0	0	0	0	0	0	0	0	0	0	0	0	0	0
8ab9701f03b05da30108a27b0dda4999	0	0	0	0	0	0	0	0	0	0	0	0	0	0	0	0	0	0	0	0	0	0	12	0	0	0	0	0	0	0	0	0	0	0	0	0	0	0	0	0	0	0	0	0	0
9c186fd3569604361ee06c69a41e7232	0	0	0	0	0	0	0	0	0	0	0	0	0	0	0	0	0	0	0	0	0	0	0	0	0	0	4	0	0	0	0	0	0	0	0	0	0	0	0	0	0	4	4	0	0
89b78827c21177281f17dbf3bfd00713	0	0	0	0	0	0	0	0	0	0	0	0	0	0	0	0	0	0	0	0	0	0	0	0	0	0	0	12	0	0	0	0	0	0	0	0	0	0	0	0	0	0	0	0	0
189c5f36e3dc68b6f84013d4c10586a0	0	0	0	0	0	0	0	0	0	0	0	0	0	0	0	0	0	0	0	0	0	0	0	0	0	0	0	12	0	0	0	0	0	0	0	0	0	0	0	0	0	0	0	0	0
135e4e7fbef9358d547d658028304eea	0	0	0	0	0	0	0	0	0	0	0	0	0	0	0	0	0	0	0	0	0	0	0	0	0	0	0	5	0	0	0	0	0	0	0	0	0	0	0	0	0	7	0	0	0
9ee4a4d6339d72a53f7e4e29099f84bf	0	0	0	0	0	0	0	0	0	0	0	0	0	0	0	0	0	0	0	0	0	0	0	0	0	0	0	4	0	0	0	0	0	0	0	0	0	8	0	0	0	0	0	0	0
b7e4a9b44f2ae6fa0ce027befd741413	0	0	0	0	0	0	0	0	0	0	0	0	0	0	0	0	0	0	0	0	0	0	0	0	0	0	0	0	12	0	0	0	0	0	0	0	0	0	0	0	0	0	0	0	0
2635960b19ea74203405637b958f3384	0	0	0	0	0	0	0	0	0	0	0	0	0	0	0	0	0	0	0	0	0	0	0	0	0	0	0	0	0	0	0	0	0	6	3	3	0	0	0	0	0	0	0	0	0
db9223562133d336870abf26e7a7a7c7	0	0	0	0	0	0	0	0	0	0	0	0	0	0	0	0	0	0	0	0	0	0	0	0	0	0	0	0	0	0	0	0	0	0	0	0	0	12	0	0	0	0	0	0	0
0d38d68166736097e5fdec1fe3e6891f	0	0	0	0	0	0	0	0	0	0	0	0	0	0	0	0	0	0	0	0	0	0	0	0	0	0	0	0	0	0	0	0	0	0	0	0	0	12	0	0	0	0	0	0	0
e02ac8e8424d58f3afa58d8aa270902b	0	0	0	0	0	0	0	0	0	0	0	0	0	0	0	0	0	0	0	0	0	0	0	0	0	0	0	0	0	0	0	0	0	0	0	0	0	12	0	0	0	0	0	0	0
55b3db2c10f66705b3865ab12505e118	0	0	0	0	0	0	0	0	0	0	0	0	0	0	0	0	0	0	0	0	0	0	0	0	0	0	0	0	0	0	0	0	0	0	0	0	0	0	0	12	0	0	0	0	0
c0104de0f4cba471eace0265cc6ebded	0	0	0	0	0	0	0	0	0	0	0	0	0	0	0	0	0	0	0	0	0	0	0	0	0	0	0	0	0	0	0	0	0	0	0	0	0	0	0	0	5	4	0	0	3
0813150eb6153b0862621d6f3c15d583	0	0	0	0	0	0	0	0	0	0	0	0	0	0	0	0	0	0	0	0	0	0	0	0	0	0	0	0	0	0	0	0	0	0	0	0	0	0	0	0	5	4	0	0	3
05148d28c06485493d541c728a4671fb	0	0	0	0	0	0	0	0	0	0	0	0	0	0	0	0	0	0	0	0	0	0	0	0	0	0	0	0	0	0	0	0	0	0	0	0	0	0	0	0	0	12	0	0	0
ea8942a35007de6c81f6980c4e5fe915	0	0	0	0	0	0	0	0	0	0	0	0	0	0	0	0	0	0	0	0	0	0	0	0	0	0	0	0	0	0	0	0	0	0	0	0	0	0	0	0	0	0	12	0	0
c7a517511fbdb0e7cb95fba8088282b0	0	0	0	0	11	0	0	0	0	0	0	0	0	0	0	0	0	0	0	0	0	0	0	0	0	0	0	0	0	0	0	0	0	0	0	0	0	0	0	0	0	0	0	0	0
8e249e9accf4c6113ee142eae9879572	0	0	0	0	0	0	0	11	0	0	0	0	0	0	0	0	0	0	0	0	0	0	0	0	0	0	0	0	0	0	0	0	0	0	0	0	0	0	0	0	0	0	0	0	0
ee7eaf4b48cd7ae7e77641ff6ff0f50b	0	0	0	0	0	0	0	0	11	0	0	0	0	0	0	0	0	0	0	0	0	0	0	0	0	0	0	0	0	0	0	0	0	0	0	0	0	0	0	0	0	0	0	0	0
6f0696953437418b0faf097548f851a8	0	0	0	0	0	0	0	0	4	0	0	0	0	0	0	0	0	0	0	0	0	0	0	0	0	0	0	0	0	4	0	0	0	0	0	0	0	3	0	0	0	0	0	0	0
820ec4f8484959cc6fab3ba79fa9adbd	0	0	0	0	0	0	0	0	0	0	0	0	0	0	0	0	11	0	0	0	0	0	0	0	0	0	0	0	0	0	0	0	0	0	0	0	0	0	0	0	0	0	0	0	0
8f7f987e3ead138b0c93476148c7ff39	0	0	0	0	0	0	0	0	0	0	0	0	0	0	0	0	11	0	0	0	0	0	0	0	0	0	0	0	0	0	0	0	0	0	0	0	0	0	0	0	0	0	0	0	0
3f36ef75ee1db6c79c89c519e8505cb5	0	0	0	0	0	0	0	0	0	0	0	0	0	0	0	0	11	0	0	0	0	0	0	0	0	0	0	0	0	0	0	0	0	0	0	0	0	0	0	0	0	0	0	0	0
8e19a4ce4dc52a6dcd78e3fa607497b4	0	0	0	0	0	0	0	0	0	0	0	0	0	0	0	0	9	0	0	0	0	0	0	0	0	0	0	0	0	0	0	0	0	0	0	0	0	0	0	0	0	0	0	2	0
5f2d6614e3bfed1f711c4896855dcb03	0	0	0	0	0	0	0	0	0	0	0	0	0	0	0	0	9	0	0	0	0	0	0	0	0	0	0	2	0	0	0	0	0	0	0	0	0	0	0	0	0	0	0	0	0
2440ce4fe7a2765e4f6a102c5e1be9d7	0	0	0	0	0	0	0	0	0	0	0	0	0	0	0	0	6	0	5	0	0	0	0	0	0	0	0	0	0	0	0	0	0	0	0	0	0	0	0	0	0	0	0	0	0
a73079b7f64b812067ed4cc6b9c12aec	0	0	0	0	0	0	0	0	0	0	0	0	0	0	0	0	6	0	0	0	0	0	0	0	0	0	0	0	0	0	0	0	0	0	0	0	0	3	0	0	0	0	2	0	0
45989edb59f0e9995a5c821dcb2c7746	0	0	0	0	0	0	0	0	0	0	0	0	0	0	0	0	4	3	4	0	0	0	0	0	0	0	0	0	0	0	0	0	0	0	0	0	0	0	0	0	0	0	0	0	0
26a2b2dff44eab86a69ddaf9834232b5	0	0	0	0	0	0	0	0	0	0	0	0	0	0	0	0	0	0	6	5	0	0	0	0	0	0	0	0	0	0	0	0	0	0	0	0	0	0	0	0	0	0	0	0	0
ee573a5e99a1577f30bf6ef94a3a98ce	0	0	0	0	0	0	0	0	0	0	0	0	0	0	0	0	0	0	4	0	0	0	0	0	0	0	0	0	0	0	0	0	0	0	0	0	0	7	0	0	0	0	0	0	0
1b1c3faf7439318746729ab72a1a7dd9	0	0	0	0	0	0	0	0	0	0	0	0	0	0	0	0	0	0	0	0	0	11	0	0	0	0	0	0	0	0	0	0	0	0	0	0	0	0	0	0	0	0	0	0	0
3f60625676197dc17b6fbaeaa96db2a8	0	0	0	0	0	0	0	0	0	0	0	0	0	0	0	0	0	0	0	0	0	11	0	0	0	0	0	0	0	0	0	0	0	0	0	0	0	0	0	0	0	0	0	0	0
819b7b6b6219c6ab53bddf8a90bdfea7	0	0	0	0	0	0	0	0	0	0	0	0	0	0	0	0	0	0	0	0	0	11	0	0	0	0	0	0	0	0	0	0	0	0	0	0	0	0	0	0	0	0	0	0	0
f7bfd41132d9df69e2ad201aa8f5be11	0	0	0	0	0	0	0	0	0	0	0	0	0	0	0	0	0	0	0	0	0	0	11	0	0	0	0	0	0	0	0	0	0	0	0	0	0	0	0	0	0	0	0	0	0
a9b74ca00f5de193f6fca22bc2a23814	0	0	0	0	0	0	0	0	0	0	0	0	0	0	0	0	0	0	0	0	0	0	11	0	0	0	0	0	0	0	0	0	0	0	0	0	0	0	0	0	0	0	0	0	0
49552c834b13822f49798b3b75d73588	0	0	0	0	0	0	0	0	0	0	0	0	0	0	0	0	0	0	0	0	0	0	11	0	0	0	0	0	0	0	0	0	0	0	0	0	0	0	0	0	0	0	0	0	0
e9a905a720a493004fc2d6a2032297a7	0	0	0	0	0	0	0	0	0	0	0	0	0	0	0	0	0	0	0	0	0	0	0	0	11	0	0	0	0	0	0	0	0	0	0	0	0	0	0	0	0	0	0	0	0
a647b14724ed1b594389bfe30bb806f3	0	0	0	0	0	0	0	0	0	0	0	0	0	0	0	0	0	0	0	0	0	0	0	0	0	0	11	0	0	0	0	0	0	0	0	0	0	0	0	0	0	0	0	0	0
1f1348c778dd6e19745fe760e96dd9e3	0	0	0	0	0	0	0	0	0	0	0	0	0	0	0	0	0	0	0	0	0	0	0	0	0	0	3	0	0	0	0	0	0	0	0	0	0	0	0	0	3	0	0	0	5
bd10466f4905063331b9e5a90eccc81e	0	0	0	0	0	0	0	0	0	0	0	0	0	0	0	0	0	0	0	0	0	0	0	0	0	0	0	11	0	0	0	0	0	0	0	0	0	0	0	0	0	0	0	0	0
07ce36641fba3d5f4853c06f66cd0862	0	0	0	0	0	0	0	0	0	0	0	0	0	0	0	0	0	0	0	0	0	0	0	0	0	0	0	11	0	0	0	0	0	0	0	0	0	0	0	0	0	0	0	0	0
2d110bac02aef3252a9db54fce6866dd	0	0	0	0	0	0	0	0	0	0	0	0	0	0	0	0	0	0	0	0	0	0	0	0	0	0	0	8	3	0	0	0	0	0	0	0	0	0	0	0	0	0	0	0	0
78e9f0316b406c2d8f6a9a6240adb074	0	0	0	0	0	0	0	0	0	0	0	0	0	0	0	0	0	0	0	0	0	0	0	0	0	0	0	8	0	0	0	0	0	0	0	0	0	0	0	3	0	0	0	0	0
d068f07c623a77437fde635c5d231bdb	0	0	0	0	0	0	0	0	0	0	0	0	0	0	0	0	0	0	0	0	0	0	0	0	0	0	0	7	0	0	0	0	0	0	0	0	0	4	0	0	0	0	0	0	0
784d3fbb839d9c1289afab1fd48d5f96	0	0	0	0	0	0	0	0	0	0	0	0	0	0	0	0	0	0	0	0	0	0	0	0	0	0	0	6	0	0	0	0	0	0	0	0	0	5	0	0	0	0	0	0	0
622bac5ec89c2a96350d6a84d7edbdbb	0	0	0	0	0	0	0	0	0	0	0	0	0	0	0	0	0	0	0	0	0	0	0	0	0	0	0	0	0	0	0	0	0	0	11	0	0	0	0	0	0	0	0	0	0
95e1f779b0fb65779ad7dee1061891fd	0	0	0	0	0	0	0	0	0	0	0	0	0	0	0	0	0	0	0	0	0	0	0	0	0	0	0	0	0	0	0	0	0	0	0	0	0	11	0	0	0	0	0	0	0
d01100915ed06031de6c93b126ae1b5a	0	0	0	0	0	0	0	0	0	0	0	0	0	0	0	0	0	0	0	0	0	0	0	0	0	0	0	0	0	0	0	0	0	0	0	0	0	11	0	0	0	0	0	0	0
0ecc6b92221ba56f0d2496045053625d	0	0	0	0	0	0	0	0	0	0	0	0	0	0	0	0	0	0	0	0	0	0	0	0	0	0	0	0	0	0	0	0	0	0	0	0	0	11	0	0	0	0	0	0	0
d8ab3c0181b7af9ed2e56c7c4b39fc4c	0	0	0	0	0	0	0	0	0	0	0	0	0	0	0	0	0	0	0	0	0	0	0	0	0	0	0	0	0	0	0	0	0	0	0	0	0	5	0	0	0	2	0	4	0
e5c1113b7dcd41a201e563a75358f334	0	0	0	0	0	0	0	0	0	0	0	0	0	0	0	0	0	0	0	0	0	0	0	0	0	0	0	0	0	0	0	0	0	0	0	0	0	0	0	11	0	0	0	0	0
8c52302029e195ad60ecc98f1658d415	0	0	0	0	0	0	0	0	0	0	0	0	0	0	0	0	0	0	0	0	0	0	0	0	0	0	0	0	0	0	0	0	0	0	0	0	0	0	0	0	11	0	0	0	0
e592f13d758297a68035845c33e562d9	0	0	0	0	0	0	0	0	0	0	0	0	0	0	0	0	0	0	0	0	0	0	0	0	0	0	0	0	0	0	0	0	0	0	0	0	0	0	0	0	0	7	0	4	0
178a48b737345172c1590b76daf445c3	0	0	0	0	0	0	0	0	0	0	0	0	0	0	0	0	0	0	0	0	0	0	0	0	0	0	0	0	0	0	0	0	0	0	0	0	0	0	0	0	0	6	5	0	0
25112b74b42403867e4cf2a089f046d3	0	0	0	0	0	0	0	0	0	0	0	0	0	0	0	0	0	0	0	0	0	0	0	0	0	0	0	0	0	0	0	0	0	0	0	0	0	0	0	0	0	0	0	0	11
da9ea017cb55478a962ed966a4b6d25d	0	0	0	0	10	0	0	0	0	0	0	0	0	0	0	0	0	0	0	0	0	0	0	0	0	0	0	0	0	0	0	0	0	0	0	0	0	0	0	0	0	0	0	0	0
726ae1a5c503f6476a341d369e980891	0	0	0	0	0	0	0	0	0	10	0	0	0	0	0	0	0	0	0	0	0	0	0	0	0	0	0	0	0	0	0	0	0	0	0	0	0	0	0	0	0	0	0	0	0
875eb4717945f89ffa4b471a7a23d02a	0	0	0	0	0	0	0	0	0	10	0	0	0	0	0	0	0	0	0	0	0	0	0	0	0	0	0	0	0	0	0	0	0	0	0	0	0	0	0	0	0	0	0	0	0
409f711b59152d57926cf444c5577087	0	0	0	0	0	0	0	0	0	0	0	0	10	0	0	0	0	0	0	0	0	0	0	0	0	0	0	0	0	0	0	0	0	0	0	0	0	0	0	0	0	0	0	0	0
fc06aaac995c6da99b6739c479157902	0	0	0	0	0	0	0	0	0	0	0	0	0	0	10	0	0	0	0	0	0	0	0	0	0	0	0	0	0	0	0	0	0	0	0	0	0	0	0	0	0	0	0	0	0
7e702eb7c8263d4dfe0f6ebf6e6c7c56	0	0	0	0	0	0	0	0	0	0	0	0	0	0	0	0	10	0	0	0	0	0	0	0	0	0	0	0	0	0	0	0	0	0	0	0	0	0	0	0	0	0	0	0	0
f4fd75625e7f0b0cd22f01b24b7d88e0	0	0	0	0	0	0	0	0	0	0	0	0	0	0	0	0	10	0	0	0	0	0	0	0	0	0	0	0	0	0	0	0	0	0	0	0	0	0	0	0	0	0	0	0	0
0ed67990cb12992b65571947e9435127	0	0	0	0	0	0	0	0	0	0	0	0	0	0	0	0	7	0	0	0	0	0	0	0	0	0	0	0	0	0	0	0	0	0	0	0	0	3	0	0	0	0	0	0	0
5036f5f54815165f41291d287acb33d6	0	0	0	0	0	0	0	0	0	0	0	0	0	0	0	0	7	0	0	0	0	0	0	0	0	0	0	0	0	0	0	0	0	0	0	0	0	0	0	0	0	3	0	0	0
61307173e526c94a348ee3bfa81f49a8	0	0	0	0	0	0	0	0	0	0	0	0	0	0	0	0	6	0	0	0	0	0	0	0	0	0	0	0	0	0	0	0	0	0	0	0	0	0	0	0	0	0	4	0	0
edec582b2393a165b344f014dea5b7f4	0	0	0	0	0	0	0	0	0	0	0	0	0	0	0	0	6	0	0	0	0	0	0	0	0	0	0	0	0	0	0	0	0	0	0	0	0	4	0	0	0	0	0	0	0
9afb0663f6ad22f305d843a3f7e97ed5	0	0	0	0	0	0	0	0	0	0	0	0	0	0	0	0	6	0	0	0	0	0	0	0	0	0	0	0	0	0	0	0	0	0	0	0	0	0	0	0	0	0	2	0	2
a1b728f5cb7f01a1e96d405b057a08ee	0	0	0	0	0	0	0	0	0	0	0	0	0	0	0	0	4	6	0	0	0	0	0	0	0	0	0	0	0	0	0	0	0	0	0	0	0	0	0	0	0	0	0	0	0
6e205e125d2bf93b23d9c902b8609352	0	0	0	0	0	0	0	0	0	0	0	0	0	0	0	0	4	0	0	0	0	0	0	0	0	0	0	0	2	0	0	0	0	0	0	0	0	4	0	0	0	0	0	0	0
d2dc6fea888e85b0df515249c5b3adc2	0	0	0	0	0	0	0	0	0	0	0	0	0	0	0	0	0	10	0	0	0	0	0	0	0	0	0	0	0	0	0	0	0	0	0	0	0	0	0	0	0	0	0	0	0
d133593af02d1563a890cb0381a562f0	0	0	0	0	0	0	0	0	0	0	0	0	0	0	0	0	0	10	0	0	0	0	0	0	0	0	0	0	0	0	0	0	0	0	0	0	0	0	0	0	0	0	0	0	0
5d8eec9e9a53cb28e300407cbf100cfa	0	0	0	0	0	0	0	0	0	0	0	0	0	0	0	0	0	0	0	4	3	0	0	0	0	0	0	0	0	0	0	0	0	0	0	0	0	0	0	0	0	3	0	0	0
558a972e571b54c74ed456b6cc683c32	0	0	0	0	0	0	0	0	0	0	0	0	0	0	0	0	0	0	0	0	0	10	0	0	0	0	0	0	0	0	0	0	0	0	0	0	0	0	0	0	0	0	0	0	0
cf716a75d77abe9a5269af052e6cdd1d	0	0	0	0	0	0	0	0	0	0	0	0	0	0	0	0	0	0	0	0	0	10	0	0	0	0	0	0	0	0	0	0	0	0	0	0	0	0	0	0	0	0	0	0	0
f4ac4a9001e80fd23f459dffa2eae988	0	0	0	0	0	0	0	0	0	0	0	0	0	0	0	0	0	0	0	0	0	0	10	0	0	0	0	0	0	0	0	0	0	0	0	0	0	0	0	0	0	0	0	0	0
a83ae827c414ff3876b28693b43242e1	0	0	0	0	0	0	0	0	0	0	0	0	0	0	0	0	0	0	0	0	0	0	10	0	0	0	0	0	0	0	0	0	0	0	0	0	0	0	0	0	0	0	0	0	0
97a4371f4a9d5ec1bff673d5a97f04e6	0	0	0	0	0	0	0	0	0	0	0	0	0	0	0	0	0	0	0	0	0	0	0	0	0	0	10	0	0	0	0	0	0	0	0	0	0	0	0	0	0	0	0	0	0
86d6108b832deff96cacd7a5a4e9b42a	0	0	0	0	0	0	0	0	0	0	0	0	0	0	0	0	0	0	0	0	0	0	0	0	0	0	10	0	0	0	0	0	0	0	0	0	0	0	0	0	0	0	0	0	0
0c5a45cc4a20f32a172093c02c4df5c7	0	0	0	0	0	0	0	0	0	0	0	0	0	0	0	0	0	0	0	0	0	0	0	0	0	0	1	7	0	0	0	0	0	0	0	0	0	0	0	0	2	0	0	0	0
8af04af54668e77b725eb94c5619bdde	0	0	0	0	0	0	0	0	0	0	0	0	0	0	0	0	0	0	0	0	0	0	0	0	0	0	0	10	0	0	0	0	0	0	0	0	0	0	0	0	0	0	0	0	0
c6c857069445f7a45834afa347d0d86e	0	0	0	0	0	0	0	0	0	0	0	0	0	0	0	0	0	0	0	0	0	0	0	0	0	0	0	10	0	0	0	0	0	0	0	0	0	0	0	0	0	0	0	0	0
066e280949e94e561264313b01376c99	0	0	0	0	0	0	0	0	0	0	0	0	0	0	0	0	0	0	0	0	0	0	0	0	0	0	0	10	0	0	0	0	0	0	0	0	0	0	0	0	0	0	0	0	0
2fc4d1816e497ebf1929bbe07f0d4e6b	0	0	0	0	0	0	0	0	0	0	0	0	0	0	0	0	0	0	0	0	0	0	0	0	0	0	0	10	0	0	0	0	0	0	0	0	0	0	0	0	0	0	0	0	0
fd4503f1146703c6d59f88665f0d40af	0	0	0	0	0	0	0	0	0	0	0	0	0	0	0	0	0	0	0	0	0	0	0	0	0	0	0	6	0	0	0	0	0	0	0	0	0	4	0	0	0	0	0	0	0
6e974d60b9c2eba77089a04646d3b698	0	0	0	0	0	0	0	0	0	0	0	0	0	0	0	0	0	0	0	0	0	0	0	0	0	0	0	5	0	0	0	0	0	0	0	0	0	5	0	0	0	0	0	0	0
8b93313390ac1faf0a4ac3ff9533e9b5	0	0	0	0	0	0	0	0	0	0	0	0	0	0	0	0	0	0	0	0	0	0	0	0	0	0	0	5	0	0	0	0	0	0	0	0	0	5	0	0	0	0	0	0	0
f8ffd8a423646650ba85ef2082cbed17	0	0	0	0	0	0	0	0	0	0	0	0	0	0	0	0	0	0	0	0	0	0	0	0	0	0	0	5	0	0	0	0	0	0	0	0	0	5	0	0	0	0	0	0	0
5dd2e702b29c9858bf823d94ac07e722	0	0	0	0	0	0	0	0	0	0	0	0	0	0	0	0	0	0	0	0	0	0	0	0	0	0	0	4	4	2	0	0	0	0	0	0	0	0	0	0	0	0	0	0	0
4e5a8d5dc789be4008c1e5a2eb7e53c7	0	0	0	0	0	0	0	0	0	0	0	0	0	0	0	0	0	0	0	0	0	0	0	0	0	0	0	2	0	0	0	0	0	0	0	0	0	0	0	0	3	4	0	1	0
4d0732d08e46c4495ba014d595978695	0	0	0	0	0	0	0	0	0	0	0	0	0	0	0	0	0	0	0	0	0	0	0	0	0	0	0	0	0	4	0	0	0	0	0	0	0	0	0	0	6	0	0	0	0
324a06761d1a7dc6256aac16dce404c1	0	0	0	0	0	0	0	0	0	0	0	0	0	0	0	0	0	0	0	0	0	0	0	0	0	0	0	0	0	0	10	0	0	0	0	0	0	0	0	0	0	0	0	0	0
2ac71a21634d068d1ee3b67faa3773dc	0	0	0	0	0	0	0	0	0	0	0	0	0	0	0	0	0	0	0	0	0	0	0	0	0	0	0	0	0	0	0	0	0	10	0	0	0	0	0	0	0	0	0	0	0
57741c76c0ab8d0c6b4d490d1aa7c86c	0	0	0	0	0	0	0	0	0	0	0	0	0	0	0	0	0	0	0	0	0	0	0	0	0	0	0	0	0	0	0	0	0	0	0	0	4	6	0	0	0	0	0	0	0
67763090d2c61979d7ba2ecf0b68618c	0	0	0	0	0	0	0	0	0	0	0	0	0	0	0	0	0	0	0	0	0	0	0	0	0	0	0	0	0	0	0	0	0	0	0	0	0	10	0	0	0	0	0	0	0
60672185a44436b3d56f4d754c3c9401	0	0	0	0	0	0	0	0	0	0	0	0	0	0	0	0	0	0	0	0	0	0	0	0	0	0	0	0	0	0	0	0	0	0	0	0	0	10	0	0	0	0	0	0	0
7127de0d3644ef42f29e6889b5ab21ca	0	0	0	0	0	0	0	0	0	0	0	0	0	0	0	0	0	0	0	0	0	0	0	0	0	0	0	0	0	0	0	0	0	0	0	0	0	10	0	0	0	0	0	0	0
33f6e101e6d19183ccfc21db5a58c3b4	0	9	0	0	0	0	0	0	0	0	0	0	0	0	0	0	0	0	0	0	0	0	0	0	0	0	0	0	0	0	0	0	0	0	0	0	0	0	0	0	0	0	0	0	0
044faa03b311aa9530a8eeed2c568f27	0	0	0	0	9	0	0	0	0	0	0	0	0	0	0	0	0	0	0	0	0	0	0	0	0	0	0	0	0	0	0	0	0	0	0	0	0	0	0	0	0	0	0	0	0
02d724a11218b6326ba1feeb95deb73c	0	0	0	0	0	9	0	0	0	0	0	0	0	0	0	0	0	0	0	0	0	0	0	0	0	0	0	0	0	0	0	0	0	0	0	0	0	0	0	0	0	0	0	0	0
1d27d00635e74d6be09f97e7d4978712	0	0	0	0	0	0	9	0	0	0	0	0	0	0	0	0	0	0	0	0	0	0	0	0	0	0	0	0	0	0	0	0	0	0	0	0	0	0	0	0	0	0	0	0	0
2bf62b8f104cea4e55508d7509b6a5a8	0	0	0	0	0	0	0	0	0	9	0	0	0	0	0	0	0	0	0	0	0	0	0	0	0	0	0	0	0	0	0	0	0	0	0	0	0	0	0	0	0	0	0	0	0
8c346b3fac6d07017ead998035914b88	0	0	0	0	0	0	0	0	0	0	0	0	9	0	0	0	0	0	0	0	0	0	0	0	0	0	0	0	0	0	0	0	0	0	0	0	0	0	0	0	0	0	0	0	0
fbf0d45a44ff3ac82551b514b3efe3ce	0	0	0	0	0	0	0	0	0	0	0	0	0	0	0	0	9	0	0	0	0	0	0	0	0	0	0	0	0	0	0	0	0	0	0	0	0	0	0	0	0	0	0	0	0
cd70ae346d94c2d60f3db5a97b290be7	0	0	0	0	0	0	0	0	0	0	0	0	0	0	0	0	9	0	0	0	0	0	0	0	0	0	0	0	0	0	0	0	0	0	0	0	0	0	0	0	0	0	0	0	0
d99cf789ae6af6ebab718d8800a5e1b4	0	0	0	0	0	0	0	0	0	0	0	0	0	0	0	0	9	0	0	0	0	0	0	0	0	0	0	0	0	0	0	0	0	0	0	0	0	0	0	0	0	0	0	0	0
4116cd76be0be71dc3cf5236dfcd0801	0	0	0	0	0	0	0	0	0	0	0	0	0	0	0	0	9	0	0	0	0	0	0	0	0	0	0	0	0	0	0	0	0	0	0	0	0	0	0	0	0	0	0	0	0
bd0f9775d98741bba1cc06836fbdce04	0	0	0	0	0	0	0	0	0	0	0	0	0	0	0	0	9	0	0	0	0	0	0	0	0	0	0	0	0	0	0	0	0	0	0	0	0	0	0	0	0	0	0	0	0
040a2ca189997aab3d03b3b34fced820	0	0	0	0	0	0	0	0	0	0	0	0	0	0	0	0	9	0	0	0	0	0	0	0	0	0	0	0	0	0	0	0	0	0	0	0	0	0	0	0	0	0	0	0	0
2e7ceaceb59cebbd08600641101027d2	0	0	0	0	0	0	0	0	0	0	0	0	0	0	0	0	7	2	0	0	0	0	0	0	0	0	0	0	0	0	0	0	0	0	0	0	0	0	0	0	0	0	0	0	0
8edcff1f3a6fb40e9ae6332ba24c8d98	0	0	0	0	0	0	0	0	0	0	0	0	0	0	0	0	6	0	0	0	0	0	0	0	0	0	0	0	0	0	0	0	0	0	0	0	0	2	0	0	1	0	0	0	0
459c928e46c89ec32380f2df32681917	0	0	0	0	0	0	0	0	0	0	0	0	0	0	0	0	6	0	0	0	0	0	0	0	0	0	0	3	0	0	0	0	0	0	0	0	0	0	0	0	0	0	0	0	0
684c62bcb1ee227c34b0ad009a169863	0	0	0	0	0	0	0	0	0	0	0	0	0	0	0	0	5	0	0	2	0	0	0	0	0	0	0	0	0	0	0	0	0	0	0	0	0	0	0	0	0	0	0	0	2
50cda2a74b5abe3fb974caab08c9751c	0	0	0	0	0	0	0	0	0	0	0	0	0	0	0	0	5	0	0	0	0	0	0	0	0	0	0	4	0	0	0	0	0	0	0	0	0	0	0	0	0	0	0	0	0
9fbfacb1a15158fcef77320e39f5402a	0	0	0	0	0	0	0	0	0	0	0	0	0	0	0	0	4	0	0	0	0	0	0	0	0	0	0	0	0	0	0	0	0	0	0	0	0	0	0	0	0	0	5	0	0
ded243093f2973e1cd3751d1cba2f855	0	0	0	0	0	0	0	0	0	0	0	0	0	0	0	0	3	0	0	0	0	0	0	0	0	0	2	0	0	0	0	0	0	0	0	0	0	4	0	0	0	0	0	0	0
9afed9fc854d8541b9487145c16e29c9	0	0	0	0	0	0	0	0	0	0	0	0	0	0	0	0	0	9	0	0	0	0	0	0	0	0	0	0	0	0	0	0	0	0	0	0	0	0	0	0	0	0	0	0	0
a641ee0179af932b5b89517de9106967	0	0	0	0	0	0	0	0	0	0	0	0	0	0	0	0	0	0	3	0	0	0	0	0	0	0	0	0	0	0	0	0	0	0	0	0	0	6	0	0	0	0	0	0	0
d47f4954e2dd2324e373c638b0e996f3	0	0	0	0	0	0	0	0	0	0	0	0	0	0	0	0	0	0	0	0	0	0	9	0	0	0	0	0	0	0	0	0	0	0	0	0	0	0	0	0	0	0	0	0	0
c9f5cf1d90a869998ead8e80f4bf87c4	0	0	0	0	0	0	0	0	0	0	0	0	0	0	0	0	0	0	0	0	0	0	9	0	0	0	0	0	0	0	0	0	0	0	0	0	0	0	0	0	0	0	0	0	0
74232cfbfac9c4a7dfa405be9ee9ec57	0	0	0	0	0	0	0	0	0	0	0	0	0	0	0	0	0	0	0	0	0	0	0	9	0	0	0	0	0	0	0	0	0	0	0	0	0	0	0	0	0	0	0	0	0
6c4bfaacb53058c71dccce0df1468416	0	0	0	0	0	0	0	0	0	0	0	0	0	0	0	0	0	0	0	0	0	0	0	0	0	0	9	0	0	0	0	0	0	0	0	0	0	0	0	0	0	0	0	0	0
9328198a5e9933d8ef9357b30c09dd96	0	0	0	0	0	0	0	0	0	0	0	0	0	0	0	0	0	0	0	0	0	0	0	0	0	0	0	9	0	0	0	0	0	0	0	0	0	0	0	0	0	0	0	0	0
7dd1597e37f0dc54acd3272c42af33ef	0	0	0	0	0	0	0	0	0	0	0	0	0	0	0	0	0	0	0	0	0	0	0	0	0	0	0	9	0	0	0	0	0	0	0	0	0	0	0	0	0	0	0	0	0
7732a2291102de7034ca1df2e85fbabd	0	0	0	0	0	0	0	0	0	0	0	0	0	0	0	0	0	0	0	0	0	0	0	0	0	0	0	9	0	0	0	0	0	0	0	0	0	0	0	0	0	0	0	0	0
fa8b02c8f7733920c8cdc9dbf4ec390a	0	0	0	0	0	0	0	0	0	0	0	0	0	0	0	0	0	0	0	0	0	0	0	0	0	0	0	9	0	0	0	0	0	0	0	0	0	0	0	0	0	0	0	0	0
2ed5742c75fcc0e7e8bc3572e1da159d	0	0	0	0	0	0	0	0	0	0	0	0	0	0	0	0	0	0	0	0	0	0	0	0	0	0	0	9	0	0	0	0	0	0	0	0	0	0	0	0	0	0	0	0	0
d1e97467005b9f6f5398d082006558d3	0	0	0	0	0	0	0	0	0	0	0	0	0	0	0	0	0	0	0	0	0	0	0	0	0	0	0	2	0	0	0	0	0	0	0	0	0	7	0	0	0	0	0	0	0
b9844f6c19f532212ff88ee7583c0ee2	0	0	0	0	0	0	0	0	0	0	0	0	0	0	0	0	0	0	0	0	0	0	0	0	0	0	0	2	0	0	0	0	0	0	0	0	0	4	0	0	0	0	3	0	0
dcca15a3fc50ac3eca18698e6f5e9b9b	0	0	0	0	0	0	0	0	0	0	0	0	0	0	0	0	0	0	0	0	0	0	0	0	0	0	0	0	0	0	3	0	0	0	0	0	0	6	0	0	0	0	0	0	0
d3ab81dda95de1c1c831e831928afca2	0	0	0	0	0	0	0	0	0	0	0	0	0	0	0	0	0	0	0	0	0	0	0	0	0	0	0	0	0	0	0	5	0	0	0	0	0	4	0	0	0	0	0	0	0
c1a0aa6ce8e65e15ae43e48ad26babce	0	0	0	0	0	0	0	0	0	0	0	0	0	0	0	0	0	0	0	0	0	0	0	0	0	0	0	0	0	0	0	0	9	0	0	0	0	0	0	0	0	0	0	0	0
ed276cbb2a91eab9c8f3f56ccff08cb3	0	0	0	0	0	0	0	0	0	0	0	0	0	0	0	0	0	0	0	0	0	0	0	0	0	0	0	0	0	0	0	0	4	5	0	0	0	0	0	0	0	0	0	0	0
8fc383292330e814f120682133a96a1c	0	0	0	0	0	0	0	0	0	0	0	0	0	0	0	0	0	0	0	0	0	0	0	0	0	0	0	0	0	0	0	0	0	0	0	0	9	0	0	0	0	0	0	0	0
3473b24c7965eb52c8921973bf74cffa	0	0	0	0	0	0	0	0	0	0	0	0	0	0	0	0	0	0	0	0	0	0	0	0	0	0	0	0	0	0	0	0	0	0	0	0	3	6	0	0	0	0	0	0	0
d7c6e4274c0b5335bd042537cd275506	0	0	0	0	0	0	0	0	0	0	0	0	0	0	0	0	0	0	0	0	0	0	0	0	0	0	0	0	0	0	0	0	0	0	0	0	0	9	0	0	0	0	0	0	0
47a4bce4e99cf5dbd9c23b597cdfdc49	0	0	0	0	0	0	0	0	0	0	0	0	0	0	0	0	0	0	0	0	0	0	0	0	0	0	0	0	0	0	0	0	0	0	0	0	0	9	0	0	0	0	0	0	0
d9526f1bbd3a0ad1c587e83b39dd854c	0	0	0	0	0	0	0	0	0	0	0	0	0	0	0	0	0	0	0	0	0	0	0	0	0	0	0	0	0	0	0	0	0	0	0	0	0	9	0	0	0	0	0	0	0
9814543b862c3cc7d18bb9625e0d4cd3	0	0	0	0	0	0	0	0	0	0	0	0	0	0	0	0	0	0	0	0	0	0	0	0	0	0	0	0	0	0	0	0	0	0	0	0	0	9	0	0	0	0	0	0	0
ccb9c0180faef6d8076920f8104e61b0	0	0	0	0	0	0	0	0	0	0	0	0	0	0	0	0	0	0	0	0	0	0	0	0	0	0	0	0	0	0	0	0	0	0	0	0	0	9	0	0	0	0	0	0	0
c2335124f65e1963b20d1271fc21eaef	0	0	0	0	0	0	0	0	0	0	0	0	0	0	0	0	0	0	0	0	0	0	0	0	0	0	0	0	0	0	0	0	0	0	0	0	0	9	0	0	0	0	0	0	0
a32efdb2760e3c0e9d5aa24c335b6c1e	0	0	0	0	0	0	0	0	0	0	0	0	0	0	0	0	0	0	0	0	0	0	0	0	0	0	0	0	0	0	0	0	0	0	0	0	0	0	0	9	0	0	0	0	0
3d3fa468f3f91a443c1994c9bbab077e	0	0	0	0	0	0	0	0	0	0	0	0	0	0	0	0	0	0	0	0	0	0	0	0	0	0	0	0	0	0	0	0	0	0	0	0	0	0	0	9	0	0	0	0	0
586948051a28e266422d04fd1dc97686	0	0	0	0	0	0	0	0	0	0	0	0	0	0	0	0	0	0	0	0	0	0	0	0	0	0	0	0	0	0	0	0	0	0	0	0	0	0	0	0	3	6	0	0	0
5c44f59a3bfdcb2373c1407488138394	0	0	0	0	0	0	0	0	0	0	0	0	0	0	0	0	0	0	0	0	0	0	0	0	0	0	0	0	0	0	0	0	0	0	0	0	0	0	0	0	0	0	0	9	0
537520396879099b2d296fb355919240	0	0	0	0	0	0	0	0	0	0	0	0	0	0	0	0	0	0	0	0	0	0	0	0	0	0	0	0	0	0	0	0	0	0	0	0	0	0	0	0	0	0	0	0	9
e02afeb6b98537adb036ae0db09cd68b	0	0	0	0	0	0	0	0	0	0	0	0	0	0	0	0	0	0	0	0	0	0	0	0	0	0	0	0	0	0	0	0	0	0	0	0	0	0	0	0	0	0	0	0	9
c87b217aa81ab42617f8be7d80745734	0	0	0	0	8	0	0	0	0	0	0	0	0	0	0	0	0	0	0	0	0	0	0	0	0	0	0	0	0	0	0	0	0	0	0	0	0	0	0	0	0	0	0	0	0
5ec2c5fbd4951a79dedd8dd0ae11efed	0	0	0	0	0	0	8	0	0	0	0	0	0	0	0	0	0	0	0	0	0	0	0	0	0	0	0	0	0	0	0	0	0	0	0	0	0	0	0	0	0	0	0	0	0
85c504f461e2baa6704c1f4df0b382a9	0	0	0	0	0	0	0	8	0	0	0	0	0	0	0	0	0	0	0	0	0	0	0	0	0	0	0	0	0	0	0	0	0	0	0	0	0	0	0	0	0	0	0	0	0
8ee7f2677d410e3e44d4199acd7452b7	0	0	0	0	0	0	0	0	0	0	8	0	0	0	0	0	0	0	0	0	0	0	0	0	0	0	0	0	0	0	0	0	0	0	0	0	0	0	0	0	0	0	0	0	0
60ec4e0e56efb2ecfc8ce71f2c018539	0	0	0	0	0	0	0	0	0	0	0	0	0	0	0	0	8	0	0	0	0	0	0	0	0	0	0	0	0	0	0	0	0	0	0	0	0	0	0	0	0	0	0	0	0
e8ad5a1306c9d8203c5bd19be618b344	0	0	0	0	0	0	0	0	0	0	0	0	0	0	0	0	8	0	0	0	0	0	0	0	0	0	0	0	0	0	0	0	0	0	0	0	0	0	0	0	0	0	0	0	0
6e350060f96954810315bb16fe0959c7	0	0	0	0	0	0	0	0	0	0	0	0	0	0	0	0	8	0	0	0	0	0	0	0	0	0	0	0	0	0	0	0	0	0	0	0	0	0	0	0	0	0	0	0	0
6384ee13810ffeea20c9a6133e2fb464	0	0	0	0	0	0	0	0	0	0	0	0	0	0	0	0	5	0	0	0	0	0	0	0	0	0	0	0	0	0	0	0	0	0	0	0	0	0	0	0	0	0	3	0	0
b86824816e07a4e4f0118b726fa940e8	0	0	0	0	0	0	0	0	0	0	0	0	0	0	0	0	5	0	0	0	0	0	0	0	0	0	0	0	0	0	0	0	0	0	0	0	0	3	0	0	0	0	0	0	0
32f9b4d1d5104e063c650dcb97c552fe	0	0	0	0	0	0	0	0	0	0	0	0	0	0	0	0	3	0	0	0	0	0	0	0	0	0	0	5	0	0	0	0	0	0	0	0	0	0	0	0	0	0	0	0	0
481f859ac09a0f5686b37333a1f2fc05	0	0	0	0	0	0	0	0	0	0	0	0	0	0	0	0	2	0	0	0	0	0	0	0	0	0	0	0	0	0	0	0	0	0	0	0	0	4	0	0	0	0	0	0	2
d39163b9b648a31f2075f2826cef2d6d	0	0	0	0	0	0	0	0	0	0	0	0	0	0	0	0	0	8	0	0	0	0	0	0	0	0	0	0	0	0	0	0	0	0	0	0	0	0	0	0	0	0	0	0	0
afc5f8cbb94cf7c3fea765cba47c694f	0	0	0	0	0	0	0	0	0	0	0	0	0	0	0	0	0	8	0	0	0	0	0	0	0	0	0	0	0	0	0	0	0	0	0	0	0	0	0	0	0	0	0	0	0
dc544a8db21c52ac59ce4321cfbf7b23	0	0	0	0	0	0	0	0	0	0	0	0	0	0	0	0	0	5	0	0	0	0	0	0	0	0	0	0	0	0	0	0	0	0	0	0	0	0	0	0	0	0	0	3	0
af9381ef185fe2035e6c8e85674e568b	0	0	0	0	0	0	0	0	0	0	0	0	0	0	0	0	0	3	0	2	0	0	0	0	0	0	0	0	0	0	0	0	0	0	0	0	0	0	0	0	0	3	0	0	0
97e4733980b8c4b20d9ccb49abaa0f30	0	0	0	0	0	0	0	0	0	0	0	0	0	0	0	0	0	0	0	0	0	8	0	0	0	0	0	0	0	0	0	0	0	0	0	0	0	0	0	0	0	0	0	0	0
507df87cf80a9f16d3b6284bd7676504	0	0	0	0	0	0	0	0	0	0	0	0	0	0	0	0	0	0	0	0	0	8	0	0	0	0	0	0	0	0	0	0	0	0	0	0	0	0	0	0	0	0	0	0	0
526245cbfc697c97b53d0cb4425af02d	0	0	0	0	0	0	0	0	0	0	0	0	0	0	0	0	0	0	0	0	0	0	8	0	0	0	0	0	0	0	0	0	0	0	0	0	0	0	0	0	0	0	0	0	0
3a2fa36b318565cef4d8e1443c9b655d	0	0	0	0	0	0	0	0	0	0	0	0	0	0	0	0	0	0	0	0	0	0	8	0	0	0	0	0	0	0	0	0	0	0	0	0	0	0	0	0	0	0	0	0	0
cf0227d22d1a445ace5358f20faa7d24	0	0	0	0	0	0	0	0	0	0	0	0	0	0	0	0	0	0	0	0	0	0	8	0	0	0	0	0	0	0	0	0	0	0	0	0	0	0	0	0	0	0	0	0	0
65e7efb4f52a5154f598c0403a59d9bb	0	0	0	0	0	0	0	0	0	0	0	0	0	0	0	0	0	0	0	0	0	0	8	0	0	0	0	0	0	0	0	0	0	0	0	0	0	0	0	0	0	0	0	0	0
5681b3864d96756f8e7b45354f34781d	0	0	0	0	0	0	0	0	0	0	0	0	0	0	0	0	0	0	0	0	0	0	8	0	0	0	0	0	0	0	0	0	0	0	0	0	0	0	0	0	0	0	0	0	0
f7a837b5586763b6afa77ebb3247b20e	0	0	0	0	0	0	0	0	0	0	0	0	0	0	0	0	0	0	0	0	0	0	8	0	0	0	0	0	0	0	0	0	0	0	0	0	0	0	0	0	0	0	0	0	0
a37b2fe27ebae2c7fac29ab62812803a	0	0	0	0	0	0	0	0	0	0	0	0	0	0	0	0	0	0	0	0	0	0	8	0	0	0	0	0	0	0	0	0	0	0	0	0	0	0	0	0	0	0	0	0	0
ef11d711e427388132e0d3a5d98d07ad	0	0	0	0	0	0	0	0	0	0	0	0	0	0	0	0	0	0	0	0	0	0	8	0	0	0	0	0	0	0	0	0	0	0	0	0	0	0	0	0	0	0	0	0	0
cf92360f93b1eade7c2ad587d252f21c	0	0	0	0	0	0	0	0	0	0	0	0	0	0	0	0	0	0	0	0	0	0	0	0	0	0	8	0	0	0	0	0	0	0	0	0	0	0	0	0	0	0	0	0	0
396fe7d321609f193fb465ba3316dafe	0	0	0	0	0	0	0	0	0	0	0	0	0	0	0	0	0	0	0	0	0	0	0	0	0	0	6	0	0	0	0	0	0	0	0	0	2	0	0	0	0	0	0	0	0
a2ecf177b4a5fd34b939e1776cf8f793	0	0	0	0	0	0	0	0	0	0	0	0	0	0	0	0	0	0	0	0	0	0	0	0	0	0	5	0	3	0	0	0	0	0	0	0	0	0	0	0	0	0	0	0	0
e5d2897df2f464827244b871d67ee050	0	0	0	0	0	0	0	0	0	0	0	0	0	0	0	0	0	0	0	0	0	0	0	0	0	0	4	0	0	0	0	0	0	0	0	0	0	0	0	0	0	0	4	0	0
740a54e5131b5bfebb480113d71d62bb	0	0	0	0	0	0	0	0	0	0	0	0	0	0	0	0	0	0	0	0	0	0	0	0	0	0	4	4	0	0	0	0	0	0	0	0	0	0	0	0	0	0	0	0	0
1bcb253bc2c793d248a63169cb18f2f5	0	0	0	0	0	0	0	0	0	0	0	0	0	0	0	0	0	0	0	0	0	0	0	0	0	0	0	8	0	0	0	0	0	0	0	0	0	0	0	0	0	0	0	0	0
5eaf1f69f61895ea9b99bad191646a36	0	0	0	0	0	0	0	0	0	0	0	0	0	0	0	0	0	0	0	0	0	0	0	0	0	0	0	8	0	0	0	0	0	0	0	0	0	0	0	0	0	0	0	0	0
4bb972d887d35b15c1b6bfdc7a855135	0	0	0	0	0	0	0	0	0	0	0	0	0	0	0	0	0	0	0	0	0	0	0	0	0	0	0	8	0	0	0	0	0	0	0	0	0	0	0	0	0	0	0	0	0
802856de965b36761a43f665a683e089	0	0	0	0	0	0	0	0	0	0	0	0	0	0	0	0	0	0	0	0	0	0	0	0	0	0	0	8	0	0	0	0	0	0	0	0	0	0	0	0	0	0	0	0	0
427890c9ef6f0afa8f0878aa8443603e	0	0	0	0	0	0	0	0	0	0	0	0	0	0	0	0	0	0	0	0	0	0	0	0	0	0	0	8	0	0	0	0	0	0	0	0	0	0	0	0	0	0	0	0	0
95dbef632a66c2ae4bfd3d2452f3ebd6	0	0	0	0	0	0	0	0	0	0	0	0	0	0	0	0	0	0	0	0	0	0	0	0	0	0	0	8	0	0	0	0	0	0	0	0	0	0	0	0	0	0	0	0	0
3a47f07ea225f76d361f7160cd99846e	0	0	0	0	0	0	0	0	0	0	0	0	0	0	0	0	0	0	0	0	0	0	0	0	0	0	0	8	0	0	0	0	0	0	0	0	0	0	0	0	0	0	0	0	0
2ec1ff3e7773820800fc0a6ccc3f7d30	0	0	0	0	0	0	0	0	0	0	0	0	0	0	0	0	0	0	0	0	0	0	0	0	0	0	0	8	0	0	0	0	0	0	0	0	0	0	0	0	0	0	0	0	0
4ebf935a9c5729a3f290b29c0710ccbc	0	0	0	0	0	0	0	0	0	0	0	0	0	0	0	0	0	0	0	0	0	0	0	0	0	0	0	8	0	0	0	0	0	0	0	0	0	0	0	0	0	0	0	0	0
40bbd60219e6be6fe2c0f27f4fdd0b1b	0	0	0	0	0	0	0	0	0	0	0	0	0	0	0	0	0	0	0	0	0	0	0	0	0	0	0	5	0	3	0	0	0	0	0	0	0	0	0	0	0	0	0	0	0
7150398e2e2fc889071654dc5b80c887	0	0	0	0	0	0	0	0	0	0	0	0	0	0	0	0	0	0	0	0	0	0	0	0	0	0	0	4	0	0	0	0	0	0	0	0	0	4	0	0	0	0	0	0	0
75b2c0b1f257b8b5144b59cda6217b54	0	0	0	0	0	0	0	0	0	0	0	0	0	0	0	0	0	0	0	0	0	0	0	0	0	0	0	4	0	0	0	0	0	0	0	0	0	4	0	0	0	0	0	0	0
5e33bbcc9110e7f159ce69bc0a178926	0	0	0	0	0	0	0	0	0	0	0	0	0	0	0	0	0	0	0	0	0	0	0	0	0	0	0	4	2	2	0	0	0	0	0	0	0	0	0	0	0	0	0	0	0
e1d786fa6b62eb8e35c8d0e50eefc379	0	0	0	0	0	0	0	0	0	0	0	0	0	0	0	0	0	0	0	0	0	0	0	0	0	0	0	3	5	0	0	0	0	0	0	0	0	0	0	0	0	0	0	0	0
c064e8c104de35666240833281146b42	0	0	0	0	0	0	0	0	0	0	0	0	0	0	0	0	0	0	0	0	0	0	0	0	0	0	0	2	0	0	0	0	0	0	0	0	0	6	0	0	0	0	0	0	0
8c11bf5576f182698433e76795430812	0	0	0	0	0	0	0	0	0	0	0	0	0	0	0	0	0	0	0	0	0	0	0	0	0	0	0	0	8	0	0	0	0	0	0	0	0	0	0	0	0	0	0	0	0
f62ddaf357bd1f87d1e49e1f67ed2754	0	0	0	0	0	0	0	0	0	0	0	0	0	0	0	0	0	0	0	0	0	0	0	0	0	0	0	0	3	0	0	0	0	0	0	0	0	5	0	0	0	0	0	0	0
d6dacc53b83c9acc7488ae38aa7e8c97	0	0	0	0	0	0	0	0	0	0	0	0	0	0	0	0	0	0	0	0	0	0	0	0	0	0	0	0	0	0	8	0	0	0	0	0	0	0	0	0	0	0	0	0	0
7938a8b124096b9ff4eb24ece42a91fe	0	0	0	0	0	0	0	0	0	0	0	0	0	0	0	0	0	0	0	0	0	0	0	0	0	0	0	0	0	0	0	0	0	8	0	0	0	0	0	0	0	0	0	0	0
9ccaaed52b69fe3b4c20f1d5e6a961a6	0	0	0	0	0	0	0	0	0	0	0	0	0	0	0	0	0	0	0	0	0	0	0	0	0	0	0	0	0	0	0	0	0	0	0	0	8	0	0	0	0	0	0	0	0
ef994926f9e4988f21dc01f2deda3c94	0	0	0	0	0	0	0	0	0	0	0	0	0	0	0	0	0	0	0	0	0	0	0	0	0	0	0	0	0	0	0	0	0	0	0	0	0	8	0	0	0	0	0	0	0
7a58c10c4f271f46e19738995dc9b4a8	0	0	0	0	0	0	0	0	0	0	0	0	0	0	0	0	0	0	0	0	0	0	0	0	0	0	0	0	0	0	0	0	0	0	0	0	0	8	0	0	0	0	0	0	0
2d8b590d5b2e974295055c8024111ff7	0	0	0	0	0	0	0	0	0	0	0	0	0	0	0	0	0	0	0	0	0	0	0	0	0	0	0	0	0	0	0	0	0	0	0	0	0	0	0	8	0	0	0	0	0
5b2992c0fd5ec179aa197ef4a6faf2e2	0	0	0	0	0	0	0	0	0	0	0	0	0	0	0	0	0	0	0	0	0	0	0	0	0	0	0	0	0	0	0	0	0	0	0	0	0	0	0	0	8	0	0	0	0
682b036006ff9bcc9eb889f7d44a18c4	0	0	0	0	0	0	0	0	0	0	0	0	0	0	0	0	0	0	0	0	0	0	0	0	0	0	0	0	0	0	0	0	0	0	0	0	0	0	0	0	8	0	0	0	0
582f7108155b04d21ef764dc1b1f0d58	0	0	0	0	0	0	0	0	0	0	0	0	0	0	0	0	0	0	0	0	0	0	0	0	0	0	0	0	0	0	0	0	0	0	0	0	0	0	0	0	4	4	0	0	0
5e75f4fc656e133b4b58d52cf4cd585a	0	0	0	0	0	0	0	0	0	0	0	0	0	0	0	0	0	0	0	0	0	0	0	0	0	0	0	0	0	0	0	0	0	0	0	0	0	0	0	0	0	8	0	0	0
d828d7c9accbca871a34053532540a2f	0	0	0	0	0	0	0	0	0	0	0	0	0	0	0	0	0	0	0	0	0	0	0	0	0	0	0	0	0	0	0	0	0	0	0	0	0	0	0	0	0	8	0	0	0
9bf08591ac7e251434c5c03c7bbdefa6	0	0	0	0	0	0	0	0	0	0	0	0	0	0	0	0	0	0	0	0	0	0	0	0	0	0	0	0	0	0	0	0	0	0	0	0	0	0	0	0	0	3	0	2	3
46beadd5e954b5bf6deda6af71c8aaed	0	0	0	0	0	0	0	0	0	0	0	0	0	0	0	0	0	0	0	0	0	0	0	0	0	0	0	0	0	0	0	0	0	0	0	0	0	0	0	0	0	0	8	0	0
f6044733c5e485f1e85516c46c36c140	0	0	0	0	0	0	0	0	0	0	0	0	0	0	0	0	0	0	0	0	0	0	0	0	0	0	0	0	0	0	0	0	0	0	0	0	0	0	0	0	0	0	0	0	8
ba3262c9c865eda89aa6820fba0ac8b7	0	0	0	0	0	0	0	7	0	0	0	0	0	0	0	0	0	0	0	0	0	0	0	0	0	0	0	0	0	0	0	0	0	0	0	0	0	0	0	0	0	0	0	0	0
7ae9323c59f002a464b9cd757e0ba482	0	0	0	0	0	0	0	0	0	7	0	0	0	0	0	0	0	0	0	0	0	0	0	0	0	0	0	0	0	0	0	0	0	0	0	0	0	0	0	0	0	0	0	0	0
a9d95652b8d02f4b4498f480cc8d2f94	0	0	0	0	0	0	0	0	0	7	0	0	0	0	0	0	0	0	0	0	0	0	0	0	0	0	0	0	0	0	0	0	0	0	0	0	0	0	0	0	0	0	0	0	0
3088d2f0f0fe149bfe36bfba99001fa7	0	0	0	0	0	0	0	0	0	7	0	0	0	0	0	0	0	0	0	0	0	0	0	0	0	0	0	0	0	0	0	0	0	0	0	0	0	0	0	0	0	0	0	0	0
4aa699b88a518a708642a8598a308d37	0	0	0	0	0	0	0	0	0	0	0	0	4	0	0	0	0	0	3	0	0	0	0	0	0	0	0	0	0	0	0	0	0	0	0	0	0	0	0	0	0	0	0	0	0
fddbf180419441968d64c48f838da676	0	0	0	0	0	0	0	0	0	0	0	0	0	0	7	0	0	0	0	0	0	0	0	0	0	0	0	0	0	0	0	0	0	0	0	0	0	0	0	0	0	0	0	0	0
556e42f45887d2578b2e6aac4accd91e	0	0	0	0	0	0	0	0	0	0	0	0	0	0	0	0	7	0	0	0	0	0	0	0	0	0	0	0	0	0	0	0	0	0	0	0	0	0	0	0	0	0	0	0	0
b0eed8ee8283f0e85f690975c3570d1d	0	0	0	0	0	0	0	0	0	0	0	0	0	0	0	0	7	0	0	0	0	0	0	0	0	0	0	0	0	0	0	0	0	0	0	0	0	0	0	0	0	0	0	0	0
d5727b190ef154ab06b0ae9fb4797492	0	0	0	0	0	0	0	0	0	0	0	0	0	0	0	0	7	0	0	0	0	0	0	0	0	0	0	0	0	0	0	0	0	0	0	0	0	0	0	0	0	0	0	0	0
46e3f872857dae43e128b784813877e5	0	0	0	0	0	0	0	0	0	0	0	0	0	0	0	0	7	0	0	0	0	0	0	0	0	0	0	0	0	0	0	0	0	0	0	0	0	0	0	0	0	0	0	0	0
be15be2a384710a4760f11de9f3a3b1b	0	0	0	0	0	0	0	0	0	0	0	0	0	0	0	0	7	0	0	0	0	0	0	0	0	0	0	0	0	0	0	0	0	0	0	0	0	0	0	0	0	0	0	0	0
1b4b04877d265ffc405e07e1dfd89609	0	0	0	0	0	0	0	0	0	0	0	0	0	0	0	0	7	0	0	0	0	0	0	0	0	0	0	0	0	0	0	0	0	0	0	0	0	0	0	0	0	0	0	0	0
d95c806f68363e539c56d8b222595c1e	0	0	0	0	0	0	0	0	0	0	0	0	0	0	0	0	4	0	0	0	0	0	0	0	0	0	0	0	0	0	0	0	0	0	0	0	0	3	0	0	0	0	0	0	0
734d2708da4098bb571577b044ee161b	0	0	0	0	0	0	0	0	0	0	0	0	0	0	0	0	0	7	0	0	0	0	0	0	0	0	0	0	0	0	0	0	0	0	0	0	0	0	0	0	0	0	0	0	0
e4d4aea740534716f83f9dca49f91e88	0	0	0	0	0	0	0	0	0	0	0	0	0	0	0	0	0	7	0	0	0	0	0	0	0	0	0	0	0	0	0	0	0	0	0	0	0	0	0	0	0	0	0	0	0
573fe7905ae92158a970c34b990d797a	0	0	0	0	0	0	0	0	0	0	0	0	0	0	0	0	0	0	7	0	0	0	0	0	0	0	0	0	0	0	0	0	0	0	0	0	0	0	0	0	0	0	0	0	0
c55bdb6c75274c5ba40178cd0d9a7cb2	0	0	0	0	0	0	0	0	0	0	0	0	0	0	0	0	0	0	7	0	0	0	0	0	0	0	0	0	0	0	0	0	0	0	0	0	0	0	0	0	0	0	0	0	0
a66624b770b00882642a2087ac28cd99	0	0	0	0	0	0	0	0	0	0	0	0	0	0	0	0	0	0	5	0	0	0	0	0	0	0	0	0	0	0	0	0	0	0	0	0	0	0	0	0	2	0	0	0	0
90a634fef584638a5861ac4f26074d88	0	0	0	0	0	0	0	0	0	0	0	0	0	0	0	0	0	0	0	7	0	0	0	0	0	0	0	0	0	0	0	0	0	0	0	0	0	0	0	0	0	0	0	0	0
54735938259307f210ca8c6443d55e6b	0	0	0	0	0	0	0	0	0	0	0	0	0	0	0	0	0	0	0	2	0	0	0	0	0	0	0	3	0	0	0	0	0	0	0	0	0	0	0	0	0	2	0	0	0
3eece308bf06d8f041662b4f3e3159c4	0	0	0	0	0	0	0	0	0	0	0	0	0	0	0	0	0	0	0	0	7	0	0	0	0	0	0	0	0	0	0	0	0	0	0	0	0	0	0	0	0	0	0	0	0
d17976ebd1befd4e0cd56902124e9f85	0	0	0	0	0	0	0	0	0	0	0	0	0	0	0	0	0	0	0	0	0	7	0	0	0	0	0	0	0	0	0	0	0	0	0	0	0	0	0	0	0	0	0	0	0
bc42c5f13e36961d99b697ee6f1168fe	0	0	0	0	0	0	0	0	0	0	0	0	0	0	0	0	0	0	0	0	0	7	0	0	0	0	0	0	0	0	0	0	0	0	0	0	0	0	0	0	0	0	0	0	0
6c1689674b5d75691cdc6fa19f7b5436	0	0	0	0	0	0	0	0	0	0	0	0	0	0	0	0	0	0	0	0	0	7	0	0	0	0	0	0	0	0	0	0	0	0	0	0	0	0	0	0	0	0	0	0	0
4209f51e5e1c89b9183b5c7469d30654	0	0	0	0	0	0	0	0	0	0	0	0	0	0	0	0	0	0	0	0	0	7	0	0	0	0	0	0	0	0	0	0	0	0	0	0	0	0	0	0	0	0	0	0	0
815d97e97a88ca43b97559292d2fc86e	0	0	0	0	0	0	0	0	0	0	0	0	0	0	0	0	0	0	0	0	0	7	0	0	0	0	0	0	0	0	0	0	0	0	0	0	0	0	0	0	0	0	0	0	0
3bc264f8f4f93e639ff8a1a4f5d926dd	0	0	0	0	0	0	0	0	0	0	0	0	0	0	0	0	0	0	0	0	0	0	7	0	0	0	0	0	0	0	0	0	0	0	0	0	0	0	0	0	0	0	0	0	0
b9609962d0785d291d073cfa3aa91044	0	0	0	0	0	0	0	0	0	0	0	0	0	0	0	0	0	0	0	0	0	0	7	0	0	0	0	0	0	0	0	0	0	0	0	0	0	0	0	0	0	0	0	0	0
261cd086a11ba6cdab065ac61d14e031	0	0	0	0	0	0	0	0	0	0	0	0	0	0	0	0	0	0	0	0	0	0	7	0	0	0	0	0	0	0	0	0	0	0	0	0	0	0	0	0	0	0	0	0	0
b82fb8df1db88e4130e4409710afdce0	0	0	0	0	0	0	0	0	0	0	0	0	0	0	0	0	0	0	0	0	0	0	7	0	0	0	0	0	0	0	0	0	0	0	0	0	0	0	0	0	0	0	0	0	0
f987e92299ed86ce94c94f9628128b81	0	0	0	0	0	0	0	0	0	0	0	0	0	0	0	0	0	0	0	0	0	0	0	0	0	0	7	0	0	0	0	0	0	0	0	0	0	0	0	0	0	0	0	0	0
519b011ef62c41d3f164e08f04a0aa8c	0	0	0	0	0	0	0	0	0	0	0	0	0	0	0	0	0	0	0	0	0	0	0	0	0	0	7	0	0	0	0	0	0	0	0	0	0	0	0	0	0	0	0	0	0
6d91b94a73da1d99a2d14dc46dfc586e	0	0	0	0	0	0	0	0	0	0	0	0	0	0	0	0	0	0	0	0	0	0	0	0	0	0	2	5	0	0	0	0	0	0	0	0	0	0	0	0	0	0	0	0	0
6340d5cdcf05b714d100dc8afb5db537	0	0	0	0	0	0	0	0	0	0	0	0	0	0	0	0	0	0	0	0	0	0	0	0	0	0	2	2	0	0	0	0	0	0	0	0	0	3	0	0	0	0	0	0	0
3973b92c6c920d399898e7c8e90eaba5	0	0	0	0	0	0	0	0	0	0	0	0	0	0	0	0	0	0	0	0	0	0	0	0	0	0	0	7	0	0	0	0	0	0	0	0	0	0	0	0	0	0	0	0	0
9a19c7313331088c40c7e0071ebc204f	0	0	0	0	0	0	0	0	0	0	0	0	0	0	0	0	0	0	0	0	0	0	0	0	0	0	0	7	0	0	0	0	0	0	0	0	0	0	0	0	0	0	0	0	0
c3ca401fc8b151881da1a0584a4b47fb	0	0	0	0	0	0	0	0	0	0	0	0	0	0	0	0	0	0	0	0	0	0	0	0	0	0	0	7	0	0	0	0	0	0	0	0	0	0	0	0	0	0	0	0	0
7a6fb8e452e54e8cc810c19b30ec733e	0	0	0	0	0	0	0	0	0	0	0	0	0	0	0	0	0	0	0	0	0	0	0	0	0	0	0	4	0	0	0	0	0	0	0	0	0	0	0	0	0	0	0	0	3
46c6396aa49ff14181966287071f1a79	0	0	0	0	0	0	0	0	0	0	0	0	0	0	0	0	0	0	0	0	0	0	0	0	0	0	0	3	0	0	0	0	0	0	0	0	0	4	0	0	0	0	0	0	0
f3bd7a7dfc5e8cd4aec3f77ee2c62985	0	0	0	0	0	0	0	0	0	0	0	0	0	0	0	0	0	0	0	0	0	0	0	0	0	0	0	2	0	0	0	0	0	0	0	0	0	5	0	0	0	0	0	0	0
511b564dd2c07c8e3816654594c0f897	0	0	0	0	0	0	0	0	0	0	0	0	0	0	0	0	0	0	0	0	0	0	0	0	0	0	0	0	7	0	0	0	0	0	0	0	0	0	0	0	0	0	0	0	0
ef136e4c5d2d74b9caefb54d77224101	0	0	0	0	0	0	0	0	0	0	0	0	0	0	0	0	0	0	0	0	0	0	0	0	0	0	0	0	7	0	0	0	0	0	0	0	0	0	0	0	0	0	0	0	0
2fab937437b937bb6911d0165dc07023	0	0	0	0	0	0	0	0	0	0	0	0	0	0	0	0	0	0	0	0	0	0	0	0	0	0	0	0	0	3	0	0	0	0	0	0	0	4	0	0	0	0	0	0	0
6b493241d426af0b5385dba30b2bda29	0	0	0	0	0	0	0	0	0	0	0	0	0	0	0	0	0	0	0	0	0	0	0	0	0	0	0	0	0	0	0	0	0	0	7	0	0	0	0	0	0	0	0	0	0
d7f689d9c097a6f6237d5df10a70f479	0	0	0	0	0	0	0	0	0	0	0	0	0	0	0	0	0	0	0	0	0	0	0	0	0	0	0	0	0	0	0	0	0	0	0	0	0	7	0	0	0	0	0	0	0
6f82af172e520a666d2599b3a594881e	0	0	0	0	0	0	0	0	0	0	0	0	0	0	0	0	0	0	0	0	0	0	0	0	0	0	0	0	0	0	0	0	0	0	0	0	0	7	0	0	0	0	0	0	0
4ded4aebaf1c64df016c207205afc313	0	0	0	0	0	0	0	0	0	0	0	0	0	0	0	0	0	0	0	0	0	0	0	0	0	0	0	0	0	0	0	0	0	0	0	0	0	7	0	0	0	0	0	0	0
8133015fc15188eb40f168c52c906cce	0	0	0	0	0	0	0	0	0	0	0	0	0	0	0	0	0	0	0	0	0	0	0	0	0	0	0	0	0	0	0	0	0	0	0	0	0	7	0	0	0	0	0	0	0
ef9804eb3ad8996c093ac59f54103f9a	0	0	0	0	0	0	0	0	0	0	0	0	0	0	0	0	0	0	0	0	0	0	0	0	0	0	0	0	0	0	0	0	0	0	0	0	0	7	0	0	0	0	0	0	0
b59ae91a64c74bf1ed6ff66cd372f7ec	0	0	0	0	0	0	0	0	0	0	0	0	0	0	0	0	0	0	0	0	0	0	0	0	0	0	0	0	0	0	0	0	0	0	0	0	0	7	0	0	0	0	0	0	0
c0392bb16fcf9028e243b63f1c98358c	0	0	0	0	0	0	0	0	0	0	0	0	0	0	0	0	0	0	0	0	0	0	0	0	0	0	0	0	0	0	0	0	0	0	0	0	0	7	0	0	0	0	0	0	0
40b4367c1d9f0d654813bac4eb1ddca4	0	0	0	0	0	0	0	0	0	0	0	0	0	0	0	0	0	0	0	0	0	0	0	0	0	0	0	0	0	0	0	0	0	0	0	0	0	0	0	7	0	0	0	0	0
0b5c14f581fcd53c241e5824c7c15cd8	0	0	0	0	0	0	0	0	0	0	0	0	0	0	0	0	0	0	0	0	0	0	0	0	0	0	0	0	0	0	0	0	0	0	0	0	0	0	0	7	0	0	0	0	0
27b66231c1db9ca207277810b081ede8	0	0	0	0	0	0	0	0	0	0	0	0	0	0	0	0	0	0	0	0	0	0	0	0	0	0	0	0	0	0	0	0	0	0	0	0	0	0	0	0	7	0	0	0	0
a6e9e5f9397b789ccdf7814ec5106a25	0	0	0	0	0	0	0	0	0	0	0	0	0	0	0	0	0	0	0	0	0	0	0	0	0	0	0	0	0	0	0	0	0	0	0	0	0	0	0	0	7	0	0	0	0
a8b75c783886a6490376167ea79cf957	0	0	0	0	0	0	0	0	0	0	0	0	0	0	0	0	0	0	0	0	0	0	0	0	0	0	0	0	0	0	0	0	0	0	0	0	0	0	0	0	0	7	0	0	0
a8c520e3c65967580f2dec16438b4eca	0	0	0	0	0	0	0	0	0	0	0	0	0	0	0	0	0	0	0	0	0	0	0	0	0	0	0	0	0	0	0	0	0	0	0	0	0	0	0	0	0	7	0	0	0
6ea54cf40452ad939019fb574dd204f0	0	0	0	0	0	0	0	0	0	0	0	0	0	0	0	0	0	0	0	0	0	0	0	0	0	0	0	0	0	0	0	0	0	0	0	0	0	0	0	0	0	0	7	0	0
4c7a993e85ab0d47f6a9c7ab544ce66c	0	0	0	0	0	0	0	0	0	0	0	0	0	0	0	0	0	0	0	0	0	0	0	0	0	0	0	0	0	0	0	0	0	0	0	0	0	0	0	0	0	0	7	0	0
16b441aacdb329df5f6ef579a7eb44bb	0	0	0	0	0	0	0	0	0	0	0	0	0	0	0	0	0	0	0	0	0	0	0	0	0	0	0	0	0	0	0	0	0	0	0	0	0	0	0	0	0	0	7	0	0
689a006d1ff8783f90a367f844deb588	0	0	0	0	0	0	0	0	0	0	0	0	0	0	0	0	0	0	0	0	0	0	0	0	0	0	0	0	0	0	0	0	0	0	0	0	0	0	0	0	0	0	4	3	0
a945bce9d99f93ffaf9ef7f155581323	0	0	0	0	0	0	0	0	0	0	0	0	0	0	0	0	0	0	0	0	0	0	0	0	0	0	0	0	0	0	0	0	0	0	0	0	0	0	0	0	0	0	0	7	0
8439799f8e99734194d6290478b74b07	0	0	0	0	0	0	0	0	0	0	0	0	0	0	0	0	0	0	0	0	0	0	0	0	0	0	0	0	0	0	0	0	0	0	0	0	0	0	0	0	0	0	0	7	0
a91729c635a1f68b413af9a8b7099a80	0	0	0	0	0	0	0	0	0	0	0	0	0	0	0	0	0	0	0	0	0	0	0	0	0	0	0	0	0	0	0	0	0	0	0	0	0	0	0	0	0	0	0	7	0
473236a69b4a4ead7b91263802d7469c	0	0	0	0	0	0	0	0	0	0	0	0	0	0	0	0	0	0	0	0	0	0	0	0	0	0	0	0	0	0	0	0	0	0	0	0	0	0	0	0	0	0	0	5	2
fa1d1dd5aa82ca45d7ae2bb00de996d1	0	0	0	0	0	0	0	0	0	0	0	0	0	0	0	0	0	0	0	0	0	0	0	0	0	0	0	0	0	0	0	0	0	0	0	0	0	0	0	0	0	0	0	0	7
c6842f30744bcfb2d57fa303985e23bf	0	0	0	0	0	0	0	0	0	0	0	0	0	0	0	0	0	0	0	0	0	0	0	0	0	0	0	0	0	0	0	0	0	0	0	0	0	0	0	0	0	0	0	0	7
c8e2b26440733f6a09106a58d32a9cf9	0	0	0	0	0	0	0	0	0	0	0	0	0	0	0	0	0	0	0	0	0	0	0	0	0	0	0	0	0	0	0	0	0	0	0	0	0	0	0	0	0	0	0	0	7
3ffb037ea7e79e505d9f2794a4de564b	0	6	0	0	0	0	0	0	0	0	0	0	0	0	0	0	0	0	0	0	0	0	0	0	0	0	0	0	0	0	0	0	0	0	0	0	0	0	0	0	0	0	0	0	0
84437c895988cb1032172910a0a9579d	0	0	0	6	0	0	0	0	0	0	0	0	0	0	0	0	0	0	0	0	0	0	0	0	0	0	0	0	0	0	0	0	0	0	0	0	0	0	0	0	0	0	0	0	0
0fbdea3f4653a55c9f3a574b3d734346	0	0	0	0	0	0	6	0	0	0	0	0	0	0	0	0	0	0	0	0	0	0	0	0	0	0	0	0	0	0	0	0	0	0	0	0	0	0	0	0	0	0	0	0	0
6ace0c3125a4da758617716ca4dea45a	0	0	0	0	0	0	6	0	0	0	0	0	0	0	0	0	0	0	0	0	0	0	0	0	0	0	0	0	0	0	0	0	0	0	0	0	0	0	0	0	0	0	0	0	0
367dc606c3959b6e9c1e36ee315521f8	0	0	0	0	0	0	0	6	0	0	0	0	0	0	0	0	0	0	0	0	0	0	0	0	0	0	0	0	0	0	0	0	0	0	0	0	0	0	0	0	0	0	0	0	0
49388884918461210347b5c2ad43f825	0	0	0	0	0	0	0	6	0	0	0	0	0	0	0	0	0	0	0	0	0	0	0	0	0	0	0	0	0	0	0	0	0	0	0	0	0	0	0	0	0	0	0	0	0
0a12dadd00c05bb0310bbae4adc2eaa4	0	0	0	0	0	0	0	0	1	0	0	0	0	0	0	0	1	0	0	0	0	0	0	0	0	0	0	2	0	0	0	0	0	0	0	0	0	0	0	0	0	2	0	0	0
3581a1c2b7922dafd942ba57502ded58	0	0	0	0	0	0	0	0	0	6	0	0	0	0	0	0	0	0	0	0	0	0	0	0	0	0	0	0	0	0	0	0	0	0	0	0	0	0	0	0	0	0	0	0	0
d1316b26e5350da36e6456499ecdfe18	0	0	0	0	0	0	0	0	0	6	0	0	0	0	0	0	0	0	0	0	0	0	0	0	0	0	0	0	0	0	0	0	0	0	0	0	0	0	0	0	0	0	0	0	0
728f4887c4d41b2d4b0e6b9320a5cbe1	0	0	0	0	0	0	0	0	0	0	0	0	0	0	0	0	6	0	0	0	0	0	0	0	0	0	0	0	0	0	0	0	0	0	0	0	0	0	0	0	0	0	0	0	0
55ef7b79582500ca772c427fc06daded	0	0	0	0	0	0	0	0	0	0	0	0	0	0	0	0	6	0	0	0	0	0	0	0	0	0	0	0	0	0	0	0	0	0	0	0	0	0	0	0	0	0	0	0	0
d649b0d740a502d950a3c41127c4215e	0	0	0	0	0	0	0	0	0	0	0	0	0	0	0	0	6	0	0	0	0	0	0	0	0	0	0	0	0	0	0	0	0	0	0	0	0	0	0	0	0	0	0	0	0
f8eb7e5d8d7d8b974d4e7946d675a806	0	0	0	0	0	0	0	0	0	0	0	0	0	0	0	0	6	0	0	0	0	0	0	0	0	0	0	0	0	0	0	0	0	0	0	0	0	0	0	0	0	0	0	0	0
715dfcfc89d7013318d1a1d0f292f907	0	0	0	0	0	0	0	0	0	0	0	0	0	0	0	0	4	0	0	0	0	0	0	0	0	0	0	0	0	0	0	0	0	0	0	0	0	2	0	0	0	0	0	0	0
e82951f783866f7ca9848d05a1492254	0	0	0	0	0	0	0	0	0	0	0	0	0	0	0	0	3	0	0	0	0	0	0	0	0	0	0	0	0	0	0	0	0	0	0	0	0	3	0	0	0	0	0	0	0
02122ab38becc7b36e35320b39419d0b	0	0	0	0	0	0	0	0	0	0	0	0	0	0	0	0	2	0	0	0	0	4	0	0	0	0	0	0	0	0	0	0	0	0	0	0	0	0	0	0	0	0	0	0	0
b6b079a63b126fa7f31cb43a2162d2cc	0	0	0	0	0	0	0	0	0	0	0	0	0	0	0	0	0	6	0	0	0	0	0	0	0	0	0	0	0	0	0	0	0	0	0	0	0	0	0	0	0	0	0	0	0
ac20233b628a1197d5fd58fa7bca1966	0	0	0	0	0	0	0	0	0	0	0	0	0	0	0	0	0	0	6	0	0	0	0	0	0	0	0	0	0	0	0	0	0	0	0	0	0	0	0	0	0	0	0	0	0
ae8c67e56b8b660e53218181a11aab49	0	0	0	0	0	0	0	0	0	0	0	0	0	0	0	0	0	0	6	0	0	0	0	0	0	0	0	0	0	0	0	0	0	0	0	0	0	0	0	0	0	0	0	0	0
6bf23e88eb310942e9ed7e5b420d1c34	0	0	0	0	0	0	0	0	0	0	0	0	0	0	0	0	0	0	3	0	0	0	0	0	0	0	0	0	0	0	0	0	0	0	0	0	0	3	0	0	0	0	0	0	0
7ccf945550db714b71bfd922215d3fbf	0	0	0	0	0	0	0	0	0	0	0	0	0	0	0	0	0	0	0	6	0	0	0	0	0	0	0	0	0	0	0	0	0	0	0	0	0	0	0	0	0	0	0	0	0
437442e4489e3bc7c6bbbe3f77fa7fc3	0	0	0	0	0	0	0	0	0	0	0	0	0	0	0	0	0	0	0	0	0	0	6	0	0	0	0	0	0	0	0	0	0	0	0	0	0	0	0	0	0	0	0	0	0
4cfb6ff7499d63aff69603f196ffc9fc	0	0	0	0	0	0	0	0	0	0	0	0	0	0	0	0	0	0	0	0	0	0	6	0	0	0	0	0	0	0	0	0	0	0	0	0	0	0	0	0	0	0	0	0	0
27c66db33a06941421008e223a6b3fef	0	0	0	0	0	0	0	0	0	0	0	0	0	0	0	0	0	0	0	0	0	0	6	0	0	0	0	0	0	0	0	0	0	0	0	0	0	0	0	0	0	0	0	0	0
c6e87571ae105cf8def576b925e38d72	0	0	0	0	0	0	0	0	0	0	0	0	0	0	0	0	0	0	0	0	0	0	6	0	0	0	0	0	0	0	0	0	0	0	0	0	0	0	0	0	0	0	0	0	0
59650f672cd4f58a56a74284b2246996	0	0	0	0	0	0	0	0	0	0	0	0	0	0	0	0	0	0	0	0	0	0	6	0	0	0	0	0	0	0	0	0	0	0	0	0	0	0	0	0	0	0	0	0	0
a8a97c4c1986fec9bf1891036f8dad95	0	0	0	0	0	0	0	0	0	0	0	0	0	0	0	0	0	0	0	0	0	0	6	0	0	0	0	0	0	0	0	0	0	0	0	0	0	0	0	0	0	0	0	0	0
dfa72b6adfb4a653a9623351d9c9c51a	0	0	0	0	0	0	0	0	0	0	0	0	0	0	0	0	0	0	0	0	0	0	0	0	0	0	6	0	0	0	0	0	0	0	0	0	0	0	0	0	0	0	0	0	0
b3b970e6e52ff6457468332a6dd49fe7	0	0	0	0	0	0	0	0	0	0	0	0	0	0	0	0	0	0	0	0	0	0	0	0	0	0	6	0	0	0	0	0	0	0	0	0	0	0	0	0	0	0	0	0	0
73de9be8371804126c7fb45e028ec2b2	0	0	0	0	0	0	0	0	0	0	0	0	0	0	0	0	0	0	0	0	0	0	0	0	0	0	3	3	0	0	0	0	0	0	0	0	0	0	0	0	0	0	0	0	0
6992b79b5fc8b78d02cf817fcd40f928	0	0	0	0	0	0	0	0	0	0	0	0	0	0	0	0	0	0	0	0	0	0	0	0	0	0	0	6	0	0	0	0	0	0	0	0	0	0	0	0	0	0	0	0	0
5f1ed23840b6117fad97b2259b91332c	0	0	0	0	0	0	0	0	0	0	0	0	0	0	0	0	0	0	0	0	0	0	0	0	0	0	0	6	0	0	0	0	0	0	0	0	0	0	0	0	0	0	0	0	0
340e50ec450e24f714efc496ddcff617	0	0	0	0	0	0	0	0	0	0	0	0	0	0	0	0	0	0	0	0	0	0	0	0	0	0	0	6	0	0	0	0	0	0	0	0	0	0	0	0	0	0	0	0	0
03b7335d4eabc578a4e663ae6ba8bcfe	0	0	0	0	0	0	0	0	0	0	0	0	0	0	0	0	0	0	0	0	0	0	0	0	0	0	0	6	0	0	0	0	0	0	0	0	0	0	0	0	0	0	0	0	0
7895538e9309b8d88f505c27ff668e69	0	0	0	0	0	0	0	0	0	0	0	0	0	0	0	0	0	0	0	0	0	0	0	0	0	0	0	6	0	0	0	0	0	0	0	0	0	0	0	0	0	0	0	0	0
7718fa0f49efc8927204a6414ea8e15b	0	0	0	0	0	0	0	0	0	0	0	0	0	0	0	0	0	0	0	0	0	0	0	0	0	0	0	6	0	0	0	0	0	0	0	0	0	0	0	0	0	0	0	0	0
5ee7038cafd9ed66187b0b9c6ba772d1	0	0	0	0	0	0	0	0	0	0	0	0	0	0	0	0	0	0	0	0	0	0	0	0	0	0	0	6	0	0	0	0	0	0	0	0	0	0	0	0	0	0	0	0	0
da853ec00a9bb7994fdd44a4f3993308	0	0	0	0	0	0	0	0	0	0	0	0	0	0	0	0	0	0	0	0	0	0	0	0	0	0	0	6	0	0	0	0	0	0	0	0	0	0	0	0	0	0	0	0	0
c8717ac4fcb0ebd26e4b1c445070d134	0	0	0	0	0	0	0	0	0	0	0	0	0	0	0	0	0	0	0	0	0	0	0	0	0	0	0	6	0	0	0	0	0	0	0	0	0	0	0	0	0	0	0	0	0
ba1159e11cc8550b14fc0668408d1048	0	0	0	0	0	0	0	0	0	0	0	0	0	0	0	0	0	0	0	0	0	0	0	0	0	0	0	6	0	0	0	0	0	0	0	0	0	0	0	0	0	0	0	0	0
6a13913f33abf3b6aa664253e4b53cc6	0	0	0	0	0	0	0	0	0	0	0	0	0	0	0	0	0	0	0	0	0	0	0	0	0	0	0	3	3	0	0	0	0	0	0	0	0	0	0	0	0	0	0	0	0
960d430ba5f782ef6733dd87387d88d5	0	0	0	0	0	0	0	0	0	0	0	0	0	0	0	0	0	0	0	0	0	0	0	0	0	0	0	3	0	0	0	0	0	0	0	0	3	0	0	0	0	0	0	0	0
aa18f53e6b0f753498b5f386d9ce562c	0	0	0	0	0	0	0	0	0	0	0	0	0	0	0	0	0	0	0	0	0	0	0	0	0	0	0	3	0	0	0	0	0	0	0	0	0	3	0	0	0	0	0	0	0
746aaf4ef0a23dbcec7784687e5c19ce	0	0	0	0	0	0	0	0	0	0	0	0	0	0	0	0	0	0	0	0	0	0	0	0	0	0	0	3	0	0	0	0	0	0	0	0	0	3	0	0	0	0	0	0	0
30fdeb5c582b97b746862de2421205f0	0	0	0	0	0	0	0	0	0	0	0	0	0	0	0	0	0	0	0	0	0	0	0	0	0	0	0	2	0	0	0	0	0	0	0	0	2	0	0	0	2	0	0	0	0
d8f7bcd4df3b7180a0e670a78855f5f1	0	0	0	0	0	0	0	0	0	0	0	0	0	0	0	0	0	0	0	0	0	0	0	0	0	0	0	2	0	0	0	0	0	0	0	0	0	4	0	0	0	0	0	0	0
c7896b831af79e6fbdff22bff3df5985	0	0	0	0	0	0	0	0	0	0	0	0	0	0	0	0	0	0	0	0	0	0	0	0	0	0	0	0	0	6	0	0	0	0	0	0	0	0	0	0	0	0	0	0	0
4c4060eb9b5b231c0082a1cd13eb5f84	0	0	0	0	0	0	0	0	0	0	0	0	0	0	0	0	0	0	0	0	0	0	0	0	0	0	0	0	0	0	0	0	0	0	6	0	0	0	0	0	0	0	0	0	0
52ac69e2865c11b3274573ee746aa5cf	0	0	0	0	0	0	0	0	0	0	0	0	0	0	0	0	0	0	0	0	0	0	0	0	0	0	0	0	0	0	0	0	0	0	0	0	6	0	0	0	0	0	0	0	0
d822e1c12208ce870e02fc6b41692147	0	0	0	0	0	0	0	0	0	0	0	0	0	0	0	0	0	0	0	0	0	0	0	0	0	0	0	0	0	0	0	0	0	0	0	0	0	6	0	0	0	0	0	0	0
bab65fb207eae88fdb6da525ceb7073b	0	0	0	0	0	0	0	0	0	0	0	0	0	0	0	0	0	0	0	0	0	0	0	0	0	0	0	0	0	0	0	0	0	0	0	0	0	6	0	0	0	0	0	0	0
b0042dbac93e1718e46f25212d6156bf	0	0	0	0	0	0	0	0	0	0	0	0	0	0	0	0	0	0	0	0	0	0	0	0	0	0	0	0	0	0	0	0	0	0	0	0	0	6	0	0	0	0	0	0	0
448080e1912d03f7d92b9faabf18cfa0	0	0	0	0	0	0	0	0	0	0	0	0	0	0	0	0	0	0	0	0	0	0	0	0	0	0	0	0	0	0	0	0	0	0	0	0	0	6	0	0	0	0	0	0	0
219f32f6d2268ee11dfe5a8fb49474ef	0	0	0	0	0	0	0	0	0	0	0	0	0	0	0	0	0	0	0	0	0	0	0	0	0	0	0	0	0	0	0	0	0	0	0	0	0	6	0	0	0	0	0	0	0
3b11d3aed567f9b461893192940be334	0	0	0	0	0	0	0	0	0	0	0	0	0	0	0	0	0	0	0	0	0	0	0	0	0	0	0	0	0	0	0	0	0	0	0	0	0	6	0	0	0	0	0	0	0
bf8448faa00e3133df27cb141710de6c	0	0	0	0	0	0	0	0	0	0	0	0	0	0	0	0	0	0	0	0	0	0	0	0	0	0	0	0	0	0	0	0	0	0	0	0	0	6	0	0	0	0	0	0	0
6fa52c307e49d8a327bdf04e3f18867b	0	0	0	0	0	0	0	0	0	0	0	0	0	0	0	0	0	0	0	0	0	0	0	0	0	0	0	0	0	0	0	0	0	0	0	0	0	6	0	0	0	0	0	0	0
be699537842c03010d68753cd138d1c7	0	0	0	0	0	0	0	0	0	0	0	0	0	0	0	0	0	0	0	0	0	0	0	0	0	0	0	0	0	0	0	0	0	0	0	0	0	6	0	0	0	0	0	0	0
03768a74bc2606c8ec319b41e36c98e0	0	0	0	0	0	0	0	0	0	0	0	0	0	0	0	0	0	0	0	0	0	0	0	0	0	0	0	0	0	0	0	0	0	0	0	0	0	6	0	0	0	0	0	0	0
7d2f24db2cc2db8555f2d633a6fc222a	0	0	0	0	0	0	0	0	0	0	0	0	0	0	0	0	0	0	0	0	0	0	0	0	0	0	0	0	0	0	0	0	0	0	0	0	0	6	0	0	0	0	0	0	0
a37bea13a206284dc90813d46d39dfe7	0	0	0	0	0	0	0	0	0	0	0	0	0	0	0	0	0	0	0	0	0	0	0	0	0	0	0	0	0	0	0	0	0	0	0	0	0	0	0	6	0	0	0	0	0
f7bb7bb284899c9f9cc488d3d2b34a79	0	0	0	0	0	0	0	0	0	0	0	0	0	0	0	0	0	0	0	0	0	0	0	0	0	0	0	0	0	0	0	0	0	0	0	0	0	0	0	0	6	0	0	0	0
f143e9f2004fd68d7e0785c985540a22	0	0	0	0	0	0	0	0	0	0	0	0	0	0	0	0	0	0	0	0	0	0	0	0	0	0	0	0	0	0	0	0	0	0	0	0	0	0	0	0	2	2	0	2	0
33dda760eaaf91e9f357622e101f2cb1	0	0	0	0	0	0	0	0	0	0	0	0	0	0	0	0	0	0	0	0	0	0	0	0	0	0	0	0	0	0	0	0	0	0	0	0	0	0	0	0	0	6	0	0	0
bcb9edab16aa56bb919edef2952204e0	0	0	0	0	0	0	0	0	0	0	0	0	0	0	0	0	0	0	0	0	0	0	0	0	0	0	0	0	0	0	0	0	0	0	0	0	0	0	0	0	0	6	0	0	0
2c550598409e433395d55d390f4376c4	0	0	0	0	0	0	0	0	0	0	0	0	0	0	0	0	0	0	0	0	0	0	0	0	0	0	0	0	0	0	0	0	0	0	0	0	0	0	0	0	0	3	0	0	3
2b1c226ab924361db4b9ea0fd783a5c9	0	0	0	0	0	0	0	0	0	0	0	0	0	0	0	0	0	0	0	0	0	0	0	0	0	0	0	0	0	0	0	0	0	0	0	0	0	0	0	0	0	0	6	0	0
e55fc750ea7d700a9affe0e93a01a1a9	0	0	0	0	0	0	0	0	0	0	0	0	0	0	0	0	0	0	0	0	0	0	0	0	0	0	0	0	0	0	0	0	0	0	0	0	0	0	0	0	0	0	0	6	0
728f8a35bf0a4d6b8161dc6774baeae6	0	0	0	0	0	0	0	0	0	0	0	0	0	0	0	0	0	0	0	0	0	0	0	0	0	0	0	0	0	0	0	0	0	0	0	0	0	0	0	0	0	0	0	0	6
2107a957abb2f364d669016303ad0a05	0	5	0	0	0	0	0	0	0	0	0	0	0	0	0	0	0	0	0	0	0	0	0	0	0	0	0	0	0	0	0	0	0	0	0	0	0	0	0	0	0	0	0	0	0
eb8515a82e1ef4c2d11b15e8cacbada5	0	0	0	5	0	0	0	0	0	0	0	0	0	0	0	0	0	0	0	0	0	0	0	0	0	0	0	0	0	0	0	0	0	0	0	0	0	0	0	0	0	0	0	0	0
b732a2be2d6c3aaa8755b74eaf80267b	0	0	0	0	0	5	0	0	0	0	0	0	0	0	0	0	0	0	0	0	0	0	0	0	0	0	0	0	0	0	0	0	0	0	0	0	0	0	0	0	0	0	0	0	0
60a0b7b4043748f741e09d38a9738d72	0	0	0	0	0	5	0	0	0	0	0	0	0	0	0	0	0	0	0	0	0	0	0	0	0	0	0	0	0	0	0	0	0	0	0	0	0	0	0	0	0	0	0	0	0
57bb0f90a6a280cce784d0abd1f95177	0	0	0	0	0	0	5	0	0	0	0	0	0	0	0	0	0	0	0	0	0	0	0	0	0	0	0	0	0	0	0	0	0	0	0	0	0	0	0	0	0	0	0	0	0
8f0a8759f1af40fd4d74a7ae8ba14e67	0	0	0	0	0	0	5	0	0	0	0	0	0	0	0	0	0	0	0	0	0	0	0	0	0	0	0	0	0	0	0	0	0	0	0	0	0	0	0	0	0	0	0	0	0
15f8d6de8b249a08b00df3854869a7ec	0	0	0	0	0	0	0	5	0	0	0	0	0	0	0	0	0	0	0	0	0	0	0	0	0	0	0	0	0	0	0	0	0	0	0	0	0	0	0	0	0	0	0	0	0
3f438c9b6f733775911705dfa34dc313	0	0	0	0	0	0	0	0	0	5	0	0	0	0	0	0	0	0	0	0	0	0	0	0	0	0	0	0	0	0	0	0	0	0	0	0	0	0	0	0	0	0	0	0	0
551f52dcff4012a46c18f309dc398a89	0	0	0	0	0	0	0	0	0	5	0	0	0	0	0	0	0	0	0	0	0	0	0	0	0	0	0	0	0	0	0	0	0	0	0	0	0	0	0	0	0	0	0	0	0
c505f18c59bb971dd85fc0e09d371e04	0	0	0	0	0	0	0	0	0	5	0	0	0	0	0	0	0	0	0	0	0	0	0	0	0	0	0	0	0	0	0	0	0	0	0	0	0	0	0	0	0	0	0	0	0
268576126db9bd2ca59e7ed4d43d97aa	0	0	0	0	0	0	0	0	0	0	0	0	0	0	5	0	0	0	0	0	0	0	0	0	0	0	0	0	0	0	0	0	0	0	0	0	0	0	0	0	0	0	0	0	0
8b8c0fb2a35eac33588e967b1c6fb0bd	0	0	0	0	0	0	0	0	0	0	0	0	0	0	0	0	5	0	0	0	0	0	0	0	0	0	0	0	0	0	0	0	0	0	0	0	0	0	0	0	0	0	0	0	0
39951435d8128e156b29271861bcbd4f	0	0	0	0	0	0	0	0	0	0	0	0	0	0	0	0	5	0	0	0	0	0	0	0	0	0	0	0	0	0	0	0	0	0	0	0	0	0	0	0	0	0	0	0	0
71a486df6358a63972596b5dfd0f7724	0	0	0	0	0	0	0	0	0	0	0	0	0	0	0	0	5	0	0	0	0	0	0	0	0	0	0	0	0	0	0	0	0	0	0	0	0	0	0	0	0	0	0	0	0
46b1e4cb982f840d3ad4d5d91d4d7e25	0	0	0	0	0	0	0	0	0	0	0	0	0	0	0	0	5	0	0	0	0	0	0	0	0	0	0	0	0	0	0	0	0	0	0	0	0	0	0	0	0	0	0	0	0
9e46dc8d00ef4e6883c807d104edb95d	0	0	0	0	0	0	0	0	0	0	0	0	0	0	0	0	5	0	0	0	0	0	0	0	0	0	0	0	0	0	0	0	0	0	0	0	0	0	0	0	0	0	0	0	0
f6c7f37cafaa7f1c4b664d8864822fd3	0	0	0	0	0	0	0	0	0	0	0	0	0	0	0	0	5	0	0	0	0	0	0	0	0	0	0	0	0	0	0	0	0	0	0	0	0	0	0	0	0	0	0	0	0
85364698e891ecfba1f20bb511734d78	0	0	0	0	0	0	0	0	0	0	0	0	0	0	0	0	5	0	0	0	0	0	0	0	0	0	0	0	0	0	0	0	0	0	0	0	0	0	0	0	0	0	0	0	0
2c869c30289fdeaf59d55b8b20d2e094	0	0	0	0	0	0	0	0	0	0	0	0	0	0	0	0	5	0	0	0	0	0	0	0	0	0	0	0	0	0	0	0	0	0	0	0	0	0	0	0	0	0	0	0	0
633f20581e03182c50f284943701c3e8	0	0	0	0	0	0	0	0	0	0	0	0	0	0	0	0	5	0	0	0	0	0	0	0	0	0	0	0	0	0	0	0	0	0	0	0	0	0	0	0	0	0	0	0	0
eef4ae660503db91db91bc8499b8f3d5	0	0	0	0	0	0	0	0	0	0	0	0	0	0	0	0	5	0	0	0	0	0	0	0	0	0	0	0	0	0	0	0	0	0	0	0	0	0	0	0	0	0	0	0	0
79c1a542e10f2c822d6c2ace3512f236	0	0	0	0	0	0	0	0	0	0	0	0	0	0	0	0	5	0	0	0	0	0	0	0	0	0	0	0	0	0	0	0	0	0	0	0	0	0	0	0	0	0	0	0	0
2294697e9d1e5a240b1d1b36c50d3c72	0	0	0	0	0	0	0	0	0	0	0	0	0	0	0	0	5	0	0	0	0	0	0	0	0	0	0	0	0	0	0	0	0	0	0	0	0	0	0	0	0	0	0	0	0
0695ac6b44f9dae0a2b9ec048f0ad620	0	0	0	0	0	0	0	0	0	0	0	0	0	0	0	0	5	0	0	0	0	0	0	0	0	0	0	0	0	0	0	0	0	0	0	0	0	0	0	0	0	0	0	0	0
fbcf988eba4e9eb970f2ced19aacef7a	0	0	0	0	0	0	0	0	0	0	0	0	0	0	0	0	3	0	0	0	0	0	0	0	0	0	0	2	0	0	0	0	0	0	0	0	0	0	0	0	0	0	0	0	0
b42876f672629a4ddc2e16c133a76b13	0	0	0	0	0	0	0	0	0	0	0	0	0	0	0	0	0	5	0	0	0	0	0	0	0	0	0	0	0	0	0	0	0	0	0	0	0	0	0	0	0	0	0	0	0
bd3743b7f1996acbc01c32fb8c742cb2	0	0	0	0	0	0	0	0	0	0	0	0	0	0	0	0	0	5	0	0	0	0	0	0	0	0	0	0	0	0	0	0	0	0	0	0	0	0	0	0	0	0	0	0	0
c99d94500068bdea28bc26463a177ee9	0	0	0	0	0	0	0	0	0	0	0	0	0	0	0	0	0	5	0	0	0	0	0	0	0	0	0	0	0	0	0	0	0	0	0	0	0	0	0	0	0	0	0	0	0
8650b59ecf4d606049ad9f3e2f0580bb	0	0	0	0	0	0	0	0	0	0	0	0	0	0	0	0	0	5	0	0	0	0	0	0	0	0	0	0	0	0	0	0	0	0	0	0	0	0	0	0	0	0	0	0	0
a1bef8d69050250bd03d41016c01f10f	0	0	0	0	0	0	0	0	0	0	0	0	0	0	0	0	0	0	5	0	0	0	0	0	0	0	0	0	0	0	0	0	0	0	0	0	0	0	0	0	0	0	0	0	0
31e1fc18618fb6bb23caea51d52d7db6	0	0	0	0	0	0	0	0	0	0	0	0	0	0	0	0	0	0	5	0	0	0	0	0	0	0	0	0	0	0	0	0	0	0	0	0	0	0	0	0	0	0	0	0	0
34c988735300baf7226c7c836c7a58da	0	0	0	0	0	0	0	0	0	0	0	0	0	0	0	0	0	0	0	2	0	0	0	0	0	0	0	0	0	0	0	0	0	0	0	0	0	0	0	0	0	0	0	3	0
10ae1bc6c27d34fc686cdb0855cfa3ad	0	0	0	0	0	0	0	0	0	0	0	0	0	0	0	0	0	0	0	0	0	5	0	0	0	0	0	0	0	0	0	0	0	0	0	0	0	0	0	0	0	0	0	0	0
55e0986dd2540d9b4226a93b493d297d	0	0	0	0	0	0	0	0	0	0	0	0	0	0	0	0	0	0	0	0	0	5	0	0	0	0	0	0	0	0	0	0	0	0	0	0	0	0	0	0	0	0	0	0	0
279c9a090f2be0212f4d6cf38b3e3341	0	0	0	0	0	0	0	0	0	0	0	0	0	0	0	0	0	0	0	0	0	0	5	0	0	0	0	0	0	0	0	0	0	0	0	0	0	0	0	0	0	0	0	0	0
95a3d689cc90acbf21751118a47836bb	0	0	0	0	0	0	0	0	0	0	0	0	0	0	0	0	0	0	0	0	0	0	5	0	0	0	0	0	0	0	0	0	0	0	0	0	0	0	0	0	0	0	0	0	0
6312acc51c69c05e9732d97708d46ff1	0	0	0	0	0	0	0	0	0	0	0	0	0	0	0	0	0	0	0	0	0	0	5	0	0	0	0	0	0	0	0	0	0	0	0	0	0	0	0	0	0	0	0	0	0
51298b48aee68cfa4a190afcbb9823c5	0	0	0	0	0	0	0	0	0	0	0	0	0	0	0	0	0	0	0	0	0	0	5	0	0	0	0	0	0	0	0	0	0	0	0	0	0	0	0	0	0	0	0	0	0
7cbcb5a023db42781aea09c561a041d1	0	0	0	0	0	0	0	0	0	0	0	0	0	0	0	0	0	0	0	0	0	0	0	5	0	0	0	0	0	0	0	0	0	0	0	0	0	0	0	0	0	0	0	0	0
85eafe688ebc02d0bd821ae938baeb08	0	0	0	0	0	0	0	0	0	0	0	0	0	0	0	0	0	0	0	0	0	0	0	5	0	0	0	0	0	0	0	0	0	0	0	0	0	0	0	0	0	0	0	0	0
59427e874a9bd7630a1e08bc3e7f4219	0	0	0	0	0	0	0	0	0	0	0	0	0	0	0	0	0	0	0	0	0	0	0	0	0	0	5	0	0	0	0	0	0	0	0	0	0	0	0	0	0	0	0	0	0
79ad55b8f3e1b28e1cbfefe7135479fa	0	0	0	0	0	0	0	0	0	0	0	0	0	0	0	0	0	0	0	0	0	0	0	0	0	0	5	0	0	0	0	0	0	0	0	0	0	0	0	0	0	0	0	0	0
6eac30f271ac45a6399ffb4bc2029726	0	0	0	0	0	0	0	0	0	0	0	0	0	0	0	0	0	0	0	0	0	0	0	0	0	0	5	0	0	0	0	0	0	0	0	0	0	0	0	0	0	0	0	0	0
fbdae6d9c30c9796276bde13ea74c765	0	0	0	0	0	0	0	0	0	0	0	0	0	0	0	0	0	0	0	0	0	0	0	0	0	0	3	2	0	0	0	0	0	0	0	0	0	0	0	0	0	0	0	0	0
3a00807e371b846f0ed0e896e0369b33	0	0	0	0	0	0	0	0	0	0	0	0	0	0	0	0	0	0	0	0	0	0	0	0	0	0	2	3	0	0	0	0	0	0	0	0	0	0	0	0	0	0	0	0	0
dfcab8a031c68247f41b3bee8ef8544d	0	0	0	0	0	0	0	0	0	0	0	0	0	0	0	0	0	0	0	0	0	0	0	0	0	0	0	5	0	0	0	0	0	0	0	0	0	0	0	0	0	0	0	0	0
40e04f2f2f76d618bc0d922ce582f8dc	0	0	0	0	0	0	0	0	0	0	0	0	0	0	0	0	0	0	0	0	0	0	0	0	0	0	0	5	0	0	0	0	0	0	0	0	0	0	0	0	0	0	0	0	0
73ff861a8ccae606adee38e8cc3a734a	0	0	0	0	0	0	0	0	0	0	0	0	0	0	0	0	0	0	0	0	0	0	0	0	0	0	0	5	0	0	0	0	0	0	0	0	0	0	0	0	0	0	0	0	0
fe9ae24a4fd6040239e2ad1bf1a5f5c0	0	0	0	0	0	0	0	0	0	0	0	0	0	0	0	0	0	0	0	0	0	0	0	0	0	0	0	5	0	0	0	0	0	0	0	0	0	0	0	0	0	0	0	0	0
d6bfff65a8aaed4e404ba6601ac6038e	0	0	0	0	0	0	0	0	0	0	0	0	0	0	0	0	0	0	0	0	0	0	0	0	0	0	0	5	0	0	0	0	0	0	0	0	0	0	0	0	0	0	0	0	0
5178a1f588e355dd4e5f1f1f0d6c70f7	0	0	0	0	0	0	0	0	0	0	0	0	0	0	0	0	0	0	0	0	0	0	0	0	0	0	0	5	0	0	0	0	0	0	0	0	0	0	0	0	0	0	0	0	0
e271506b1815564e328cf961a5cd5d1f	0	0	0	0	0	0	0	0	0	0	0	0	0	0	0	0	0	0	0	0	0	0	0	0	0	0	0	3	0	2	0	0	0	0	0	0	0	0	0	0	0	0	0	0	0
fa2abae7d39c03941e06542c2c96670d	0	0	0	0	0	0	0	0	0	0	0	0	0	0	0	0	0	0	0	0	0	0	0	0	0	0	0	2	0	0	0	0	0	0	0	0	0	3	0	0	0	0	0	0	0
ffd6ace32b3332be42d6077069fe8fe8	0	0	0	0	0	0	0	0	0	0	0	0	0	0	0	0	0	0	0	0	0	0	0	0	0	0	0	1	0	0	0	0	0	0	0	0	0	4	0	0	0	0	0	0	0
5c163c1e78fd3f08250d52c9a675ff95	0	0	0	0	0	0	0	0	0	0	0	0	0	0	0	0	0	0	0	0	0	0	0	0	0	0	0	0	5	0	0	0	0	0	0	0	0	0	0	0	0	0	0	0	0
3c53768c42394ec61be00281460da82b	0	0	0	0	0	0	0	0	0	0	0	0	0	0	0	0	0	0	0	0	0	0	0	0	0	0	0	0	0	0	5	0	0	0	0	0	0	0	0	0	0	0	0	0	0
e5ee69142fa2eadff9e401afe5741d6d	0	0	0	0	0	0	0	0	0	0	0	0	0	0	0	0	0	0	0	0	0	0	0	0	0	0	0	0	0	0	2	2	0	0	0	1	0	0	0	0	0	0	0	0	0
ef58be48db7805070a93edc285ff8149	0	0	0	0	0	0	0	0	0	0	0	0	0	0	0	0	0	0	0	0	0	0	0	0	0	0	0	0	0	0	0	0	0	0	0	0	5	0	0	0	0	0	0	0	0
eeac901efb670577a19233bbb8e5c973	0	0	0	0	0	0	0	0	0	0	0	0	0	0	0	0	0	0	0	0	0	0	0	0	0	0	0	0	0	0	0	0	0	0	0	0	2	3	0	0	0	0	0	0	0
98e123fed526770635f639f66e768237	0	0	0	0	0	0	0	0	0	0	0	0	0	0	0	0	0	0	0	0	0	0	0	0	0	0	0	0	0	0	0	0	0	0	0	0	2	3	0	0	0	0	0	0	0
743751be102a75b189a31feab04ac3c2	0	0	0	0	0	0	0	0	0	0	0	0	0	0	0	0	0	0	0	0	0	0	0	0	0	0	0	0	0	0	0	0	0	0	0	0	0	5	0	0	0	0	0	0	0
f8e5faeb339f1b8957339ea17947d5bb	0	0	0	0	0	0	0	0	0	0	0	0	0	0	0	0	0	0	0	0	0	0	0	0	0	0	0	0	0	0	0	0	0	0	0	0	0	5	0	0	0	0	0	0	0
a231e23567f9590b2eceb159dc0dd595	0	0	0	0	0	0	0	0	0	0	0	0	0	0	0	0	0	0	0	0	0	0	0	0	0	0	0	0	0	0	0	0	0	0	0	0	0	5	0	0	0	0	0	0	0
676a555a3fcbe75f3393c8d4e7e09f30	0	0	0	0	0	0	0	0	0	0	0	0	0	0	0	0	0	0	0	0	0	0	0	0	0	0	0	0	0	0	0	0	0	0	0	0	0	5	0	0	0	0	0	0	0
cd7efca9922776c5e704b1cc389f5f1f	0	0	0	0	0	0	0	0	0	0	0	0	0	0	0	0	0	0	0	0	0	0	0	0	0	0	0	0	0	0	0	0	0	0	0	0	0	5	0	0	0	0	0	0	0
48aa0c36dd8886f08e85943d4dd67711	0	0	0	0	0	0	0	0	0	0	0	0	0	0	0	0	0	0	0	0	0	0	0	0	0	0	0	0	0	0	0	0	0	0	0	0	0	5	0	0	0	0	0	0	0
12f75dc684b71f09bc6b9efd24bdca2b	0	0	0	0	0	0	0	0	0	0	0	0	0	0	0	0	0	0	0	0	0	0	0	0	0	0	0	0	0	0	0	0	0	0	0	0	0	5	0	0	0	0	0	0	0
b31d697dba357b29f65e798dc748264e	0	0	0	0	0	0	0	0	0	0	0	0	0	0	0	0	0	0	0	0	0	0	0	0	0	0	0	0	0	0	0	0	0	0	0	0	0	5	0	0	0	0	0	0	0
8e17a22a3f20469984897d33e617b44d	0	0	0	0	0	0	0	0	0	0	0	0	0	0	0	0	0	0	0	0	0	0	0	0	0	0	0	0	0	0	0	0	0	0	0	0	0	5	0	0	0	0	0	0	0
66e9ff902c1b1dbada7c1ab7d28eca51	0	0	0	0	0	0	0	0	0	0	0	0	0	0	0	0	0	0	0	0	0	0	0	0	0	0	0	0	0	0	0	0	0	0	0	0	0	5	0	0	0	0	0	0	0
0b76a04480829e67d9aa079d40076611	0	0	0	0	0	0	0	0	0	0	0	0	0	0	0	0	0	0	0	0	0	0	0	0	0	0	0	0	0	0	0	0	0	0	0	0	0	5	0	0	0	0	0	0	0
5d444b010b6bd68e70899f93283d9b3e	0	0	0	0	0	0	0	0	0	0	0	0	0	0	0	0	0	0	0	0	0	0	0	0	0	0	0	0	0	0	0	0	0	0	0	0	0	5	0	0	0	0	0	0	0
e81e464bd7cce32c6d2d3bb968fe7010	0	0	0	0	0	0	0	0	0	0	0	0	0	0	0	0	0	0	0	0	0	0	0	0	0	0	0	0	0	0	0	0	0	0	0	0	0	3	0	0	0	0	2	0	0
d282c70cc88eff49cfda66bfcc722b3b	0	0	0	0	0	0	0	0	0	0	0	0	0	0	0	0	0	0	0	0	0	0	0	0	0	0	0	0	0	0	0	0	0	0	0	0	0	0	0	5	0	0	0	0	0
fc582be77cb0b887c0bc0602f9d5c789	0	0	0	0	0	0	0	0	0	0	0	0	0	0	0	0	0	0	0	0	0	0	0	0	0	0	0	0	0	0	0	0	0	0	0	0	0	0	0	5	0	0	0	0	0
fdc61ea01d80c8f355b77a8113e15c41	0	0	0	0	0	0	0	0	0	0	0	0	0	0	0	0	0	0	0	0	0	0	0	0	0	0	0	0	0	0	0	0	0	0	0	0	0	0	0	0	3	0	2	0	0
e1dcbf5385d99cf53baf9a7c3ddb0eeb	0	0	0	0	0	0	0	0	0	0	0	0	0	0	0	0	0	0	0	0	0	0	0	0	0	0	0	0	0	0	0	0	0	0	0	0	0	0	0	0	0	5	0	0	0
2cd7358b6a419f1d0ca9e9322f3a60e3	0	0	0	0	0	0	0	0	0	0	0	0	0	0	0	0	0	0	0	0	0	0	0	0	0	0	0	0	0	0	0	0	0	0	0	0	0	0	0	0	0	0	5	0	0
456ce6e11c23361aadd1bae4e9bedf91	0	0	0	0	0	0	0	0	0	0	0	0	0	0	0	0	0	0	0	0	0	0	0	0	0	0	0	0	0	0	0	0	0	0	0	0	0	0	0	0	0	0	5	0	0
30bae3f68c3edf28a7c3a6debf7727ed	0	0	0	0	0	0	0	0	0	0	0	0	0	0	0	0	0	0	0	0	0	0	0	0	0	0	0	0	0	0	0	0	0	0	0	0	0	0	0	0	0	0	5	0	0
7b98abacc7391de3d89dbbec374fee57	0	0	0	0	0	0	0	0	0	0	0	0	0	0	0	0	0	0	0	0	0	0	0	0	0	0	0	0	0	0	0	0	0	0	0	0	0	0	0	0	0	0	0	0	5
04a0f70578034a00d807f763d1f811a9	0	0	0	0	0	0	0	0	0	0	0	0	0	0	0	0	0	0	0	0	0	0	0	0	0	0	0	0	0	0	0	0	0	0	0	0	0	0	0	0	0	0	0	0	5
7bf6f30284ab3cd9459ef4d53bc14a0d	0	0	0	0	0	0	0	0	0	0	0	0	0	0	0	0	0	0	0	0	0	0	0	0	0	0	0	0	0	0	0	0	0	0	0	0	0	0	0	0	0	0	0	0	5
92c2c825dc12c8074dc2b49bb893b664	0	4	0	0	0	0	0	0	0	0	0	0	0	0	0	0	0	0	0	0	0	0	0	0	0	0	0	0	0	0	0	0	0	0	0	0	0	0	0	0	0	0	0	0	0
6b5213c7575270871f4c0777384d2363	0	0	0	0	0	4	0	0	0	0	0	0	0	0	0	0	0	0	0	0	0	0	0	0	0	0	0	0	0	0	0	0	0	0	0	0	0	0	0	0	0	0	0	0	0
33420f24ac4d47ad048e00927a8c16a1	0	0	0	0	0	0	4	0	0	0	0	0	0	0	0	0	0	0	0	0	0	0	0	0	0	0	0	0	0	0	0	0	0	0	0	0	0	0	0	0	0	0	0	0	0
ae71bf7c99d3583a2d8841e5911c5716	0	0	0	0	0	0	4	0	0	0	0	0	0	0	0	0	0	0	0	0	0	0	0	0	0	0	0	0	0	0	0	0	0	0	0	0	0	0	0	0	0	0	0	0	0
bf41c2587e5b2055fefa672f8fbda994	0	0	0	0	0	0	0	4	0	0	0	0	0	0	0	0	0	0	0	0	0	0	0	0	0	0	0	0	0	0	0	0	0	0	0	0	0	0	0	0	0	0	0	0	0
fa076ae32412fa13c6f69d16d63ae19e	0	0	0	0	0	0	0	4	0	0	0	0	0	0	0	0	0	0	0	0	0	0	0	0	0	0	0	0	0	0	0	0	0	0	0	0	0	0	0	0	0	0	0	0	0
6d3d71d0355952aa9003a30678b6a945	0	0	0	0	0	0	0	0	0	4	0	0	0	0	0	0	0	0	0	0	0	0	0	0	0	0	0	0	0	0	0	0	0	0	0	0	0	0	0	0	0	0	0	0	0
8b901bbaf67229ac83878fd9fda12029	0	0	0	0	0	0	0	0	0	4	0	0	0	0	0	0	0	0	0	0	0	0	0	0	0	0	0	0	0	0	0	0	0	0	0	0	0	0	0	0	0	0	0	0	0
4b8dbaa1ae250a262e99b622194e39a6	0	0	0	0	0	0	0	0	0	4	0	0	0	0	0	0	0	0	0	0	0	0	0	0	0	0	0	0	0	0	0	0	0	0	0	0	0	0	0	0	0	0	0	0	0
62b7cacc247c0a70d7f04395992debd3	0	0	0	0	0	0	0	0	0	0	0	0	0	0	4	0	0	0	0	0	0	0	0	0	0	0	0	0	0	0	0	0	0	0	0	0	0	0	0	0	0	0	0	0	0
5c3d6412548554f4248f8c309be6ec7d	0	0	0	0	0	0	0	0	0	0	0	0	0	0	0	0	4	0	0	0	0	0	0	0	0	0	0	0	0	0	0	0	0	0	0	0	0	0	0	0	0	0	0	0	0
233c20f67bcd615c587e8c564e3cb2f4	0	0	0	0	0	0	0	0	0	0	0	0	0	0	0	0	4	0	0	0	0	0	0	0	0	0	0	0	0	0	0	0	0	0	0	0	0	0	0	0	0	0	0	0	0
e9f19e6f5f8116a20e945d2b27588ab8	0	0	0	0	0	0	0	0	0	0	0	0	0	0	0	0	4	0	0	0	0	0	0	0	0	0	0	0	0	0	0	0	0	0	0	0	0	0	0	0	0	0	0	0	0
3e1a8c0d170f4e901d8f92141b10b042	0	0	0	0	0	0	0	0	0	0	0	0	0	0	0	0	4	0	0	0	0	0	0	0	0	0	0	0	0	0	0	0	0	0	0	0	0	0	0	0	0	0	0	0	0
f0c12f16e8d58c3f9bc04a2efb64aaab	0	0	0	0	0	0	0	0	0	0	0	0	0	0	0	0	4	0	0	0	0	0	0	0	0	0	0	0	0	0	0	0	0	0	0	0	0	0	0	0	0	0	0	0	0
2c18b2f4fdd5f100f506da4c3f692319	0	0	0	0	0	0	0	0	0	0	0	0	0	0	0	0	4	0	0	0	0	0	0	0	0	0	0	0	0	0	0	0	0	0	0	0	0	0	0	0	0	0	0	0	0
992b68dda245e6f7f6e8ddab11a67801	0	0	0	0	0	0	0	0	0	0	0	0	0	0	0	0	4	0	0	0	0	0	0	0	0	0	0	0	0	0	0	0	0	0	0	0	0	0	0	0	0	0	0	0	0
b516507bc82e1ef0652400e5f6b61988	0	0	0	0	0	0	0	0	0	0	0	0	0	0	0	0	3	0	0	0	0	0	0	0	0	0	0	0	0	0	0	0	0	0	0	0	0	1	0	0	0	0	0	0	0
15e23a0dac0cc6d480c747168507f3ce	0	0	0	0	0	0	0	0	0	0	0	0	0	0	0	0	3	0	1	0	0	0	0	0	0	0	0	0	0	0	0	0	0	0	0	0	0	0	0	0	0	0	0	0	0
dfae6efd17ebca86abc109ae4f3559b5	0	0	0	0	0	0	0	0	0	0	0	0	0	0	0	0	0	4	0	0	0	0	0	0	0	0	0	0	0	0	0	0	0	0	0	0	0	0	0	0	0	0	0	0	0
aff8730e28938b6f909423c22926e809	0	0	0	0	0	0	0	0	0	0	0	0	0	0	0	0	0	4	0	0	0	0	0	0	0	0	0	0	0	0	0	0	0	0	0	0	0	0	0	0	0	0	0	0	0
882ee6bbd9360fbdf034d181fedad5d7	0	0	0	0	0	0	0	0	0	0	0	0	0	0	0	0	0	4	0	0	0	0	0	0	0	0	0	0	0	0	0	0	0	0	0	0	0	0	0	0	0	0	0	0	0
8fb7ad79347b54296d699ee854215514	0	0	0	0	0	0	0	0	0	0	0	0	0	0	0	0	0	0	3	0	0	0	0	0	0	0	0	0	1	0	0	0	0	0	0	0	0	0	0	0	0	0	0	0	0
f569d70024732f7d1ffad982abbff317	0	0	0	0	0	0	0	0	0	0	0	0	0	0	0	0	0	0	0	0	4	0	0	0	0	0	0	0	0	0	0	0	0	0	0	0	0	0	0	0	0	0	0	0	0
cf9968c1d7dcc120ecb798fb305e21c1	0	0	0	0	0	0	0	0	0	0	0	0	0	0	0	0	0	0	0	0	0	4	0	0	0	0	0	0	0	0	0	0	0	0	0	0	0	0	0	0	0	0	0	0	0
e01693c3d6ad413682c957e66abf4d07	0	0	0	0	0	0	0	0	0	0	0	0	0	0	0	0	0	0	0	0	0	4	0	0	0	0	0	0	0	0	0	0	0	0	0	0	0	0	0	0	0	0	0	0	0
eb9af82ee93fddc9249faf39ecdae9de	0	0	0	0	0	0	0	0	0	0	0	0	0	0	0	0	0	0	0	0	0	0	4	0	0	0	0	0	0	0	0	0	0	0	0	0	0	0	0	0	0	0	0	0	0
ce1f3574881043c2f76056f086810326	0	0	0	0	0	0	0	0	0	0	0	0	0	0	0	0	0	0	0	0	0	0	4	0	0	0	0	0	0	0	0	0	0	0	0	0	0	0	0	0	0	0	0	0	0
82d7efa74eb96614a7df0ab460ab9452	0	0	0	0	0	0	0	0	0	0	0	0	0	0	0	0	0	0	0	0	0	0	4	0	0	0	0	0	0	0	0	0	0	0	0	0	0	0	0	0	0	0	0	0	0
763c42cdf579bb517ee74d61d26f9c79	0	0	0	0	0	0	0	0	0	0	0	0	0	0	0	0	0	0	0	0	0	0	0	4	0	0	0	0	0	0	0	0	0	0	0	0	0	0	0	0	0	0	0	0	0
b8b4b973930383c295bcaca7ac00d9a3	0	0	0	0	0	0	0	0	0	0	0	0	0	0	0	0	0	0	0	0	0	0	0	0	4	0	0	0	0	0	0	0	0	0	0	0	0	0	0	0	0	0	0	0	0
d8f691250b216e94e99b8d62b80eb44b	0	0	0	0	0	0	0	0	0	0	0	0	0	0	0	0	0	0	0	0	0	0	0	0	0	0	4	0	0	0	0	0	0	0	0	0	0	0	0	0	0	0	0	0	0
5dede057dc23ea07dc90f22f90de42ff	0	0	0	0	0	0	0	0	0	0	0	0	0	0	0	0	0	0	0	0	0	0	0	0	0	0	4	0	0	0	0	0	0	0	0	0	0	0	0	0	0	0	0	0	0
b823bae9e18b418305f245475f7a6eb4	0	0	0	0	0	0	0	0	0	0	0	0	0	0	0	0	0	0	0	0	0	0	0	0	0	0	4	0	0	0	0	0	0	0	0	0	0	0	0	0	0	0	0	0	0
74d600af1f37f2b5e54eacc09980565f	0	0	0	0	0	0	0	0	0	0	0	0	0	0	0	0	0	0	0	0	0	0	0	0	0	0	4	0	0	0	0	0	0	0	0	0	0	0	0	0	0	0	0	0	0
a343fd3648eabab08ac4c31d675b6060	0	0	0	0	0	0	0	0	0	0	0	0	0	0	0	0	0	0	0	0	0	0	0	0	0	0	4	0	0	0	0	0	0	0	0	0	0	0	0	0	0	0	0	0	0
8c4252130012faa07a5d6a2acb5ec0d6	0	0	0	0	0	0	0	0	0	0	0	0	0	0	0	0	0	0	0	0	0	0	0	0	0	0	2	2	0	0	0	0	0	0	0	0	0	0	0	0	0	0	0	0	0
7c1f162ef7fcf6addbdfdaef06e73ae4	0	0	0	0	0	0	0	0	0	0	0	0	0	0	0	0	0	0	0	0	0	0	0	0	0	0	0	4	0	0	0	0	0	0	0	0	0	0	0	0	0	0	0	0	0
2eeb6ed1e993fd103800024e28926228	0	0	0	0	0	0	0	0	0	0	0	0	0	0	0	0	0	0	0	0	0	0	0	0	0	0	0	4	0	0	0	0	0	0	0	0	0	0	0	0	0	0	0	0	0
3d01cd57676d5489f7b837658dab09f8	0	0	0	0	0	0	0	0	0	0	0	0	0	0	0	0	0	0	0	0	0	0	0	0	0	0	0	4	0	0	0	0	0	0	0	0	0	0	0	0	0	0	0	0	0
10f5f11f245c667e0a9c79e11538df49	0	0	0	0	0	0	0	0	0	0	0	0	0	0	0	0	0	0	0	0	0	0	0	0	0	0	0	4	0	0	0	0	0	0	0	0	0	0	0	0	0	0	0	0	0
7e6df51acf83c0a6bdf52214d50151d3	0	0	0	0	0	0	0	0	0	0	0	0	0	0	0	0	0	0	0	0	0	0	0	0	0	0	0	4	0	0	0	0	0	0	0	0	0	0	0	0	0	0	0	0	0
37bb490f208cc2291a5f5b6d66880607	0	0	0	0	0	0	0	0	0	0	0	0	0	0	0	0	0	0	0	0	0	0	0	0	0	0	0	4	0	0	0	0	0	0	0	0	0	0	0	0	0	0	0	0	0
0f7ad50a4b0aed0f620f0267e8b73327	0	0	0	0	0	0	0	0	0	0	0	0	0	0	0	0	0	0	0	0	0	0	0	0	0	0	0	4	0	0	0	0	0	0	0	0	0	0	0	0	0	0	0	0	0
34b34dc91d0f3a847a71f9f472042e2f	0	0	0	0	0	0	0	0	0	0	0	0	0	0	0	0	0	0	0	0	0	0	0	0	0	0	0	4	0	0	0	0	0	0	0	0	0	0	0	0	0	0	0	0	0
de455ec5ff28abc00c2e8759ceb46cd5	0	0	0	0	0	0	0	0	0	0	0	0	0	0	0	0	0	0	0	0	0	0	0	0	0	0	0	4	0	0	0	0	0	0	0	0	0	0	0	0	0	0	0	0	0
f101bcae398a4e96a74eacb43884821a	0	0	0	0	0	0	0	0	0	0	0	0	0	0	0	0	0	0	0	0	0	0	0	0	0	0	0	4	0	0	0	0	0	0	0	0	0	0	0	0	0	0	0	0	0
2af2505657c91220b86cf724fe455b81	0	0	0	0	0	0	0	0	0	0	0	0	0	0	0	0	0	0	0	0	0	0	0	0	0	0	0	4	0	0	0	0	0	0	0	0	0	0	0	0	0	0	0	0	0
25255752b34a41082f234dc0431f8d50	0	0	0	0	0	0	0	0	0	0	0	0	0	0	0	0	0	0	0	0	0	0	0	0	0	0	0	4	0	0	0	0	0	0	0	0	0	0	0	0	0	0	0	0	0
8bfdda18348fa64b28966b0ea6c5bbbd	0	0	0	0	0	0	0	0	0	0	0	0	0	0	0	0	0	0	0	0	0	0	0	0	0	0	0	4	0	0	0	0	0	0	0	0	0	0	0	0	0	0	0	0	0
ecfbb66573075bf19e9f16edf8352627	0	0	0	0	0	0	0	0	0	0	0	0	0	0	0	0	0	0	0	0	0	0	0	0	0	0	0	4	0	0	0	0	0	0	0	0	0	0	0	0	0	0	0	0	0
a79e4fc065604537f3ed6c76d4926b59	0	0	0	0	0	0	0	0	0	0	0	0	0	0	0	0	0	0	0	0	0	0	0	0	0	0	0	4	0	0	0	0	0	0	0	0	0	0	0	0	0	0	0	0	0
ec173738d90023785c90da71c5d35601	0	0	0	0	0	0	0	0	0	0	0	0	0	0	0	0	0	0	0	0	0	0	0	0	0	0	0	2	2	0	0	0	0	0	0	0	0	0	0	0	0	0	0	0	0
f71ff295468e6e3fffaf951fb7b3055e	0	0	0	0	0	0	0	0	0	0	0	0	0	0	0	0	0	0	0	0	0	0	0	0	0	0	0	2	2	0	0	0	0	0	0	0	0	0	0	0	0	0	0	0	0
2f8cca756752cb2ec04e4208fc31a69a	0	0	0	0	0	0	0	0	0	0	0	0	0	0	0	0	0	0	0	0	0	0	0	0	0	0	0	0	4	0	0	0	0	0	0	0	0	0	0	0	0	0	0	0	0
17364cf29381d9c4706e2b621e96f91c	0	0	0	0	0	0	0	0	0	0	0	0	0	0	0	0	0	0	0	0	0	0	0	0	0	0	0	0	0	0	0	0	0	0	0	0	4	0	0	0	0	0	0	0	0
389e468b95bae4505e7a9aef88dc8e46	0	0	0	0	0	0	0	0	0	0	0	0	0	0	0	0	0	0	0	0	0	0	0	0	0	0	0	0	0	0	0	0	0	0	0	0	4	0	0	0	0	0	0	0	0
9ac89bba7bafac03c5f0c3327f65954e	0	0	0	0	0	0	0	0	0	0	0	0	0	0	0	0	0	0	0	0	0	0	0	0	0	0	0	0	0	0	0	0	0	0	0	0	4	0	0	0	0	0	0	0	0
4d987459482f64c941db943ff8f4052f	0	0	0	0	0	0	0	0	0	0	0	0	0	0	0	0	0	0	0	0	0	0	0	0	0	0	0	0	0	0	0	0	0	0	0	0	4	0	0	0	0	0	0	0	0
0ef7945a5b7c1c1e51932f6b201bd5a2	0	0	0	0	0	0	0	0	0	0	0	0	0	0	0	0	0	0	0	0	0	0	0	0	0	0	0	0	0	0	0	0	0	0	0	0	0	4	0	0	0	0	0	0	0
0476e35579d9b9d0b44fe6cd8b072242	0	0	0	0	0	0	0	0	0	0	0	0	0	0	0	0	0	0	0	0	0	0	0	0	0	0	0	0	0	0	0	0	0	0	0	0	0	4	0	0	0	0	0	0	0
3965f98581395f4442f731cd65e20aa0	0	0	0	0	0	0	0	0	0	0	0	0	0	0	0	0	0	0	0	0	0	0	0	0	0	0	0	0	0	0	0	0	0	0	0	0	0	4	0	0	0	0	0	0	0
2f180dbe7102e7d587954b02e3d32bde	0	0	0	0	0	0	0	0	0	0	0	0	0	0	0	0	0	0	0	0	0	0	0	0	0	0	0	0	0	0	0	0	0	0	0	0	0	4	0	0	0	0	0	0	0
cf2e016180f39216cb05a0112966563d	0	0	0	0	0	0	0	0	0	0	0	0	0	0	0	0	0	0	0	0	0	0	0	0	0	0	0	0	0	0	0	0	0	0	0	0	0	4	0	0	0	0	0	0	0
83ada7528f1900197e3f97fad5e6a455	0	0	0	0	0	0	0	0	0	0	0	0	0	0	0	0	0	0	0	0	0	0	0	0	0	0	0	0	0	0	0	0	0	0	0	0	0	4	0	0	0	0	0	0	0
83cd5425f9d12dcb291ef68481e4bc7a	0	0	0	0	0	0	0	0	0	0	0	0	0	0	0	0	0	0	0	0	0	0	0	0	0	0	0	0	0	0	0	0	0	0	0	0	0	4	0	0	0	0	0	0	0
91687597d263c76e45496421bdd92625	0	0	0	0	0	0	0	0	0	0	0	0	0	0	0	0	0	0	0	0	0	0	0	0	0	0	0	0	0	0	0	0	0	0	0	0	0	4	0	0	0	0	0	0	0
aa4524bea5f5e4ca9e96b69f50dcb7cf	0	0	0	0	0	0	0	0	0	0	0	0	0	0	0	0	0	0	0	0	0	0	0	0	0	0	0	0	0	0	0	0	0	0	0	0	0	4	0	0	0	0	0	0	0
d9b281b88c657ee202b29daba4c2c2ca	0	0	0	0	0	0	0	0	0	0	0	0	0	0	0	0	0	0	0	0	0	0	0	0	0	0	0	0	0	0	0	0	0	0	0	0	0	4	0	0	0	0	0	0	0
c52b8b3f55d39f44d9ad7c39d15e9db3	0	0	0	0	0	0	0	0	0	0	0	0	0	0	0	0	0	0	0	0	0	0	0	0	0	0	0	0	0	0	0	0	0	0	0	0	0	4	0	0	0	0	0	0	0
4b183f6ae7abe81cc28acf877d06227c	0	0	0	0	0	0	0	0	0	0	0	0	0	0	0	0	0	0	0	0	0	0	0	0	0	0	0	0	0	0	0	0	0	0	0	0	0	4	0	0	0	0	0	0	0
1863c12f6ac8b3b00aba2bfcc3913b77	0	0	0	0	0	0	0	0	0	0	0	0	0	0	0	0	0	0	0	0	0	0	0	0	0	0	0	0	0	0	0	0	0	0	0	0	0	4	0	0	0	0	0	0	0
3dc93b5dad745f06bae3c29d2b06d961	0	0	0	0	0	0	0	0	0	0	0	0	0	0	0	0	0	0	0	0	0	0	0	0	0	0	0	0	0	0	0	0	0	0	0	0	0	4	0	0	0	0	0	0	0
bac81a6a638ea9f77089adfb1f4bf4c2	0	0	0	0	0	0	0	0	0	0	0	0	0	0	0	0	0	0	0	0	0	0	0	0	0	0	0	0	0	0	0	0	0	0	0	0	0	4	0	0	0	0	0	0	0
a32170ee2e5618d07d9d54a1b395862a	0	0	0	0	0	0	0	0	0	0	0	0	0	0	0	0	0	0	0	0	0	0	0	0	0	0	0	0	0	0	0	0	0	0	0	0	0	4	0	0	0	0	0	0	0
27d2f643df7b73708f08c45d30e3382d	0	0	0	0	0	0	0	0	0	0	0	0	0	0	0	0	0	0	0	0	0	0	0	0	0	0	0	0	0	0	0	0	0	0	0	0	0	4	0	0	0	0	0	0	0
771578200dc8ffa549cccc1517498e2b	0	0	0	0	0	0	0	0	0	0	0	0	0	0	0	0	0	0	0	0	0	0	0	0	0	0	0	0	0	0	0	0	0	0	0	0	0	4	0	0	0	0	0	0	0
cb9afffc419a9321e7f7e13a395f4943	0	0	0	0	0	0	0	0	0	0	0	0	0	0	0	0	0	0	0	0	0	0	0	0	0	0	0	0	0	0	0	0	0	0	0	0	0	2	0	0	0	0	0	2	0
71be95374bd9efa41231d67a01130bdc	0	0	0	0	0	0	0	0	0	0	0	0	0	0	0	0	0	0	0	0	0	0	0	0	0	0	0	0	0	0	0	0	0	0	0	0	0	2	0	0	0	0	0	0	2
0d59e38ba8c3f1c6c51b4bdf00218c24	0	0	0	0	0	0	0	0	0	0	0	0	0	0	0	0	0	0	0	0	0	0	0	0	0	0	0	0	0	0	0	0	0	0	0	0	0	0	0	0	4	0	0	0	0
eaed05660e031a5600feb7395cf86611	0	0	0	0	0	0	0	0	0	0	0	0	0	0	0	0	0	0	0	0	0	0	0	0	0	0	0	0	0	0	0	0	0	0	0	0	0	0	0	0	4	0	0	0	0
e467ce11956f5eab83f6c8b01deaa184	0	0	0	0	0	0	0	0	0	0	0	0	0	0	0	0	0	0	0	0	0	0	0	0	0	0	0	0	0	0	0	0	0	0	0	0	0	0	0	0	0	4	0	0	0
f0e54efef31585e020ca95dc6b880d07	0	0	0	0	0	0	0	0	0	0	0	0	0	0	0	0	0	0	0	0	0	0	0	0	0	0	0	0	0	0	0	0	0	0	0	0	0	0	0	0	0	0	4	0	0
c78b73bfffed262d9a0b4a2d2e91a6e7	0	0	0	0	0	0	0	0	0	0	0	0	0	0	0	0	0	0	0	0	0	0	0	0	0	0	0	0	0	0	0	0	0	0	0	0	0	0	0	0	0	0	4	0	0
51abf0afa12f032cb3863aba3053ab8e	0	0	0	0	0	0	0	0	0	0	0	0	0	0	0	0	0	0	0	0	0	0	0	0	0	0	0	0	0	0	0	0	0	0	0	0	0	0	0	0	0	0	0	4	0
98b833d06e9c01a3f90a3069d8378c59	0	0	0	0	0	0	0	0	0	0	0	0	0	0	0	0	0	0	0	0	0	0	0	0	0	0	0	0	0	0	0	0	0	0	0	0	0	0	0	0	0	0	0	4	0
7d38e2a929f343f43acf3f518138ac16	0	0	0	0	0	0	0	0	0	0	0	0	0	0	0	0	0	0	0	0	0	0	0	0	0	0	0	0	0	0	0	0	0	0	0	0	0	0	0	0	0	0	0	0	4
446fbe4eb194f24787f0f347362e2963	0	0	0	0	0	0	0	0	0	0	0	0	0	0	0	0	0	0	0	0	0	0	0	0	0	0	0	0	0	0	0	0	0	0	0	0	0	0	0	0	0	0	0	0	4
55c6942de107f2e74bde96483b47822f	0	0	0	0	0	0	0	0	0	0	0	0	0	0	0	0	0	0	0	0	0	0	0	0	0	0	0	0	0	0	0	0	0	0	0	0	0	0	0	0	0	0	0	0	4
42a9bc1f840911cf11ca0b0460611ebb	0	0	0	0	0	0	0	0	0	0	0	0	0	0	0	0	0	0	0	0	0	0	0	0	0	0	0	0	0	0	0	0	0	0	0	0	0	0	0	0	0	0	0	0	4
9b9bfe39dbce1d84714a690b7e15fda2	3	0	0	0	0	0	0	0	0	0	0	0	0	0	0	0	0	0	0	0	0	0	0	0	0	0	0	0	0	0	0	0	0	0	0	0	0	0	0	0	0	0	0	0	0
19a21c37267a33a3059a0206730df075	0	3	0	0	0	0	0	0	0	0	0	0	0	0	0	0	0	0	0	0	0	0	0	0	0	0	0	0	0	0	0	0	0	0	0	0	0	0	0	0	0	0	0	0	0
b21788bf720789d321d8e824f2306e1d	0	3	0	0	0	0	0	0	0	0	0	0	0	0	0	0	0	0	0	0	0	0	0	0	0	0	0	0	0	0	0	0	0	0	0	0	0	0	0	0	0	0	0	0	0
93d51dcfbe820897ec1b430ff4fd8795	0	3	0	0	0	0	0	0	0	0	0	0	0	0	0	0	0	0	0	0	0	0	0	0	0	0	0	0	0	0	0	0	0	0	0	0	0	0	0	0	0	0	0	0	0
bc3fa5a513354263313afe7b6b39dabd	0	0	0	0	0	0	0	3	0	0	0	0	0	0	0	0	0	0	0	0	0	0	0	0	0	0	0	0	0	0	0	0	0	0	0	0	0	0	0	0	0	0	0	0	0
1e0304c656456ecc4af90ea7ce493efd	0	0	0	0	0	0	0	0	0	0	0	3	0	0	0	0	0	0	0	0	0	0	0	0	0	0	0	0	0	0	0	0	0	0	0	0	0	0	0	0	0	0	0	0	0
fbf5fb7dcd4d0144f9a7216fdb6e198c	0	0	0	0	0	0	0	0	0	0	0	0	0	3	0	0	0	0	0	0	0	0	0	0	0	0	0	0	0	0	0	0	0	0	0	0	0	0	0	0	0	0	0	0	0
6d577e378efab24039407a8b81ca05d7	0	0	0	0	0	0	0	0	0	0	0	0	0	0	3	0	0	0	0	0	0	0	0	0	0	0	0	0	0	0	0	0	0	0	0	0	0	0	0	0	0	0	0	0	0
70fe1c451d5cc5ea5b8b2672a9969180	0	0	0	0	0	0	0	0	0	0	0	0	0	0	0	0	3	0	0	0	0	0	0	0	0	0	0	0	0	0	0	0	0	0	0	0	0	0	0	0	0	0	0	0	0
46b41f95c69beeb9967f8b71cd139045	0	0	0	0	0	0	0	0	0	0	0	0	0	0	0	0	3	0	0	0	0	0	0	0	0	0	0	0	0	0	0	0	0	0	0	0	0	0	0	0	0	0	0	0	0
d16ba2c7e634571bbc76582978cfd88e	0	0	0	0	0	0	0	0	0	0	0	0	0	0	0	0	3	0	0	0	0	0	0	0	0	0	0	0	0	0	0	0	0	0	0	0	0	0	0	0	0	0	0	0	0
d4572f6a711ae5545dc4a3cd0ee35952	0	0	0	0	0	0	0	0	0	0	0	0	0	0	0	0	3	0	0	0	0	0	0	0	0	0	0	0	0	0	0	0	0	0	0	0	0	0	0	0	0	0	0	0	0
bf6d95c6bea25442548a3ffef293c595	0	0	0	0	0	0	0	0	0	0	0	0	0	0	0	0	3	0	0	0	0	0	0	0	0	0	0	0	0	0	0	0	0	0	0	0	0	0	0	0	0	0	0	0	0
50e41ac9849b8bb01c787df2807e6b85	0	0	0	0	0	0	0	0	0	0	0	0	0	0	0	0	3	0	0	0	0	0	0	0	0	0	0	0	0	0	0	0	0	0	0	0	0	0	0	0	0	0	0	0	0
9c570f51214a8605db2a22a6013bad44	0	0	0	0	0	0	0	0	0	0	0	0	0	0	0	0	3	0	0	0	0	0	0	0	0	0	0	0	0	0	0	0	0	0	0	0	0	0	0	0	0	0	0	0	0
cce9e25b5725d4da8b617b03e2103538	0	0	0	0	0	0	0	0	0	0	0	0	0	0	0	0	3	0	0	0	0	0	0	0	0	0	0	0	0	0	0	0	0	0	0	0	0	0	0	0	0	0	0	0	0
f37039df6d7636d33a36b9b11d457dc2	0	0	0	0	0	0	0	0	0	0	0	0	0	0	0	0	3	0	0	0	0	0	0	0	0	0	0	0	0	0	0	0	0	0	0	0	0	0	0	0	0	0	0	0	0
e087bd4e151b59af6419a1856ed553c3	0	0	0	0	0	0	0	0	0	0	0	0	0	0	0	0	0	3	0	0	0	0	0	0	0	0	0	0	0	0	0	0	0	0	0	0	0	0	0	0	0	0	0	0	0
ffa553fd7cc3e9eceb82951c3f323455	0	0	0	0	0	0	0	0	0	0	0	0	0	0	0	0	0	3	0	0	0	0	0	0	0	0	0	0	0	0	0	0	0	0	0	0	0	0	0	0	0	0	0	0	0
39a270b1b6e960efccddb6a1d4860a20	0	0	0	0	0	0	0	0	0	0	0	0	0	0	0	0	0	3	0	0	0	0	0	0	0	0	0	0	0	0	0	0	0	0	0	0	0	0	0	0	0	0	0	0	0
8f6317934ace76987afa486f51c13f88	0	0	0	0	0	0	0	0	0	0	0	0	0	0	0	0	0	0	3	0	0	0	0	0	0	0	0	0	0	0	0	0	0	0	0	0	0	0	0	0	0	0	0	0	0
fd984bad2bacf36bfd9e160048bcce98	0	0	0	0	0	0	0	0	0	0	0	0	0	0	0	0	0	0	3	0	0	0	0	0	0	0	0	0	0	0	0	0	0	0	0	0	0	0	0	0	0	0	0	0	0
36dd9a93fb5759cc53cd13123e9d4f26	0	0	0	0	0	0	0	0	0	0	0	0	0	0	0	0	0	0	0	3	0	0	0	0	0	0	0	0	0	0	0	0	0	0	0	0	0	0	0	0	0	0	0	0	0
e28fc6107b04e6b8df659a842924846f	0	0	0	0	0	0	0	0	0	0	0	0	0	0	0	0	0	0	0	3	0	0	0	0	0	0	0	0	0	0	0	0	0	0	0	0	0	0	0	0	0	0	0	0	0
b8a4e3fec7a759b6b563c15ac9ca22e5	0	0	0	0	0	0	0	0	0	0	0	0	0	0	0	0	0	0	0	3	0	0	0	0	0	0	0	0	0	0	0	0	0	0	0	0	0	0	0	0	0	0	0	0	0
0f58d0352dd5bc9780be85b6ecf4afe8	0	0	0	0	0	0	0	0	0	0	0	0	0	0	0	0	0	0	0	0	3	0	0	0	0	0	0	0	0	0	0	0	0	0	0	0	0	0	0	0	0	0	0	0	0
b94664aedcc31e5659b08e464983700d	0	0	0	0	0	0	0	0	0	0	0	0	0	0	0	0	0	0	0	0	0	3	0	0	0	0	0	0	0	0	0	0	0	0	0	0	0	0	0	0	0	0	0	0	0
f494fe22ba84f159f79857af57725e41	0	0	0	0	0	0	0	0	0	0	0	0	0	0	0	0	0	0	0	0	0	0	3	0	0	0	0	0	0	0	0	0	0	0	0	0	0	0	0	0	0	0	0	0	0
b156a4c8312bb19876031c7341e6d1a8	0	0	0	0	0	0	0	0	0	0	0	0	0	0	0	0	0	0	0	0	0	0	3	0	0	0	0	0	0	0	0	0	0	0	0	0	0	0	0	0	0	0	0	0	0
0bf1bf38dca83dda0ab60e09f8e1e116	0	0	0	0	0	0	0	0	0	0	0	0	0	0	0	0	0	0	0	0	0	0	3	0	0	0	0	0	0	0	0	0	0	0	0	0	0	0	0	0	0	0	0	0	0
1fd956fa83e6ff7f33c77524953aa45c	0	0	0	0	0	0	0	0	0	0	0	0	0	0	0	0	0	0	0	0	0	0	3	0	0	0	0	0	0	0	0	0	0	0	0	0	0	0	0	0	0	0	0	0	0
3c6d15e276c7bfc92f56bd739775cba3	0	0	0	0	0	0	0	0	0	0	0	0	0	0	0	0	0	0	0	0	0	0	3	0	0	0	0	0	0	0	0	0	0	0	0	0	0	0	0	0	0	0	0	0	0
846d1806c2f592b3add47748e1a68430	0	0	0	0	0	0	0	0	0	0	0	0	0	0	0	0	0	0	0	0	0	0	3	0	0	0	0	0	0	0	0	0	0	0	0	0	0	0	0	0	0	0	0	0	0
3817aa61c01e49b8f2f7e9c783fbf5a3	0	0	0	0	0	0	0	0	0	0	0	0	0	0	0	0	0	0	0	0	0	0	0	0	0	0	3	0	0	0	0	0	0	0	0	0	0	0	0	0	0	0	0	0	0
2b1a7cef2a2dbb9372ffbdf67f1fca45	0	0	0	0	0	0	0	0	0	0	0	0	0	0	0	0	0	0	0	0	0	0	0	0	0	0	3	0	0	0	0	0	0	0	0	0	0	0	0	0	0	0	0	0	0
2ebe8d471933b70d7a6f81a06d4f1b83	0	0	0	0	0	0	0	0	0	0	0	0	0	0	0	0	0	0	0	0	0	0	0	0	0	0	3	0	0	0	0	0	0	0	0	0	0	0	0	0	0	0	0	0	0
21f1929273bde64f0154de34550d4794	0	0	0	0	0	0	0	0	0	0	0	0	0	0	0	0	0	0	0	0	0	0	0	0	0	0	3	0	0	0	0	0	0	0	0	0	0	0	0	0	0	0	0	0	0
4cfbe2576eb850b714434a58598da8a7	0	0	0	0	0	0	0	0	0	0	0	0	0	0	0	0	0	0	0	0	0	0	0	0	0	0	3	0	0	0	0	0	0	0	0	0	0	0	0	0	0	0	0	0	0
401937af6e5dad5bd2299f600735324a	0	0	0	0	0	0	0	0	0	0	0	0	0	0	0	0	0	0	0	0	0	0	0	0	0	0	0	3	0	0	0	0	0	0	0	0	0	0	0	0	0	0	0	0	0
1ae683ae40bef4ed42911871b14681d7	0	0	0	0	0	0	0	0	0	0	0	0	0	0	0	0	0	0	0	0	0	0	0	0	0	0	0	3	0	0	0	0	0	0	0	0	0	0	0	0	0	0	0	0	0
7f6d4152e8a0fa5ef5913bf3f7b11899	0	0	0	0	0	0	0	0	0	0	0	0	0	0	0	0	0	0	0	0	0	0	0	0	0	0	0	3	0	0	0	0	0	0	0	0	0	0	0	0	0	0	0	0	0
f97dabf58a5c34a0857b93503bd2eff3	0	0	0	0	0	0	0	0	0	0	0	0	0	0	0	0	0	0	0	0	0	0	0	0	0	0	0	3	0	0	0	0	0	0	0	0	0	0	0	0	0	0	0	0	0
65a3c1c498ab38a1b561a5fadf8a5182	0	0	0	0	0	0	0	0	0	0	0	0	0	0	0	0	0	0	0	0	0	0	0	0	0	0	0	3	0	0	0	0	0	0	0	0	0	0	0	0	0	0	0	0	0
0b7ca814668417fa8d988601f6c92694	0	0	0	0	0	0	0	0	0	0	0	0	0	0	0	0	0	0	0	0	0	0	0	0	0	0	0	3	0	0	0	0	0	0	0	0	0	0	0	0	0	0	0	0	0
e70dd502040b252c2e15a6967dcae441	0	0	0	0	0	0	0	0	0	0	0	0	0	0	0	0	0	0	0	0	0	0	0	0	0	0	0	3	0	0	0	0	0	0	0	0	0	0	0	0	0	0	0	0	0
82586c7009eb237dc57d068ecfe6118b	0	0	0	0	0	0	0	0	0	0	0	0	0	0	0	0	0	0	0	0	0	0	0	0	0	0	0	3	0	0	0	0	0	0	0	0	0	0	0	0	0	0	0	0	0
893f086d45afa77933b32ab005502ee7	0	0	0	0	0	0	0	0	0	0	0	0	0	0	0	0	0	0	0	0	0	0	0	0	0	0	0	3	0	0	0	0	0	0	0	0	0	0	0	0	0	0	0	0	0
6a7fb3c1c3c9ecb66e5935d0c34e054d	0	0	0	0	0	0	0	0	0	0	0	0	0	0	0	0	0	0	0	0	0	0	0	0	0	0	0	3	0	0	0	0	0	0	0	0	0	0	0	0	0	0	0	0	0
97d1bc4ded70888ced69863b66431dab	0	0	0	0	0	0	0	0	0	0	0	0	0	0	0	0	0	0	0	0	0	0	0	0	0	0	0	0	3	0	0	0	0	0	0	0	0	0	0	0	0	0	0	0	0
ec5ff3010664f308d7b3ab5cd5ee2dfe	0	0	0	0	0	0	0	0	0	0	0	0	0	0	0	0	0	0	0	0	0	0	0	0	0	0	0	0	1	0	0	0	0	0	0	0	0	0	0	0	1	0	0	1	0
28886e63d7a50b39a122989edacccac5	0	0	0	0	0	0	0	0	0	0	0	0	0	0	0	0	0	0	0	0	0	0	0	0	0	0	0	0	0	3	0	0	0	0	0	0	0	0	0	0	0	0	0	0	0
70f01aca52f00da12246c99d75cab27f	0	0	0	0	0	0	0	0	0	0	0	0	0	0	0	0	0	0	0	0	0	0	0	0	0	0	0	0	0	3	0	0	0	0	0	0	0	0	0	0	0	0	0	0	0
a7574ce0127a6719d0049cb640fba800	0	0	0	0	0	0	0	0	0	0	0	0	0	0	0	0	0	0	0	0	0	0	0	0	0	0	0	0	0	3	0	0	0	0	0	0	0	0	0	0	0	0	0	0	0
c05c511a5af8e9c8a0a7f97521fa9263	0	0	0	0	0	0	0	0	0	0	0	0	0	0	0	0	0	0	0	0	0	0	0	0	0	0	0	0	0	3	0	0	0	0	0	0	0	0	0	0	0	0	0	0	0
55d31bf2d6686a67d7ee286ebc4c91f0	0	0	0	0	0	0	0	0	0	0	0	0	0	0	0	0	0	0	0	0	0	0	0	0	0	0	0	0	0	3	0	0	0	0	0	0	0	0	0	0	0	0	0	0	0
8247c60b042d1649e4a4f7e6e8ad298a	0	0	0	0	0	0	0	0	0	0	0	0	0	0	0	0	0	0	0	0	0	0	0	0	0	0	0	0	0	0	3	0	0	0	0	0	0	0	0	0	0	0	0	0	0
582f37998dc5fa10acc7846edddbf0d8	0	0	0	0	0	0	0	0	0	0	0	0	0	0	0	0	0	0	0	0	0	0	0	0	0	0	0	0	0	0	3	0	0	0	0	0	0	0	0	0	0	0	0	0	0
fb671d86de40d4a4dcd34a1b70e97b10	0	0	0	0	0	0	0	0	0	0	0	0	0	0	0	0	0	0	0	0	0	0	0	0	0	0	0	0	0	0	0	0	3	0	0	0	0	0	0	0	0	0	0	0	0
31c5d6d689fe24ec7157fa1c0783fbd4	0	0	0	0	0	0	0	0	0	0	0	0	0	0	0	0	0	0	0	0	0	0	0	0	0	0	0	0	0	0	0	0	0	0	0	0	3	0	0	0	0	0	0	0	0
292e5c1d059d03a0253e670303e590ed	0	0	0	0	0	0	0	0	0	0	0	0	0	0	0	0	0	0	0	0	0	0	0	0	0	0	0	0	0	0	0	0	0	0	0	0	3	0	0	0	0	0	0	0	0
7354bb7f325b5e7481b26f89d4118510	0	0	0	0	0	0	0	0	0	0	0	0	0	0	0	0	0	0	0	0	0	0	0	0	0	0	0	0	0	0	0	0	0	0	0	0	0	3	0	0	0	0	0	0	0
25a08a3e604d682fc14c1f568893df05	0	0	0	0	0	0	0	0	0	0	0	0	0	0	0	0	0	0	0	0	0	0	0	0	0	0	0	0	0	0	0	0	0	0	0	0	0	3	0	0	0	0	0	0	0
0a1afdc4ff3cbbd87da5c198e8a05a3b	0	0	0	0	0	0	0	0	0	0	0	0	0	0	0	0	0	0	0	0	0	0	0	0	0	0	0	0	0	0	0	0	0	0	0	0	0	3	0	0	0	0	0	0	0
8e2e687b23d0f48bf82f14dd12955893	0	0	0	0	0	0	0	0	0	0	0	0	0	0	0	0	0	0	0	0	0	0	0	0	0	0	0	0	0	0	0	0	0	0	0	0	0	3	0	0	0	0	0	0	0
dc88ac6b12f9cdc39b64451b0286740f	0	0	0	0	0	0	0	0	0	0	0	0	0	0	0	0	0	0	0	0	0	0	0	0	0	0	0	0	0	0	0	0	0	0	0	0	0	3	0	0	0	0	0	0	0
b56b147b76fadb0d77f708139a71c2f2	0	0	0	0	0	0	0	0	0	0	0	0	0	0	0	0	0	0	0	0	0	0	0	0	0	0	0	0	0	0	0	0	0	0	0	0	0	3	0	0	0	0	0	0	0
759af6e5de08f0824080367771a35357	0	0	0	0	0	0	0	0	0	0	0	0	0	0	0	0	0	0	0	0	0	0	0	0	0	0	0	0	0	0	0	0	0	0	0	0	0	3	0	0	0	0	0	0	0
f06249ca05d8c60f31582f2d4e0307a3	0	0	0	0	0	0	0	0	0	0	0	0	0	0	0	0	0	0	0	0	0	0	0	0	0	0	0	0	0	0	0	0	0	0	0	0	0	3	0	0	0	0	0	0	0
d4a5773f56a4659d64a249173f4901bf	0	0	0	0	0	0	0	0	0	0	0	0	0	0	0	0	0	0	0	0	0	0	0	0	0	0	0	0	0	0	0	0	0	0	0	0	0	3	0	0	0	0	0	0	0
088993a30f671f7233770eb581e8dfcc	0	0	0	0	0	0	0	0	0	0	0	0	0	0	0	0	0	0	0	0	0	0	0	0	0	0	0	0	0	0	0	0	0	0	0	0	0	3	0	0	0	0	0	0	0
d8f9d96d9f3c9215999a24bb99b7bd99	0	0	0	0	0	0	0	0	0	0	0	0	0	0	0	0	0	0	0	0	0	0	0	0	0	0	0	0	0	0	0	0	0	0	0	0	0	3	0	0	0	0	0	0	0
ebb14e8a71268c83a94f8b07f707a14b	0	0	0	0	0	0	0	0	0	0	0	0	0	0	0	0	0	0	0	0	0	0	0	0	0	0	0	0	0	0	0	0	0	0	0	0	0	3	0	0	0	0	0	0	0
481bf2834071f479e4bec0e319123b8a	0	0	0	0	0	0	0	0	0	0	0	0	0	0	0	0	0	0	0	0	0	0	0	0	0	0	0	0	0	0	0	0	0	0	0	0	0	3	0	0	0	0	0	0	0
3ab846ab1e884481ef8c32aad8be09ff	0	0	0	0	0	0	0	0	0	0	0	0	0	0	0	0	0	0	0	0	0	0	0	0	0	0	0	0	0	0	0	0	0	0	0	0	0	3	0	0	0	0	0	0	0
b1dab4bfeebc98f143525d696694f8f8	0	0	0	0	0	0	0	0	0	0	0	0	0	0	0	0	0	0	0	0	0	0	0	0	0	0	0	0	0	0	0	0	0	0	0	0	0	3	0	0	0	0	0	0	0
703c7017f317edffd61cd24396d071a5	0	0	0	0	0	0	0	0	0	0	0	0	0	0	0	0	0	0	0	0	0	0	0	0	0	0	0	0	0	0	0	0	0	0	0	0	0	3	0	0	0	0	0	0	0
9aca9afaf3315c6e9bf5689170838abb	0	0	0	0	0	0	0	0	0	0	0	0	0	0	0	0	0	0	0	0	0	0	0	0	0	0	0	0	0	0	0	0	0	0	0	0	0	3	0	0	0	0	0	0	0
8d31d2703cf193818f2c88ace6860b3a	0	0	0	0	0	0	0	0	0	0	0	0	0	0	0	0	0	0	0	0	0	0	0	0	0	0	0	0	0	0	0	0	0	0	0	0	0	0	0	3	0	0	0	0	0
b28cc06abc81d1b21c974e7ed8072800	0	0	0	0	0	0	0	0	0	0	0	0	0	0	0	0	0	0	0	0	0	0	0	0	0	0	0	0	0	0	0	0	0	0	0	0	0	0	0	3	0	0	0	0	0
ee6e72ea103e3f6e64c05014c288cba1	0	0	0	0	0	0	0	0	0	0	0	0	0	0	0	0	0	0	0	0	0	0	0	0	0	0	0	0	0	0	0	0	0	0	0	0	0	0	0	3	0	0	0	0	0
25de432bb15ce148a75a8ecef7de3821	0	0	0	0	0	0	0	0	0	0	0	0	0	0	0	0	0	0	0	0	0	0	0	0	0	0	0	0	0	0	0	0	0	0	0	0	0	0	0	3	0	0	0	0	0
88c786915e96874f9ce087a46ee4a2e2	0	0	0	0	0	0	0	0	0	0	0	0	0	0	0	0	0	0	0	0	0	0	0	0	0	0	0	0	0	0	0	0	0	0	0	0	0	0	0	0	3	0	0	0	0
323654fbbf35385d9c6e6f1fec29a019	0	0	0	0	0	0	0	0	0	0	0	0	0	0	0	0	0	0	0	0	0	0	0	0	0	0	0	0	0	0	0	0	0	0	0	0	0	0	0	0	3	0	0	0	0
622c45880f6d5651ff0befac2262094b	0	0	0	0	0	0	0	0	0	0	0	0	0	0	0	0	0	0	0	0	0	0	0	0	0	0	0	0	0	0	0	0	0	0	0	0	0	0	0	0	3	0	0	0	0
929e641e401b6aecf1db643abe8d18ce	0	0	0	0	0	0	0	0	0	0	0	0	0	0	0	0	0	0	0	0	0	0	0	0	0	0	0	0	0	0	0	0	0	0	0	0	0	0	0	0	3	0	0	0	0
9aa038574b580b9774aeead1d1307e6e	0	0	0	0	0	0	0	0	0	0	0	0	0	0	0	0	0	0	0	0	0	0	0	0	0	0	0	0	0	0	0	0	0	0	0	0	0	0	0	0	0	3	0	0	0
659a0194d5a5ec18eef37ff230c914bd	0	0	0	0	0	0	0	0	0	0	0	0	0	0	0	0	0	0	0	0	0	0	0	0	0	0	0	0	0	0	0	0	0	0	0	0	0	0	0	0	0	3	0	0	0
7fe3a187c60fbf820a667e8b61e16d6d	0	0	0	0	0	0	0	0	0	0	0	0	0	0	0	0	0	0	0	0	0	0	0	0	0	0	0	0	0	0	0	0	0	0	0	0	0	0	0	0	0	3	0	0	0
277b8f4cecb09d3339bc14fb98074e96	0	0	0	0	0	0	0	0	0	0	0	0	0	0	0	0	0	0	0	0	0	0	0	0	0	0	0	0	0	0	0	0	0	0	0	0	0	0	0	0	0	3	0	0	0
a2da8fcf2cea322222909137835c148c	0	0	0	0	0	0	0	0	0	0	0	0	0	0	0	0	0	0	0	0	0	0	0	0	0	0	0	0	0	0	0	0	0	0	0	0	0	0	0	0	0	3	0	0	0
e07de690d65a6d4a358bca8039d74f44	0	0	0	0	0	0	0	0	0	0	0	0	0	0	0	0	0	0	0	0	0	0	0	0	0	0	0	0	0	0	0	0	0	0	0	0	0	0	0	0	0	3	0	0	0
166803e12b77397ca31bc62b16674949	0	0	0	0	0	0	0	0	0	0	0	0	0	0	0	0	0	0	0	0	0	0	0	0	0	0	0	0	0	0	0	0	0	0	0	0	0	0	0	0	0	3	0	0	0
d0c31899b4cab358ace956b005383822	0	0	0	0	0	0	0	0	0	0	0	0	0	0	0	0	0	0	0	0	0	0	0	0	0	0	0	0	0	0	0	0	0	0	0	0	0	0	0	0	0	3	0	0	0
199711519e758b4c845037a85a61ac11	0	0	0	0	0	0	0	0	0	0	0	0	0	0	0	0	0	0	0	0	0	0	0	0	0	0	0	0	0	0	0	0	0	0	0	0	0	0	0	0	0	3	0	0	0
547721d0fedcf4b08e90ec3325bd84dd	0	0	0	0	0	0	0	0	0	0	0	0	0	0	0	0	0	0	0	0	0	0	0	0	0	0	0	0	0	0	0	0	0	0	0	0	0	0	0	0	0	0	3	0	0
5852e12f5112760a7169ae51e2504160	0	0	0	0	0	0	0	0	0	0	0	0	0	0	0	0	0	0	0	0	0	0	0	0	0	0	0	0	0	0	0	0	0	0	0	0	0	0	0	0	0	0	0	3	0
e7aa7adb75da670757809e7891892889	0	0	0	0	0	0	0	0	0	0	0	0	0	0	0	0	0	0	0	0	0	0	0	0	0	0	0	0	0	0	0	0	0	0	0	0	0	0	0	0	0	0	0	3	0
24f35cb55064aad258e66dc3215975ad	0	0	0	0	0	0	0	0	0	0	0	0	0	0	0	0	0	0	0	0	0	0	0	0	0	0	0	0	0	0	0	0	0	0	0	0	0	0	0	0	0	0	0	0	3
1d9209ae6dd626d978e33fb4d45bdaa1	0	0	0	0	0	0	0	0	0	0	0	0	0	0	0	0	0	0	0	0	0	0	0	0	0	0	0	0	0	0	0	0	0	0	0	0	0	0	0	0	0	0	0	0	3
7c9a5bedd4784ab5df01f3c51b217e32	0	0	0	0	0	0	0	0	0	0	0	0	0	0	0	0	0	0	0	0	0	0	0	0	0	0	0	0	0	0	0	0	0	0	0	0	0	0	0	0	0	0	0	0	3
6ff077850b5d1f1bbe87f1fd3851cc76	0	0	0	0	0	0	0	0	0	0	0	0	0	0	0	0	0	0	0	0	0	0	0	0	0	0	0	0	0	0	0	0	0	0	0	0	0	0	0	0	0	0	0	0	3
0cf8739bfa6d9141de37833b8239c08b	0	0	0	0	0	0	0	0	0	0	0	0	0	0	0	0	0	0	0	0	0	0	0	0	0	0	0	0	0	0	0	0	0	0	0	0	0	0	0	0	0	0	0	0	3
6f53bb4f00f676e806f0b5d57af61cb7	2	0	0	0	0	0	0	0	0	0	0	0	0	0	0	0	0	0	0	0	0	0	0	0	0	0	0	0	0	0	0	0	0	0	0	0	0	0	0	0	0	0	0	0	0
67f031578c20ba825d72d8e7afba6bc4	2	0	0	0	0	0	0	0	0	0	0	0	0	0	0	0	0	0	0	0	0	0	0	0	0	0	0	0	0	0	0	0	0	0	0	0	0	0	0	0	0	0	0	0	0
9954e78ea2868c31ada03f4a9907fcb8	0	2	0	0	0	0	0	0	0	0	0	0	0	0	0	0	0	0	0	0	0	0	0	0	0	0	0	0	0	0	0	0	0	0	0	0	0	0	0	0	0	0	0	0	0
7e4f249f8278ac78d4b3c9256d8f602c	0	2	0	0	0	0	0	0	0	0	0	0	0	0	0	0	0	0	0	0	0	0	0	0	0	0	0	0	0	0	0	0	0	0	0	0	0	0	0	0	0	0	0	0	0
1e039465baef3fe55242ba3266caaeb4	0	2	0	0	0	0	0	0	0	0	0	0	0	0	0	0	0	0	0	0	0	0	0	0	0	0	0	0	0	0	0	0	0	0	0	0	0	0	0	0	0	0	0	0	0
96c475d4379ec155fc721525ffe0f252	0	0	0	0	0	0	0	2	0	0	0	0	0	0	0	0	0	0	0	0	0	0	0	0	0	0	0	0	0	0	0	0	0	0	0	0	0	0	0	0	0	0	0	0	0
78559002a2a88e57095178100d3da808	0	0	0	0	0	0	0	2	0	0	0	0	0	0	0	0	0	0	0	0	0	0	0	0	0	0	0	0	0	0	0	0	0	0	0	0	0	0	0	0	0	0	0	0	0
371573fcbf5b9522b5c521952f64ff7c	0	0	0	0	0	0	0	2	0	0	0	0	0	0	0	0	0	0	0	0	0	0	0	0	0	0	0	0	0	0	0	0	0	0	0	0	0	0	0	0	0	0	0	0	0
a94d66e405afdd18a3d8f7db5fa5a0c9	0	0	0	0	0	0	0	2	0	0	0	0	0	0	0	0	0	0	0	0	0	0	0	0	0	0	0	0	0	0	0	0	0	0	0	0	0	0	0	0	0	0	0	0	0
57daeef0a5dfc017345e31971e76289e	0	0	0	0	0	0	0	0	0	2	0	0	0	0	0	0	0	0	0	0	0	0	0	0	0	0	0	0	0	0	0	0	0	0	0	0	0	0	0	0	0	0	0	0	0
9de5ec7536f3849a2abb9c38f87f62a1	0	0	0	0	0	0	0	0	0	2	0	0	0	0	0	0	0	0	0	0	0	0	0	0	0	0	0	0	0	0	0	0	0	0	0	0	0	0	0	0	0	0	0	0	0
6f63ff4493b5aa84c7dda590fbb33399	0	0	0	0	0	0	0	0	0	2	0	0	0	0	0	0	0	0	0	0	0	0	0	0	0	0	0	0	0	0	0	0	0	0	0	0	0	0	0	0	0	0	0	0	0
050154232e27c0af8ffb497676cbde66	0	0	0	0	0	0	0	0	0	0	0	0	0	0	0	0	2	0	0	0	0	0	0	0	0	0	0	0	0	0	0	0	0	0	0	0	0	0	0	0	0	0	0	0	0
14803abef42432199a2682c3f865e360	0	0	0	0	0	0	0	0	0	0	0	0	0	0	0	0	2	0	0	0	0	0	0	0	0	0	0	0	0	0	0	0	0	0	0	0	0	0	0	0	0	0	0	0	0
e57ae3ed81b4ec84ab02e96059dae01b	0	0	0	0	0	0	0	0	0	0	0	0	0	0	0	0	2	0	0	0	0	0	0	0	0	0	0	0	0	0	0	0	0	0	0	0	0	0	0	0	0	0	0	0	0
98ef51275e39785b8b9d7ba2126103dd	0	0	0	0	0	0	0	0	0	0	0	0	0	0	0	0	2	0	0	0	0	0	0	0	0	0	0	0	0	0	0	0	0	0	0	0	0	0	0	0	0	0	0	0	0
881c23fdd67dc1a99a123efa959f3e70	0	0	0	0	0	0	0	0	0	0	0	0	0	0	0	0	2	0	0	0	0	0	0	0	0	0	0	0	0	0	0	0	0	0	0	0	0	0	0	0	0	0	0	0	0
0c18cef3b444afdde81a71b70082cffe	0	0	0	0	0	0	0	0	0	0	0	0	0	0	0	0	0	2	0	0	0	0	0	0	0	0	0	0	0	0	0	0	0	0	0	0	0	0	0	0	0	0	0	0	0
f6842f54c65a80067d6aaeabef9fe512	0	0	0	0	0	0	0	0	0	0	0	0	0	0	0	0	0	0	2	0	0	0	0	0	0	0	0	0	0	0	0	0	0	0	0	0	0	0	0	0	0	0	0	0	0
6aa6123707916ad11f94dff6f6115a9c	0	0	0	0	0	0	0	0	0	0	0	0	0	0	0	0	0	0	2	0	0	0	0	0	0	0	0	0	0	0	0	0	0	0	0	0	0	0	0	0	0	0	0	0	0
6bb14a542fb1c44868b87c211fea8a32	0	0	0	0	0	0	0	0	0	0	0	0	0	0	0	0	0	0	2	0	0	0	0	0	0	0	0	0	0	0	0	0	0	0	0	0	0	0	0	0	0	0	0	0	0
df09a3d13d900a6eb09ae22c67796481	0	0	0	0	0	0	0	0	0	0	0	0	0	0	0	0	0	0	2	0	0	0	0	0	0	0	0	0	0	0	0	0	0	0	0	0	0	0	0	0	0	0	0	0	0
660c7a0a110da5cbcc22f325513ba05a	0	0	0	0	0	0	0	0	0	0	0	0	0	0	0	0	0	0	0	2	0	0	0	0	0	0	0	0	0	0	0	0	0	0	0	0	0	0	0	0	0	0	0	0	0
138f7568b44f12ab47184df4fec9be56	0	0	0	0	0	0	0	0	0	0	0	0	0	0	0	0	0	0	0	2	0	0	0	0	0	0	0	0	0	0	0	0	0	0	0	0	0	0	0	0	0	0	0	0	0
7001a834da0a44d6dad97a29b8f888c4	0	0	0	0	0	0	0	0	0	0	0	0	0	0	0	0	0	0	0	0	0	2	0	0	0	0	0	0	0	0	0	0	0	0	0	0	0	0	0	0	0	0	0	0	0
33ba1cae9328e15ea12892fb15ff4f28	0	0	0	0	0	0	0	0	0	0	0	0	0	0	0	0	0	0	0	0	0	0	2	0	0	0	0	0	0	0	0	0	0	0	0	0	0	0	0	0	0	0	0	0	0
9be03fec9f0aba276d6f68df642e4b96	0	0	0	0	0	0	0	0	0	0	0	0	0	0	0	0	0	0	0	0	0	0	2	0	0	0	0	0	0	0	0	0	0	0	0	0	0	0	0	0	0	0	0	0	0
20ff7e6c7de8c3afbb9f3ee3cdf8f510	0	0	0	0	0	0	0	0	0	0	0	0	0	0	0	0	0	0	0	0	0	0	2	0	0	0	0	0	0	0	0	0	0	0	0	0	0	0	0	0	0	0	0	0	0
75bcd6b12a073c510cae9b1d6baccca2	0	0	0	0	0	0	0	0	0	0	0	0	0	0	0	0	0	0	0	0	0	0	2	0	0	0	0	0	0	0	0	0	0	0	0	0	0	0	0	0	0	0	0	0	0
5680d63d2aae48b82901452212781232	0	0	0	0	0	0	0	0	0	0	0	0	0	0	0	0	0	0	0	0	0	0	2	0	0	0	0	0	0	0	0	0	0	0	0	0	0	0	0	0	0	0	0	0	0
1ded7a2a7c654e8b9727b7420417614d	0	0	0	0	0	0	0	0	0	0	0	0	0	0	0	0	0	0	0	0	0	0	2	0	0	0	0	0	0	0	0	0	0	0	0	0	0	0	0	0	0	0	0	0	0
dfcdf64908ba4108976c89ba12adee3f	0	0	0	0	0	0	0	0	0	0	0	0	0	0	0	0	0	0	0	0	0	0	2	0	0	0	0	0	0	0	0	0	0	0	0	0	0	0	0	0	0	0	0	0	0
5f0083a130edeb08ea726cf50145a8f6	0	0	0	0	0	0	0	0	0	0	0	0	0	0	0	0	0	0	0	0	0	0	2	0	0	0	0	0	0	0	0	0	0	0	0	0	0	0	0	0	0	0	0	0	0
baf9e1a5d8e1abdede0be4837f8345ed	0	0	0	0	0	0	0	0	0	0	0	0	0	0	0	0	0	0	0	0	0	0	2	0	0	0	0	0	0	0	0	0	0	0	0	0	0	0	0	0	0	0	0	0	0
c67ef3d99792aa29dd9165906f8ea909	0	0	0	0	0	0	0	0	0	0	0	0	0	0	0	0	0	0	0	0	0	0	2	0	0	0	0	0	0	0	0	0	0	0	0	0	0	0	0	0	0	0	0	0	0
e3dc72be809c69d870f3c1f784dcf8ff	0	0	0	0	0	0	0	0	0	0	0	0	0	0	0	0	0	0	0	0	0	0	2	0	0	0	0	0	0	0	0	0	0	0	0	0	0	0	0	0	0	0	0	0	0
bfcdc74d687e1ed55b56aaaea8039001	0	0	0	0	0	0	0	0	0	0	0	0	0	0	0	0	0	0	0	0	0	0	2	0	0	0	0	0	0	0	0	0	0	0	0	0	0	0	0	0	0	0	0	0	0
dc2e1d538ed4c8ecd46d40f5ce5a37c2	0	0	0	0	0	0	0	0	0	0	0	0	0	0	0	0	0	0	0	0	0	0	2	0	0	0	0	0	0	0	0	0	0	0	0	0	0	0	0	0	0	0	0	0	0
b7053f9664e7a1fd10a915a80e975718	0	0	0	0	0	0	0	0	0	0	0	0	0	0	0	0	0	0	0	0	0	0	2	0	0	0	0	0	0	0	0	0	0	0	0	0	0	0	0	0	0	0	0	0	0
319f79dccec2882d632e3198d76b6af5	0	0	0	0	0	0	0	0	0	0	0	0	0	0	0	0	0	0	0	0	0	0	0	2	0	0	0	0	0	0	0	0	0	0	0	0	0	0	0	0	0	0	0	0	0
b8f97a69718228f8466d056e3630a57d	0	0	0	0	0	0	0	0	0	0	0	0	0	0	0	0	0	0	0	0	0	0	0	2	0	0	0	0	0	0	0	0	0	0	0	0	0	0	0	0	0	0	0	0	0
5cf024ea9259a512f8255779ca520abf	0	0	0	0	0	0	0	0	0	0	0	0	0	0	0	0	0	0	0	0	0	0	0	2	0	0	0	0	0	0	0	0	0	0	0	0	0	0	0	0	0	0	0	0	0
5a971e30b4935dd71c8b92292aa6fa8c	0	0	0	0	0	0	0	0	0	0	0	0	0	0	0	0	0	0	0	0	0	0	0	2	0	0	0	0	0	0	0	0	0	0	0	0	0	0	0	0	0	0	0	0	0
d7ba431f60bb99cb2305bd7d13a90e6b	0	0	0	0	0	0	0	0	0	0	0	0	0	0	0	0	0	0	0	0	0	0	0	0	0	0	2	0	0	0	0	0	0	0	0	0	0	0	0	0	0	0	0	0	0
b3f1f8317a0c71af1eb98eb40127be9f	0	0	0	0	0	0	0	0	0	0	0	0	0	0	0	0	0	0	0	0	0	0	0	0	0	0	2	0	0	0	0	0	0	0	0	0	0	0	0	0	0	0	0	0	0
f3e3efb6b613ef8d4b97dc3b1dfd320b	0	0	0	0	0	0	0	0	0	0	0	0	0	0	0	0	0	0	0	0	0	0	0	0	0	0	2	0	0	0	0	0	0	0	0	0	0	0	0	0	0	0	0	0	0
fd149e341a80a765c50472d625d5674d	0	0	0	0	0	0	0	0	0	0	0	0	0	0	0	0	0	0	0	0	0	0	0	0	0	0	0	2	0	0	0	0	0	0	0	0	0	0	0	0	0	0	0	0	0
d74dc43c2a1f8a2b4126456d38f733a9	0	0	0	0	0	0	0	0	0	0	0	0	0	0	0	0	0	0	0	0	0	0	0	0	0	0	0	2	0	0	0	0	0	0	0	0	0	0	0	0	0	0	0	0	0
be619769dbfb75408a79a6fd35530f4a	0	0	0	0	0	0	0	0	0	0	0	0	0	0	0	0	0	0	0	0	0	0	0	0	0	0	0	2	0	0	0	0	0	0	0	0	0	0	0	0	0	0	0	0	0
ad5a9c5ed86e8591367201986568c1d5	0	0	0	0	0	0	0	0	0	0	0	0	0	0	0	0	0	0	0	0	0	0	0	0	0	0	0	2	0	0	0	0	0	0	0	0	0	0	0	0	0	0	0	0	0
b6f3eba6ae431d5c087cd730a231defa	0	0	0	0	0	0	0	0	0	0	0	0	0	0	0	0	0	0	0	0	0	0	0	0	0	0	0	2	0	0	0	0	0	0	0	0	0	0	0	0	0	0	0	0	0
8c7f1eb5bd80f6f0d9813b84476f7476	0	0	0	0	0	0	0	0	0	0	0	0	0	0	0	0	0	0	0	0	0	0	0	0	0	0	0	2	0	0	0	0	0	0	0	0	0	0	0	0	0	0	0	0	0
1768f32fe8d615da77c0939f98df5a8a	0	0	0	0	0	0	0	0	0	0	0	0	0	0	0	0	0	0	0	0	0	0	0	0	0	0	0	2	0	0	0	0	0	0	0	0	0	0	0	0	0	0	0	0	0
17aed052640641d99073f8fbbe280573	0	0	0	0	0	0	0	0	0	0	0	0	0	0	0	0	0	0	0	0	0	0	0	0	0	0	0	2	0	0	0	0	0	0	0	0	0	0	0	0	0	0	0	0	0
d1fb1f0c7f7dc700005be5dfb4a36eb3	0	0	0	0	0	0	0	0	0	0	0	0	0	0	0	0	0	0	0	0	0	0	0	0	0	0	0	2	0	0	0	0	0	0	0	0	0	0	0	0	0	0	0	0	0
6dbdf6625cf647cddd4499915797481f	0	0	0	0	0	0	0	0	0	0	0	0	0	0	0	0	0	0	0	0	0	0	0	0	0	0	0	2	0	0	0	0	0	0	0	0	0	0	0	0	0	0	0	0	0
8f9d915f705359c63a81e139178aeea6	0	0	0	0	0	0	0	0	0	0	0	0	0	0	0	0	0	0	0	0	0	0	0	0	0	0	0	2	0	0	0	0	0	0	0	0	0	0	0	0	0	0	0	0	0
81cb8a43537bd92291061b605db8566c	0	0	0	0	0	0	0	0	0	0	0	0	0	0	0	0	0	0	0	0	0	0	0	0	0	0	0	2	0	0	0	0	0	0	0	0	0	0	0	0	0	0	0	0	0
1313ddf6d4351b9c3a34d93efa57d42a	0	0	0	0	0	0	0	0	0	0	0	0	0	0	0	0	0	0	0	0	0	0	0	0	0	0	0	2	0	0	0	0	0	0	0	0	0	0	0	0	0	0	0	0	0
5531962a6736b3b3c9a786ae1b844ce9	0	0	0	0	0	0	0	0	0	0	0	0	0	0	0	0	0	0	0	0	0	0	0	0	0	0	0	2	0	0	0	0	0	0	0	0	0	0	0	0	0	0	0	0	0
2ef16e1c87a87d1b013637a6e8aa2ef6	0	0	0	0	0	0	0	0	0	0	0	0	0	0	0	0	0	0	0	0	0	0	0	0	0	0	0	2	0	0	0	0	0	0	0	0	0	0	0	0	0	0	0	0	0
68328e48043ce40d5c9eec06e6a5b19a	0	0	0	0	0	0	0	0	0	0	0	0	0	0	0	0	0	0	0	0	0	0	0	0	0	0	0	2	0	0	0	0	0	0	0	0	0	0	0	0	0	0	0	0	0
6d27b55cae310d8c73bfd1b246d15382	0	0	0	0	0	0	0	0	0	0	0	0	0	0	0	0	0	0	0	0	0	0	0	0	0	0	0	2	0	0	0	0	0	0	0	0	0	0	0	0	0	0	0	0	0
29e34bbe41c1e48c5b5f14ee5f1e5d6f	0	0	0	0	0	0	0	0	0	0	0	0	0	0	0	0	0	0	0	0	0	0	0	0	0	0	0	2	0	0	0	0	0	0	0	0	0	0	0	0	0	0	0	0	0
bb2cbe9a261f7ac20c3546265d2f9319	0	0	0	0	0	0	0	0	0	0	0	0	0	0	0	0	0	0	0	0	0	0	0	0	0	0	0	2	0	0	0	0	0	0	0	0	0	0	0	0	0	0	0	0	0
e2122d2691a56960dc98282158c1eb6f	0	0	0	0	0	0	0	0	0	0	0	0	0	0	0	0	0	0	0	0	0	0	0	0	0	0	0	2	0	0	0	0	0	0	0	0	0	0	0	0	0	0	0	0	0
10d441b504e7c5604a6bb31c0c6ceb40	0	0	0	0	0	0	0	0	0	0	0	0	0	0	0	0	0	0	0	0	0	0	0	0	0	0	0	2	0	0	0	0	0	0	0	0	0	0	0	0	0	0	0	0	0
05d24701e4c86a1559a0e43057f869d1	0	0	0	0	0	0	0	0	0	0	0	0	0	0	0	0	0	0	0	0	0	0	0	0	0	0	0	2	0	0	0	0	0	0	0	0	0	0	0	0	0	0	0	0	0
bdf55bba9cfc177d39ecf90670d25a7d	0	0	0	0	0	0	0	0	0	0	0	0	0	0	0	0	0	0	0	0	0	0	0	0	0	0	0	2	0	0	0	0	0	0	0	0	0	0	0	0	0	0	0	0	0
c6bfde2e0dc307543190850e9d2d784b	0	0	0	0	0	0	0	0	0	0	0	0	0	0	0	0	0	0	0	0	0	0	0	0	0	0	0	2	0	0	0	0	0	0	0	0	0	0	0	0	0	0	0	0	0
5f87a8ab13803cdd7c13349e3155522e	0	0	0	0	0	0	0	0	0	0	0	0	0	0	0	0	0	0	0	0	0	0	0	0	0	0	0	2	0	0	0	0	0	0	0	0	0	0	0	0	0	0	0	0	0
6492126548a98485c44229f383d95740	0	0	0	0	0	0	0	0	0	0	0	0	0	0	0	0	0	0	0	0	0	0	0	0	0	0	0	2	0	0	0	0	0	0	0	0	0	0	0	0	0	0	0	0	0
d8386580ccdf52362e254048cc6760b0	0	0	0	0	0	0	0	0	0	0	0	0	0	0	0	0	0	0	0	0	0	0	0	0	0	0	0	1	0	0	0	0	0	0	0	0	0	1	0	0	0	0	0	0	0
65bd4b4686bc06cf95a0a40df7dcd6b3	0	0	0	0	0	0	0	0	0	0	0	0	0	0	0	0	0	0	0	0	0	0	0	0	0	0	0	1	0	0	0	0	0	0	0	0	0	1	0	0	0	0	0	0	0
bb5558a0f9d0946470a1a8b935481fda	0	0	0	0	0	0	0	0	0	0	0	0	0	0	0	0	0	0	0	0	0	0	0	0	0	0	0	0	2	0	0	0	0	0	0	0	0	0	0	0	0	0	0	0	0
9ef8963da98c5754d645f6b9768d3d55	0	0	0	0	0	0	0	0	0	0	0	0	0	0	0	0	0	0	0	0	0	0	0	0	0	0	0	0	2	0	0	0	0	0	0	0	0	0	0	0	0	0	0	0	0
3c1eb1870eb2839602600436dbb77005	0	0	0	0	0	0	0	0	0	0	0	0	0	0	0	0	0	0	0	0	0	0	0	0	0	0	0	0	2	0	0	0	0	0	0	0	0	0	0	0	0	0	0	0	0
74892dc5a7f6801544f96617e7ae8142	0	0	0	0	0	0	0	0	0	0	0	0	0	0	0	0	0	0	0	0	0	0	0	0	0	0	0	0	2	0	0	0	0	0	0	0	0	0	0	0	0	0	0	0	0
a1fed3956b945e8ddc231076f3020312	0	0	0	0	0	0	0	0	0	0	0	0	0	0	0	0	0	0	0	0	0	0	0	0	0	0	0	0	1	0	0	0	0	0	0	0	1	0	0	0	0	0	0	0	0
6b26cebe43b74e2a3a09d746706a1c2a	0	0	0	0	0	0	0	0	0	0	0	0	0	0	0	0	0	0	0	0	0	0	0	0	0	0	0	0	1	1	0	0	0	0	0	0	0	0	0	0	0	0	0	0	0
82cf2e4b09e4199bdd00e49484c99b9e	0	0	0	0	0	0	0	0	0	0	0	0	0	0	0	0	0	0	0	0	0	0	0	0	0	0	0	0	1	0	0	0	0	0	0	0	0	0	0	0	0	0	1	0	0
7ce01abf19f8d1dc0126e8022424ec96	0	0	0	0	0	0	0	0	0	0	0	0	0	0	0	0	0	0	0	0	0	0	0	0	0	0	0	0	0	2	0	0	0	0	0	0	0	0	0	0	0	0	0	0	0
f7d4446dedfb5b2bc1d770f66826eaf2	0	0	0	0	0	0	0	0	0	0	0	0	0	0	0	0	0	0	0	0	0	0	0	0	0	0	0	0	0	2	0	0	0	0	0	0	0	0	0	0	0	0	0	0	0
1b5c3ed2bcbd545332f3273551541dc5	0	0	0	0	0	0	0	0	0	0	0	0	0	0	0	0	0	0	0	0	0	0	0	0	0	0	0	0	0	0	2	0	0	0	0	0	0	0	0	0	0	0	0	0	0
ecc2daa2d254056c15244fdcd103e07d	0	0	0	0	0	0	0	0	0	0	0	0	0	0	0	0	0	0	0	0	0	0	0	0	0	0	0	0	0	0	2	0	0	0	0	0	0	0	0	0	0	0	0	0	0
1f3f9464adc497072385f991d24f68f9	0	0	0	0	0	0	0	0	0	0	0	0	0	0	0	0	0	0	0	0	0	0	0	0	0	0	0	0	0	0	2	0	0	0	0	0	0	0	0	0	0	0	0	0	0
4d7a1ccc82239f33fe89ee7c00f6dd65	0	0	0	0	0	0	0	0	0	0	0	0	0	0	0	0	0	0	0	0	0	0	0	0	0	0	0	0	0	0	2	0	0	0	0	0	0	0	0	0	0	0	0	0	0
3cbeb5fa40d3483726e3bfb76b7d4089	0	0	0	0	0	0	0	0	0	0	0	0	0	0	0	0	0	0	0	0	0	0	0	0	0	0	0	0	0	0	0	2	0	0	0	0	0	0	0	0	0	0	0	0	0
383e52823c06db7feecc6ea2c171a681	0	0	0	0	0	0	0	0	0	0	0	0	0	0	0	0	0	0	0	0	0	0	0	0	0	0	0	0	0	0	0	0	0	0	0	0	2	0	0	0	0	0	0	0	0
37c4b55c571194a83d4c852c8d0d2551	0	0	0	0	0	0	0	0	0	0	0	0	0	0	0	0	0	0	0	0	0	0	0	0	0	0	0	0	0	0	0	0	0	0	0	0	2	0	0	0	0	0	0	0	0
935d72e10dd0430c42311d31d1869e0f	0	0	0	0	0	0	0	0	0	0	0	0	0	0	0	0	0	0	0	0	0	0	0	0	0	0	0	0	0	0	0	0	0	0	0	0	2	0	0	0	0	0	0	0	0
577e48e029a959f6a27ed829eca24502	0	0	0	0	0	0	0	0	0	0	0	0	0	0	0	0	0	0	0	0	0	0	0	0	0	0	0	0	0	0	0	0	0	0	0	0	2	0	0	0	0	0	0	0	0
0271db9909b86e8bd2c8bc1d1d4bb996	0	0	0	0	0	0	0	0	0	0	0	0	0	0	0	0	0	0	0	0	0	0	0	0	0	0	0	0	0	0	0	0	0	0	0	0	0	2	0	0	0	0	0	0	0
affe80addade5dac593a126f0bdab57f	0	0	0	0	0	0	0	0	0	0	0	0	0	0	0	0	0	0	0	0	0	0	0	0	0	0	0	0	0	0	0	0	0	0	0	0	0	2	0	0	0	0	0	0	0
15197c5ce6ffc7f5cdf5c69c71193240	0	0	0	0	0	0	0	0	0	0	0	0	0	0	0	0	0	0	0	0	0	0	0	0	0	0	0	0	0	0	0	0	0	0	0	0	0	2	0	0	0	0	0	0	0
abf818dca09de92c10b2c4bb374502a9	0	0	0	0	0	0	0	0	0	0	0	0	0	0	0	0	0	0	0	0	0	0	0	0	0	0	0	0	0	0	0	0	0	0	0	0	0	2	0	0	0	0	0	0	0
d9535351e683870b87455489d41c3af4	0	0	0	0	0	0	0	0	0	0	0	0	0	0	0	0	0	0	0	0	0	0	0	0	0	0	0	0	0	0	0	0	0	0	0	0	0	2	0	0	0	0	0	0	0
375d02fa53f8b1260f0f18e8aff1f112	0	0	0	0	0	0	0	0	0	0	0	0	0	0	0	0	0	0	0	0	0	0	0	0	0	0	0	0	0	0	0	0	0	0	0	0	0	2	0	0	0	0	0	0	0
be7cca4ba05c8c91e3d146bf6d4cc9d0	0	0	0	0	0	0	0	0	0	0	0	0	0	0	0	0	0	0	0	0	0	0	0	0	0	0	0	0	0	0	0	0	0	0	0	0	0	2	0	0	0	0	0	0	0
6ce00221c926655a5a4e3750911c898c	0	0	0	0	0	0	0	0	0	0	0	0	0	0	0	0	0	0	0	0	0	0	0	0	0	0	0	0	0	0	0	0	0	0	0	0	0	2	0	0	0	0	0	0	0
b467028c2aefe8b3a0e44e513a5fb20b	0	0	0	0	0	0	0	0	0	0	0	0	0	0	0	0	0	0	0	0	0	0	0	0	0	0	0	0	0	0	0	0	0	0	0	0	0	2	0	0	0	0	0	0	0
ba04a04e1a94da22655dbe22e346f14d	0	0	0	0	0	0	0	0	0	0	0	0	0	0	0	0	0	0	0	0	0	0	0	0	0	0	0	0	0	0	0	0	0	0	0	0	0	2	0	0	0	0	0	0	0
15992c77f3da3392e4164f4a06de7b94	0	0	0	0	0	0	0	0	0	0	0	0	0	0	0	0	0	0	0	0	0	0	0	0	0	0	0	0	0	0	0	0	0	0	0	0	0	2	0	0	0	0	0	0	0
bced07df942599f18c593c0761c47f0b	0	0	0	0	0	0	0	0	0	0	0	0	0	0	0	0	0	0	0	0	0	0	0	0	0	0	0	0	0	0	0	0	0	0	0	0	0	2	0	0	0	0	0	0	0
0c9a22c7f1d5a829c994f559ae22c491	0	0	0	0	0	0	0	0	0	0	0	0	0	0	0	0	0	0	0	0	0	0	0	0	0	0	0	0	0	0	0	0	0	0	0	0	0	2	0	0	0	0	0	0	0
79b30ca873debfe87b226b2121f9e432	0	0	0	0	0	0	0	0	0	0	0	0	0	0	0	0	0	0	0	0	0	0	0	0	0	0	0	0	0	0	0	0	0	0	0	0	0	2	0	0	0	0	0	0	0
8b07dc6132841046ceadaab45f1616d7	0	0	0	0	0	0	0	0	0	0	0	0	0	0	0	0	0	0	0	0	0	0	0	0	0	0	0	0	0	0	0	0	0	0	0	0	0	2	0	0	0	0	0	0	0
33a1506a81837def4d1d5c598ffb2880	0	0	0	0	0	0	0	0	0	0	0	0	0	0	0	0	0	0	0	0	0	0	0	0	0	0	0	0	0	0	0	0	0	0	0	0	0	2	0	0	0	0	0	0	0
585c4740f1fba979e68432e040164617	0	0	0	0	0	0	0	0	0	0	0	0	0	0	0	0	0	0	0	0	0	0	0	0	0	0	0	0	0	0	0	0	0	0	0	0	0	2	0	0	0	0	0	0	0
d23e561b19df3ee99992ee5eaa015514	0	0	0	0	0	0	0	0	0	0	0	0	0	0	0	0	0	0	0	0	0	0	0	0	0	0	0	0	0	0	0	0	0	0	0	0	0	2	0	0	0	0	0	0	0
d643f8f28a08483dd3f20b9caf81f93c	0	0	0	0	0	0	0	0	0	0	0	0	0	0	0	0	0	0	0	0	0	0	0	0	0	0	0	0	0	0	0	0	0	0	0	0	0	2	0	0	0	0	0	0	0
e4644d95429ab6a5b6bf1a92d8dbc076	0	0	0	0	0	0	0	0	0	0	0	0	0	0	0	0	0	0	0	0	0	0	0	0	0	0	0	0	0	0	0	0	0	0	0	0	0	2	0	0	0	0	0	0	0
d08ff4806c9ffef3becea21f26551d90	0	0	0	0	0	0	0	0	0	0	0	0	0	0	0	0	0	0	0	0	0	0	0	0	0	0	0	0	0	0	0	0	0	0	0	0	0	2	0	0	0	0	0	0	0
fb7a012e4684d8b20fe819ff63252691	0	0	0	0	0	0	0	0	0	0	0	0	0	0	0	0	0	0	0	0	0	0	0	0	0	0	0	0	0	0	0	0	0	0	0	0	0	2	0	0	0	0	0	0	0
33a5629c78de118f91030f4ffeb0f686	0	0	0	0	0	0	0	0	0	0	0	0	0	0	0	0	0	0	0	0	0	0	0	0	0	0	0	0	0	0	0	0	0	0	0	0	0	2	0	0	0	0	0	0	0
0c0b2aa0dd9db8b554c8c59ae58389b8	0	0	0	0	0	0	0	0	0	0	0	0	0	0	0	0	0	0	0	0	0	0	0	0	0	0	0	0	0	0	0	0	0	0	0	0	0	0	0	2	0	0	0	0	0
bcd7ae6ad134e59fbef3073df58544e7	0	0	0	0	0	0	0	0	0	0	0	0	0	0	0	0	0	0	0	0	0	0	0	0	0	0	0	0	0	0	0	0	0	0	0	0	0	0	0	2	0	0	0	0	0
1b0288bea91ea0aad53a5bad0926f7fc	0	0	0	0	0	0	0	0	0	0	0	0	0	0	0	0	0	0	0	0	0	0	0	0	0	0	0	0	0	0	0	0	0	0	0	0	0	0	0	2	0	0	0	0	0
649164d82079970edae073d0080b5dd5	0	0	0	0	0	0	0	0	0	0	0	0	0	0	0	0	0	0	0	0	0	0	0	0	0	0	0	0	0	0	0	0	0	0	0	0	0	0	0	2	0	0	0	0	0
4d3d0d23edada2f4a61f557954a74470	0	0	0	0	0	0	0	0	0	0	0	0	0	0	0	0	0	0	0	0	0	0	0	0	0	0	0	0	0	0	0	0	0	0	0	0	0	0	0	2	0	0	0	0	0
d65ba199298199e7abbb58884d49effa	0	0	0	0	0	0	0	0	0	0	0	0	0	0	0	0	0	0	0	0	0	0	0	0	0	0	0	0	0	0	0	0	0	0	0	0	0	0	0	2	0	0	0	0	0
df0f3141eb87c8d572e25163742a0aea	0	0	0	0	0	0	0	0	0	0	0	0	0	0	0	0	0	0	0	0	0	0	0	0	0	0	0	0	0	0	0	0	0	0	0	0	0	0	0	0	2	0	0	0	0
8d93f6ba6f0117fd64edecfd4484b49c	0	0	0	0	0	0	0	0	0	0	0	0	0	0	0	0	0	0	0	0	0	0	0	0	0	0	0	0	0	0	0	0	0	0	0	0	0	0	0	0	2	0	0	0	0
16158f3d7c5c4013805ac2b6fb423900	0	0	0	0	0	0	0	0	0	0	0	0	0	0	0	0	0	0	0	0	0	0	0	0	0	0	0	0	0	0	0	0	0	0	0	0	0	0	0	0	2	0	0	0	0
09af44ea9be41bf48c4a9fd72fc35a1e	0	0	0	0	0	0	0	0	0	0	0	0	0	0	0	0	0	0	0	0	0	0	0	0	0	0	0	0	0	0	0	0	0	0	0	0	0	0	0	0	2	0	0	0	0
872a621c904b311d8c950527c7ccaa43	0	0	0	0	0	0	0	0	0	0	0	0	0	0	0	0	0	0	0	0	0	0	0	0	0	0	0	0	0	0	0	0	0	0	0	0	0	0	0	0	2	0	0	0	0
dcb59731c77a5df835938ffb50ab1d1c	0	0	0	0	0	0	0	0	0	0	0	0	0	0	0	0	0	0	0	0	0	0	0	0	0	0	0	0	0	0	0	0	0	0	0	0	0	0	0	0	0	2	0	0	0
a9a33162a71fb82c36fae2402a0f5cde	0	0	0	0	0	0	0	0	0	0	0	0	0	0	0	0	0	0	0	0	0	0	0	0	0	0	0	0	0	0	0	0	0	0	0	0	0	0	0	0	0	2	0	0	0
42e68eeb4d532e08d1c779e3c5a8afab	0	0	0	0	0	0	0	0	0	0	0	0	0	0	0	0	0	0	0	0	0	0	0	0	0	0	0	0	0	0	0	0	0	0	0	0	0	0	0	0	0	2	0	0	0
87ad1ffaaa396fc51ecb1acdac970410	0	0	0	0	0	0	0	0	0	0	0	0	0	0	0	0	0	0	0	0	0	0	0	0	0	0	0	0	0	0	0	0	0	0	0	0	0	0	0	0	0	2	0	0	0
46bf0d95cd619ec61f81515731587a16	0	0	0	0	0	0	0	0	0	0	0	0	0	0	0	0	0	0	0	0	0	0	0	0	0	0	0	0	0	0	0	0	0	0	0	0	0	0	0	0	0	2	0	0	0
9488e742365b415562a402a419b73c6d	0	0	0	0	0	0	0	0	0	0	0	0	0	0	0	0	0	0	0	0	0	0	0	0	0	0	0	0	0	0	0	0	0	0	0	0	0	0	0	0	0	2	0	0	0
abac0edced2a8a5b8a3a9983e08a63b9	0	0	0	0	0	0	0	0	0	0	0	0	0	0	0	0	0	0	0	0	0	0	0	0	0	0	0	0	0	0	0	0	0	0	0	0	0	0	0	0	0	0	2	0	0
71516d3b6cf47ec90f1238449a4453bd	0	0	0	0	0	0	0	0	0	0	0	0	0	0	0	0	0	0	0	0	0	0	0	0	0	0	0	0	0	0	0	0	0	0	0	0	0	0	0	0	0	0	2	0	0
22847cfa028542fda3edf529e7e22d63	0	0	0	0	0	0	0	0	0	0	0	0	0	0	0	0	0	0	0	0	0	0	0	0	0	0	0	0	0	0	0	0	0	0	0	0	0	0	0	0	0	0	2	0	0
f3aa6fe0cf3d532c7f174d0bb2aeae61	0	0	0	0	0	0	0	0	0	0	0	0	0	0	0	0	0	0	0	0	0	0	0	0	0	0	0	0	0	0	0	0	0	0	0	0	0	0	0	0	0	0	2	0	0
62243c3c1f38331cbe6e36b2501616b0	0	0	0	0	0	0	0	0	0	0	0	0	0	0	0	0	0	0	0	0	0	0	0	0	0	0	0	0	0	0	0	0	0	0	0	0	0	0	0	0	0	0	2	0	0
8e4ba5fb979c852a2345e7029470e29a	0	0	0	0	0	0	0	0	0	0	0	0	0	0	0	0	0	0	0	0	0	0	0	0	0	0	0	0	0	0	0	0	0	0	0	0	0	0	0	0	0	0	2	0	0
b2e0fb37428d8e66cc2e841de33a9ee2	0	0	0	0	0	0	0	0	0	0	0	0	0	0	0	0	0	0	0	0	0	0	0	0	0	0	0	0	0	0	0	0	0	0	0	0	0	0	0	0	0	0	2	0	0
cdb27c7a149adbfea1556ca4c971cffe	0	0	0	0	0	0	0	0	0	0	0	0	0	0	0	0	0	0	0	0	0	0	0	0	0	0	0	0	0	0	0	0	0	0	0	0	0	0	0	0	0	0	0	2	0
b18d65ee5ca5cf616f1e327a717865b0	0	0	0	0	0	0	0	0	0	0	0	0	0	0	0	0	0	0	0	0	0	0	0	0	0	0	0	0	0	0	0	0	0	0	0	0	0	0	0	0	0	0	0	2	0
aa68408128180241827094398b211619	0	0	0	0	0	0	0	0	0	0	0	0	0	0	0	0	0	0	0	0	0	0	0	0	0	0	0	0	0	0	0	0	0	0	0	0	0	0	0	0	0	0	0	2	0
86145802cd856b46528014c480627a14	0	0	0	0	0	0	0	0	0	0	0	0	0	0	0	0	0	0	0	0	0	0	0	0	0	0	0	0	0	0	0	0	0	0	0	0	0	0	0	0	0	0	0	2	0
eb4e2cc68eb275865d7f07449644cddd	0	0	0	0	0	0	0	0	0	0	0	0	0	0	0	0	0	0	0	0	0	0	0	0	0	0	0	0	0	0	0	0	0	0	0	0	0	0	0	0	0	0	0	2	0
4e727a492838a4c8384cace9ce200fa8	0	0	0	0	0	0	0	0	0	0	0	0	0	0	0	0	0	0	0	0	0	0	0	0	0	0	0	0	0	0	0	0	0	0	0	0	0	0	0	0	0	0	0	2	0
8966acf9a3f8f74ea2d66a0bcfb506c7	0	0	0	0	0	0	0	0	0	0	0	0	0	0	0	0	0	0	0	0	0	0	0	0	0	0	0	0	0	0	0	0	0	0	0	0	0	0	0	0	0	0	0	2	0
98a579f7984bdfebefbee17efd9fa3c4	0	0	0	0	0	0	0	0	0	0	0	0	0	0	0	0	0	0	0	0	0	0	0	0	0	0	0	0	0	0	0	0	0	0	0	0	0	0	0	0	0	0	0	0	2
1459aea90e7a6de78eababb75144450b	0	0	0	0	0	0	0	0	0	0	0	0	0	0	0	0	0	0	0	0	0	0	0	0	0	0	0	0	0	0	0	0	0	0	0	0	0	0	0	0	0	0	0	0	2
3e6c4fc82cf8d655021d67dfb212d033	0	0	0	0	0	0	0	0	0	0	0	0	0	0	0	0	0	0	0	0	0	0	0	0	0	0	0	0	0	0	0	0	0	0	0	0	0	0	0	0	0	0	0	0	2
99a64247c4414754e69814664bcbd2bc	0	0	0	0	0	0	0	0	0	0	0	0	0	0	0	0	0	0	0	0	0	0	0	0	0	0	0	0	0	0	0	0	0	0	0	0	0	0	0	0	0	0	0	0	2
605dbfe2e8bb0ad6bb38d1fa1b239b2c	0	0	0	0	0	0	0	0	0	0	0	0	0	0	0	0	0	0	0	0	0	0	0	0	0	0	0	0	0	0	0	0	0	0	0	0	0	0	0	0	0	0	0	0	2
fc06f87bb70eaad393b5d8316a73904f	1	0	0	0	0	0	0	0	0	0	0	0	0	0	0	0	0	0	0	0	0	0	0	0	0	0	0	0	0	0	0	0	0	0	0	0	0	0	0	0	0	0	0	0	0
ef38960feb419f91e71bb8e8bb1b72e5	1	0	0	0	0	0	0	0	0	0	0	0	0	0	0	0	0	0	0	0	0	0	0	0	0	0	0	0	0	0	0	0	0	0	0	0	0	0	0	0	0	0	0	0	0
3a5e680862b41a7cc761768dffd96bd6	0	1	0	0	0	0	0	0	0	0	0	0	0	0	0	0	0	0	0	0	0	0	0	0	0	0	0	0	0	0	0	0	0	0	0	0	0	0	0	0	0	0	0	0	0
96deb129b4ca346c68b707155df35ba5	0	0	0	0	1	0	0	0	0	0	0	0	0	0	0	0	0	0	0	0	0	0	0	0	0	0	0	0	0	0	0	0	0	0	0	0	0	0	0	0	0	0	0	0	0
1cfabc9b550ed984049e4566fd15494e	0	0	0	0	0	0	0	1	0	0	0	0	0	0	0	0	0	0	0	0	0	0	0	0	0	0	0	0	0	0	0	0	0	0	0	0	0	0	0	0	0	0	0	0	0
f57fadf40a35d0ceff525117a0c841cc	0	0	0	0	0	0	0	1	0	0	0	0	0	0	0	0	0	0	0	0	0	0	0	0	0	0	0	0	0	0	0	0	0	0	0	0	0	0	0	0	0	0	0	0	0
e18672158bb0c10af9a714bc71e87474	0	0	0	0	0	0	0	1	0	0	0	0	0	0	0	0	0	0	0	0	0	0	0	0	0	0	0	0	0	0	0	0	0	0	0	0	0	0	0	0	0	0	0	0	0
0e9ee86525cc467246dc70207f916f83	0	0	0	0	0	0	0	1	0	0	0	0	0	0	0	0	0	0	0	0	0	0	0	0	0	0	0	0	0	0	0	0	0	0	0	0	0	0	0	0	0	0	0	0	0
d81000cbd3024e79aaf855c61c97ea0e	0	0	0	0	0	0	0	1	0	0	0	0	0	0	0	0	0	0	0	0	0	0	0	0	0	0	0	0	0	0	0	0	0	0	0	0	0	0	0	0	0	0	0	0	0
7d68bd765795584a805658a7369cbf4a	0	0	0	0	0	0	0	1	0	0	0	0	0	0	0	0	0	0	0	0	0	0	0	0	0	0	0	0	0	0	0	0	0	0	0	0	0	0	0	0	0	0	0	0	0
0080732b1425d5c8c8baff1f21f86fa0	0	0	0	0	0	0	0	1	0	0	0	0	0	0	0	0	0	0	0	0	0	0	0	0	0	0	0	0	0	0	0	0	0	0	0	0	0	0	0	0	0	0	0	0	0
4198a153a5f5907286e336b635a4c1d3	0	0	0	0	0	0	0	1	0	0	0	0	0	0	0	0	0	0	0	0	0	0	0	0	0	0	0	0	0	0	0	0	0	0	0	0	0	0	0	0	0	0	0	0	0
85609870f85d964ef32b5d217a0dc768	0	0	0	0	0	0	0	1	0	0	0	0	0	0	0	0	0	0	0	0	0	0	0	0	0	0	0	0	0	0	0	0	0	0	0	0	0	0	0	0	0	0	0	0	0
7672f248ba6a4a54be6b67d17bde3173	0	0	0	0	0	0	0	1	0	0	0	0	0	0	0	0	0	0	0	0	0	0	0	0	0	0	0	0	0	0	0	0	0	0	0	0	0	0	0	0	0	0	0	0	0
562d4aacc7973e50f5547712b8deb22a	0	0	0	0	0	0	0	1	0	0	0	0	0	0	0	0	0	0	0	0	0	0	0	0	0	0	0	0	0	0	0	0	0	0	0	0	0	0	0	0	0	0	0	0	0
ab3a16492bacd5b7607531caa274fcc4	0	0	0	0	0	0	0	1	0	0	0	0	0	0	0	0	0	0	0	0	0	0	0	0	0	0	0	0	0	0	0	0	0	0	0	0	0	0	0	0	0	0	0	0	0
069cde924f163588de44b2483001ccaf	0	0	0	0	0	0	0	1	0	0	0	0	0	0	0	0	0	0	0	0	0	0	0	0	0	0	0	0	0	0	0	0	0	0	0	0	0	0	0	0	0	0	0	0	0
0ecd624ec8ac1c1b9e996c017909767e	0	0	0	0	0	0	0	1	0	0	0	0	0	0	0	0	0	0	0	0	0	0	0	0	0	0	0	0	0	0	0	0	0	0	0	0	0	0	0	0	0	0	0	0	0
71d85f9a708ee595941228791de88562	0	0	0	0	0	0	0	1	0	0	0	0	0	0	0	0	0	0	0	0	0	0	0	0	0	0	0	0	0	0	0	0	0	0	0	0	0	0	0	0	0	0	0	0	0
50f57118acf7f531e57daf39a5a1ff59	0	0	0	0	0	0	0	0	0	1	0	0	0	0	0	0	0	0	0	0	0	0	0	0	0	0	0	0	0	0	0	0	0	0	0	0	0	0	0	0	0	0	0	0	0
57d12cea2de03e25f7f2986b72e37338	0	0	0	0	0	0	0	0	0	1	0	0	0	0	0	0	0	0	0	0	0	0	0	0	0	0	0	0	0	0	0	0	0	0	0	0	0	0	0	0	0	0	0	0	0
621affed5c29480451879bfef1cab6e4	0	0	0	0	0	0	0	0	0	1	0	0	0	0	0	0	0	0	0	0	0	0	0	0	0	0	0	0	0	0	0	0	0	0	0	0	0	0	0	0	0	0	0	0	0
8a3d45e64bc72c0ca466b759fc79e373	0	0	0	0	0	0	0	0	0	1	0	0	0	0	0	0	0	0	0	0	0	0	0	0	0	0	0	0	0	0	0	0	0	0	0	0	0	0	0	0	0	0	0	0	0
b5518c38fb758454fe04c7f7ddc771dc	0	0	0	0	0	0	0	0	0	1	0	0	0	0	0	0	0	0	0	0	0	0	0	0	0	0	0	0	0	0	0	0	0	0	0	0	0	0	0	0	0	0	0	0	0
77535a334e40e349e80c656930a18005	0	0	0	0	0	0	0	0	0	1	0	0	0	0	0	0	0	0	0	0	0	0	0	0	0	0	0	0	0	0	0	0	0	0	0	0	0	0	0	0	0	0	0	0	0
bdd02ecb2edce7f3e7c14428854cc04a	0	0	0	0	0	0	0	0	0	0	0	0	0	0	0	0	1	0	0	0	0	0	0	0	0	0	0	0	0	0	0	0	0	0	0	0	0	0	0	0	0	0	0	0	0
54cadc01c6ad63185c05646794832b4a	0	0	0	0	0	0	0	0	0	0	0	0	0	0	0	0	1	0	0	0	0	0	0	0	0	0	0	0	0	0	0	0	0	0	0	0	0	0	0	0	0	0	0	0	0
24740db9c795b1e66f32ef6f7d3a5608	0	0	0	0	0	0	0	0	0	0	0	0	0	0	0	0	1	0	0	0	0	0	0	0	0	0	0	0	0	0	0	0	0	0	0	0	0	0	0	0	0	0	0	0	0
f9f032eb38cf1a458a22bcf37ac41ea5	0	0	0	0	0	0	0	0	0	0	0	0	0	0	0	0	1	0	0	0	0	0	0	0	0	0	0	0	0	0	0	0	0	0	0	0	0	0	0	0	0	0	0	0	0
31bcb03bf8b07d8a12bddfd005ea6cc9	0	0	0	0	0	0	0	0	0	0	0	0	0	0	0	0	1	0	0	0	0	0	0	0	0	0	0	0	0	0	0	0	0	0	0	0	0	0	0	0	0	0	0	0	0
c856361aae5ad6a1fb327ab3c556cfb5	0	0	0	0	0	0	0	0	0	0	0	0	0	0	0	0	0	0	1	0	0	0	0	0	0	0	0	0	0	0	0	0	0	0	0	0	0	0	0	0	0	0	0	0	0
9f3284c890230b2e59382ae538b9e8f2	0	0	0	0	0	0	0	0	0	0	0	0	0	0	0	0	0	0	1	0	0	0	0	0	0	0	0	0	0	0	0	0	0	0	0	0	0	0	0	0	0	0	0	0	0
46f412f0783819faf2ef02572a718910	0	0	0	0	0	0	0	0	0	0	0	0	0	0	0	0	0	0	1	0	0	0	0	0	0	0	0	0	0	0	0	0	0	0	0	0	0	0	0	0	0	0	0	0	0
b3eefa7587d0d80741af58e51a216fe4	0	0	0	0	0	0	0	0	0	0	0	0	0	0	0	0	0	0	0	1	0	0	0	0	0	0	0	0	0	0	0	0	0	0	0	0	0	0	0	0	0	0	0	0	0
ca02a6c1d5869a362e490b9868a1b3bc	0	0	0	0	0	0	0	0	0	0	0	0	0	0	0	0	0	0	0	1	0	0	0	0	0	0	0	0	0	0	0	0	0	0	0	0	0	0	0	0	0	0	0	0	0
f230f4819c8548c13bb698ab8e7e7af9	0	0	0	0	0	0	0	0	0	0	0	0	0	0	0	0	0	0	0	1	0	0	0	0	0	0	0	0	0	0	0	0	0	0	0	0	0	0	0	0	0	0	0	0	0
8aafeea2ae951dc69e2312d95a5f57b8	0	0	0	0	0	0	0	0	0	0	0	0	0	0	0	0	0	0	0	1	0	0	0	0	0	0	0	0	0	0	0	0	0	0	0	0	0	0	0	0	0	0	0	0	0
288037797f25d51fbd1feef8e73b2bfd	0	0	0	0	0	0	0	0	0	0	0	0	0	0	0	0	0	0	0	1	0	0	0	0	0	0	0	0	0	0	0	0	0	0	0	0	0	0	0	0	0	0	0	0	0
05d26f24d0473cc06b947ac1148a0963	0	0	0	0	0	0	0	0	0	0	0	0	0	0	0	0	0	0	0	1	0	0	0	0	0	0	0	0	0	0	0	0	0	0	0	0	0	0	0	0	0	0	0	0	0
bb71e10962aa949f68bf2ac1400212b1	0	0	0	0	0	0	0	0	0	0	0	0	0	0	0	0	0	0	0	1	0	0	0	0	0	0	0	0	0	0	0	0	0	0	0	0	0	0	0	0	0	0	0	0	0
56799d8c2b6000f5a6775124aebb2f17	0	0	0	0	0	0	0	0	0	0	0	0	0	0	0	0	0	0	0	1	0	0	0	0	0	0	0	0	0	0	0	0	0	0	0	0	0	0	0	0	0	0	0	0	0
b77ccbf0f3a9ea88d19da73c7d04e41e	0	0	0	0	0	0	0	0	0	0	0	0	0	0	0	0	0	0	0	0	0	1	0	0	0	0	0	0	0	0	0	0	0	0	0	0	0	0	0	0	0	0	0	0	0
79c6ffa814eaba6b1fdf378e90a7d13d	0	0	0	0	0	0	0	0	0	0	0	0	0	0	0	0	0	0	0	0	0	1	0	0	0	0	0	0	0	0	0	0	0	0	0	0	0	0	0	0	0	0	0	0	0
59c2c51d510c92ae8587768f188af874	0	0	0	0	0	0	0	0	0	0	0	0	0	0	0	0	0	0	0	0	0	1	0	0	0	0	0	0	0	0	0	0	0	0	0	0	0	0	0	0	0	0	0	0	0
44dded6ca783e6914a6c1585bd9c4dc5	0	0	0	0	0	0	0	0	0	0	0	0	0	0	0	0	0	0	0	0	0	1	0	0	0	0	0	0	0	0	0	0	0	0	0	0	0	0	0	0	0	0	0	0	0
be3406ba23dc879d7b44c9213a6fc121	0	0	0	0	0	0	0	0	0	0	0	0	0	0	0	0	0	0	0	0	0	0	1	0	0	0	0	0	0	0	0	0	0	0	0	0	0	0	0	0	0	0	0	0	0
c43a0466eb8c0462249993615ea8959b	0	0	0	0	0	0	0	0	0	0	0	0	0	0	0	0	0	0	0	0	0	0	1	0	0	0	0	0	0	0	0	0	0	0	0	0	0	0	0	0	0	0	0	0	0
1de4fa706475469a96fa7d9731370f5d	0	0	0	0	0	0	0	0	0	0	0	0	0	0	0	0	0	0	0	0	0	0	1	0	0	0	0	0	0	0	0	0	0	0	0	0	0	0	0	0	0	0	0	0	0
c83f845d1512c0e2108e5e3389d463d4	0	0	0	0	0	0	0	0	0	0	0	0	0	0	0	0	0	0	0	0	0	0	1	0	0	0	0	0	0	0	0	0	0	0	0	0	0	0	0	0	0	0	0	0	0
d132c0fdcd7bdeda7094834123247c18	0	0	0	0	0	0	0	0	0	0	0	0	0	0	0	0	0	0	0	0	0	0	1	0	0	0	0	0	0	0	0	0	0	0	0	0	0	0	0	0	0	0	0	0	0
e3d9529170e3c0297c0b9fd6f5dc0229	0	0	0	0	0	0	0	0	0	0	0	0	0	0	0	0	0	0	0	0	0	0	1	0	0	0	0	0	0	0	0	0	0	0	0	0	0	0	0	0	0	0	0	0	0
e5719dbb262ddebbd05c7dca163dbe4f	0	0	0	0	0	0	0	0	0	0	0	0	0	0	0	0	0	0	0	0	0	0	1	0	0	0	0	0	0	0	0	0	0	0	0	0	0	0	0	0	0	0	0	0	0
074395e911d25cc118b03b34a965f882	0	0	0	0	0	0	0	0	0	0	0	0	0	0	0	0	0	0	0	0	0	0	1	0	0	0	0	0	0	0	0	0	0	0	0	0	0	0	0	0	0	0	0	0	0
546e6f671c96db1f7564e52bc74abdf3	0	0	0	0	0	0	0	0	0	0	0	0	0	0	0	0	0	0	0	0	0	0	1	0	0	0	0	0	0	0	0	0	0	0	0	0	0	0	0	0	0	0	0	0	0
5f2d4f5d030f7a877a691c971fbf3b87	0	0	0	0	0	0	0	0	0	0	0	0	0	0	0	0	0	0	0	0	0	0	1	0	0	0	0	0	0	0	0	0	0	0	0	0	0	0	0	0	0	0	0	0	0
ac3293d628ed0fd54ccb69f1230ef273	0	0	0	0	0	0	0	0	0	0	0	0	0	0	0	0	0	0	0	0	0	0	1	0	0	0	0	0	0	0	0	0	0	0	0	0	0	0	0	0	0	0	0	0	0
b4b4bbd59979029c0a637e61849fef3f	0	0	0	0	0	0	0	0	0	0	0	0	0	0	0	0	0	0	0	0	0	0	1	0	0	0	0	0	0	0	0	0	0	0	0	0	0	0	0	0	0	0	0	0	0
18f9e12d661f8c3023566289c85a40d4	0	0	0	0	0	0	0	0	0	0	0	0	0	0	0	0	0	0	0	0	0	0	1	0	0	0	0	0	0	0	0	0	0	0	0	0	0	0	0	0	0	0	0	0	0
f41eab4bf8c520a6414704552435ee08	0	0	0	0	0	0	0	0	0	0	0	0	0	0	0	0	0	0	0	0	0	0	1	0	0	0	0	0	0	0	0	0	0	0	0	0	0	0	0	0	0	0	0	0	0
06f0ed64860df2d0cac3223767eb584b	0	0	0	0	0	0	0	0	0	0	0	0	0	0	0	0	0	0	0	0	0	0	1	0	0	0	0	0	0	0	0	0	0	0	0	0	0	0	0	0	0	0	0	0	0
0e44eab022618833f654fd3a1ab587f4	0	0	0	0	0	0	0	0	0	0	0	0	0	0	0	0	0	0	0	0	0	0	1	0	0	0	0	0	0	0	0	0	0	0	0	0	0	0	0	0	0	0	0	0	0
5078f349f51b2e4fb05366928a1bb377	0	0	0	0	0	0	0	0	0	0	0	0	0	0	0	0	0	0	0	0	0	0	1	0	0	0	0	0	0	0	0	0	0	0	0	0	0	0	0	0	0	0	0	0	0
dd9417b388c60fce07f9617434e58287	0	0	0	0	0	0	0	0	0	0	0	0	0	0	0	0	0	0	0	0	0	0	1	0	0	0	0	0	0	0	0	0	0	0	0	0	0	0	0	0	0	0	0	0	0
094bdbf28749dd28903f7bc59bc96e1e	0	0	0	0	0	0	0	0	0	0	0	0	0	0	0	0	0	0	0	0	0	0	1	0	0	0	0	0	0	0	0	0	0	0	0	0	0	0	0	0	0	0	0	0	0
0d0450b51240f46e15e23ffa8c3fe901	0	0	0	0	0	0	0	0	0	0	0	0	0	0	0	0	0	0	0	0	0	0	1	0	0	0	0	0	0	0	0	0	0	0	0	0	0	0	0	0	0	0	0	0	0
49a9e4da306a9738d5a751b3402dad14	0	0	0	0	0	0	0	0	0	0	0	0	0	0	0	0	0	0	0	0	0	0	1	0	0	0	0	0	0	0	0	0	0	0	0	0	0	0	0	0	0	0	0	0	0
4d86dfddcada1e4c383d7130df641b50	0	0	0	0	0	0	0	0	0	0	0	0	0	0	0	0	0	0	0	0	0	0	1	0	0	0	0	0	0	0	0	0	0	0	0	0	0	0	0	0	0	0	0	0	0
cd97534a64efe9fd4462a885d9c65668	0	0	0	0	0	0	0	0	0	0	0	0	0	0	0	0	0	0	0	0	0	0	1	0	0	0	0	0	0	0	0	0	0	0	0	0	0	0	0	0	0	0	0	0	0
00c079118f3b7e7bf1705f79aac0e218	0	0	0	0	0	0	0	0	0	0	0	0	0	0	0	0	0	0	0	0	0	0	1	0	0	0	0	0	0	0	0	0	0	0	0	0	0	0	0	0	0	0	0	0	0
d156b8d23dfeb13687621de45bf1158c	0	0	0	0	0	0	0	0	0	0	0	0	0	0	0	0	0	0	0	0	0	0	1	0	0	0	0	0	0	0	0	0	0	0	0	0	0	0	0	0	0	0	0	0	0
8828284a4f80a260207fdcb4dc69252b	0	0	0	0	0	0	0	0	0	0	0	0	0	0	0	0	0	0	0	0	0	0	1	0	0	0	0	0	0	0	0	0	0	0	0	0	0	0	0	0	0	0	0	0	0
bb6f1272edaf3c5863351c76a0901617	0	0	0	0	0	0	0	0	0	0	0	0	0	0	0	0	0	0	0	0	0	0	1	0	0	0	0	0	0	0	0	0	0	0	0	0	0	0	0	0	0	0	0	0	0
569640b3172823ca11d36242e4e7cdf8	0	0	0	0	0	0	0	0	0	0	0	0	0	0	0	0	0	0	0	0	0	0	1	0	0	0	0	0	0	0	0	0	0	0	0	0	0	0	0	0	0	0	0	0	0
b096b65424ce5c3ad112e5cad76b6e07	0	0	0	0	0	0	0	0	0	0	0	0	0	0	0	0	0	0	0	0	0	0	1	0	0	0	0	0	0	0	0	0	0	0	0	0	0	0	0	0	0	0	0	0	0
6d9b5a133db0fba7f9609923cdfa70e9	0	0	0	0	0	0	0	0	0	0	0	0	0	0	0	0	0	0	0	0	0	0	1	0	0	0	0	0	0	0	0	0	0	0	0	0	0	0	0	0	0	0	0	0	0
239f2645f75cbd70ed85784fe269cc23	0	0	0	0	0	0	0	0	0	0	0	0	0	0	0	0	0	0	0	0	0	0	1	0	0	0	0	0	0	0	0	0	0	0	0	0	0	0	0	0	0	0	0	0	0
0e145c7d4f7cd3398b9bbe4e49f1f4e0	0	0	0	0	0	0	0	0	0	0	0	0	0	0	0	0	0	0	0	0	0	0	1	0	0	0	0	0	0	0	0	0	0	0	0	0	0	0	0	0	0	0	0	0	0
fe2ebe61a238340fc70f7ca317731185	0	0	0	0	0	0	0	0	0	0	0	0	0	0	0	0	0	0	0	0	0	0	1	0	0	0	0	0	0	0	0	0	0	0	0	0	0	0	0	0	0	0	0	0	0
9e33b6efd2b4acb6cf41f7c6a22c7523	0	0	0	0	0	0	0	0	0	0	0	0	0	0	0	0	0	0	0	0	0	0	1	0	0	0	0	0	0	0	0	0	0	0	0	0	0	0	0	0	0	0	0	0	0
e596e10f93ee575306cb8bf68238fc78	0	0	0	0	0	0	0	0	0	0	0	0	0	0	0	0	0	0	0	0	0	0	1	0	0	0	0	0	0	0	0	0	0	0	0	0	0	0	0	0	0	0	0	0	0
e36cda20c2890ce799ce9cf246082df9	0	0	0	0	0	0	0	0	0	0	0	0	0	0	0	0	0	0	0	0	0	0	1	0	0	0	0	0	0	0	0	0	0	0	0	0	0	0	0	0	0	0	0	0	0
db982835612cc20144de67df7581886e	0	0	0	0	0	0	0	0	0	0	0	0	0	0	0	0	0	0	0	0	0	0	1	0	0	0	0	0	0	0	0	0	0	0	0	0	0	0	0	0	0	0	0	0	0
261102c33c250816a9ababe362dfb78e	0	0	0	0	0	0	0	0	0	0	0	0	0	0	0	0	0	0	0	0	0	0	1	0	0	0	0	0	0	0	0	0	0	0	0	0	0	0	0	0	0	0	0	0	0
13fc574c933309dd03f915ad271e3694	0	0	0	0	0	0	0	0	0	0	0	0	0	0	0	0	0	0	0	0	0	0	1	0	0	0	0	0	0	0	0	0	0	0	0	0	0	0	0	0	0	0	0	0	0
28898f0a6829816048baae35ffac2459	0	0	0	0	0	0	0	0	0	0	0	0	0	0	0	0	0	0	0	0	0	0	1	0	0	0	0	0	0	0	0	0	0	0	0	0	0	0	0	0	0	0	0	0	0
ee6dbc2b33ec7dd4ee40569cc66dbd3b	0	0	0	0	0	0	0	0	0	0	0	0	0	0	0	0	0	0	0	0	0	0	1	0	0	0	0	0	0	0	0	0	0	0	0	0	0	0	0	0	0	0	0	0	0
de08b4ce2955bc2706a67d84296eca47	0	0	0	0	0	0	0	0	0	0	0	0	0	0	0	0	0	0	0	0	0	0	1	0	0	0	0	0	0	0	0	0	0	0	0	0	0	0	0	0	0	0	0	0	0
6a0139d3c193af87f3030df89972e55e	0	0	0	0	0	0	0	0	0	0	0	0	0	0	0	0	0	0	0	0	0	0	1	0	0	0	0	0	0	0	0	0	0	0	0	0	0	0	0	0	0	0	0	0	0
7ddeb528ed00031eda35dc91a82f9f3e	0	0	0	0	0	0	0	0	0	0	0	0	0	0	0	0	0	0	0	0	0	0	0	1	0	0	0	0	0	0	0	0	0	0	0	0	0	0	0	0	0	0	0	0	0
1a565d5ce269cb3e6bc170e34e42a34f	0	0	0	0	0	0	0	0	0	0	0	0	0	0	0	0	0	0	0	0	0	0	0	1	0	0	0	0	0	0	0	0	0	0	0	0	0	0	0	0	0	0	0	0	0
6d30c5f456e85f355ed4fcd06328d0fb	0	0	0	0	0	0	0	0	0	0	0	0	0	0	0	0	0	0	0	0	0	0	0	1	0	0	0	0	0	0	0	0	0	0	0	0	0	0	0	0	0	0	0	0	0
6e07c6767e1456adc36385bdf8efe665	0	0	0	0	0	0	0	0	0	0	0	0	0	0	0	0	0	0	0	0	0	0	0	1	0	0	0	0	0	0	0	0	0	0	0	0	0	0	0	0	0	0	0	0	0
086dc105b88bdbc973ddaa57f1103589	0	0	0	0	0	0	0	0	0	0	0	0	0	0	0	0	0	0	0	0	0	0	0	1	0	0	0	0	0	0	0	0	0	0	0	0	0	0	0	0	0	0	0	0	0
67b3dd51c1e53f5a507091ea01bb8829	0	0	0	0	0	0	0	0	0	0	0	0	0	0	0	0	0	0	0	0	0	0	0	1	0	0	0	0	0	0	0	0	0	0	0	0	0	0	0	0	0	0	0	0	0
bde6a671a0a43e6ff8441502f3ba9e7d	0	0	0	0	0	0	0	0	0	0	0	0	0	0	0	0	0	0	0	0	0	0	0	1	0	0	0	0	0	0	0	0	0	0	0	0	0	0	0	0	0	0	0	0	0
babf91a9137eb1bcfc95d77dd555b854	0	0	0	0	0	0	0	0	0	0	0	0	0	0	0	0	0	0	0	0	0	0	0	1	0	0	0	0	0	0	0	0	0	0	0	0	0	0	0	0	0	0	0	0	0
6f29c4a8606bba350c00f69f0d4afbda	0	0	0	0	0	0	0	0	0	0	0	0	0	0	0	0	0	0	0	0	0	0	0	0	0	0	1	0	0	0	0	0	0	0	0	0	0	0	0	0	0	0	0	0	0
ea0a1f01bc6bdde88fcdc591a1baecdb	0	0	0	0	0	0	0	0	0	0	0	0	0	0	0	0	0	0	0	0	0	0	0	0	0	0	1	0	0	0	0	0	0	0	0	0	0	0	0	0	0	0	0	0	0
58e45e6c618b29ab9822aa1f7e11b4f2	0	0	0	0	0	0	0	0	0	0	0	0	0	0	0	0	0	0	0	0	0	0	0	0	0	0	1	0	0	0	0	0	0	0	0	0	0	0	0	0	0	0	0	0	0
df6ed720cceaefc12257802a30306c74	0	0	0	0	0	0	0	0	0	0	0	0	0	0	0	0	0	0	0	0	0	0	0	0	0	0	1	0	0	0	0	0	0	0	0	0	0	0	0	0	0	0	0	0	0
68bf517a086108f0e05af5f45ab52967	0	0	0	0	0	0	0	0	0	0	0	0	0	0	0	0	0	0	0	0	0	0	0	0	0	0	1	0	0	0	0	0	0	0	0	0	0	0	0	0	0	0	0	0	0
ed460c692b4862e62d0629d1a0c8dfca	0	0	0	0	0	0	0	0	0	0	0	0	0	0	0	0	0	0	0	0	0	0	0	0	0	0	1	0	0	0	0	0	0	0	0	0	0	0	0	0	0	0	0	0	0
fd56ef9df2ee1ce82d650139ec094bf2	0	0	0	0	0	0	0	0	0	0	0	0	0	0	0	0	0	0	0	0	0	0	0	0	0	0	1	0	0	0	0	0	0	0	0	0	0	0	0	0	0	0	0	0	0
5359f66e4f69244f3079f5ad1344c4f2	0	0	0	0	0	0	0	0	0	0	0	0	0	0	0	0	0	0	0	0	0	0	0	0	0	0	1	0	0	0	0	0	0	0	0	0	0	0	0	0	0	0	0	0	0
ea6c228749f8642d023ace660450d372	0	0	0	0	0	0	0	0	0	0	0	0	0	0	0	0	0	0	0	0	0	0	0	0	0	0	1	0	0	0	0	0	0	0	0	0	0	0	0	0	0	0	0	0	0
434abcb0c4e56bdff4e7711ae49ea06e	0	0	0	0	0	0	0	0	0	0	0	0	0	0	0	0	0	0	0	0	0	0	0	0	0	0	1	0	0	0	0	0	0	0	0	0	0	0	0	0	0	0	0	0	0
013f2d3188d82adcd36dc4877312883e	0	0	0	0	0	0	0	0	0	0	0	0	0	0	0	0	0	0	0	0	0	0	0	0	0	0	1	0	0	0	0	0	0	0	0	0	0	0	0	0	0	0	0	0	0
75897cb4b83d4c0282fb76708a352235	0	0	0	0	0	0	0	0	0	0	0	0	0	0	0	0	0	0	0	0	0	0	0	0	0	0	1	0	0	0	0	0	0	0	0	0	0	0	0	0	0	0	0	0	0
dce878f8a6f8ee1f5f0f7887908bf6b0	0	0	0	0	0	0	0	0	0	0	0	0	0	0	0	0	0	0	0	0	0	0	0	0	0	0	1	0	0	0	0	0	0	0	0	0	0	0	0	0	0	0	0	0	0
fec5aca42c0b36698076f7f3cad8e42a	0	0	0	0	0	0	0	0	0	0	0	0	0	0	0	0	0	0	0	0	0	0	0	0	0	0	1	0	0	0	0	0	0	0	0	0	0	0	0	0	0	0	0	0	0
b21dcd6d524460b5ccf67486d79567c2	0	0	0	0	0	0	0	0	0	0	0	0	0	0	0	0	0	0	0	0	0	0	0	0	0	0	1	0	0	0	0	0	0	0	0	0	0	0	0	0	0	0	0	0	0
88458048ff3638a09cd73ff3dafffc94	0	0	0	0	0	0	0	0	0	0	0	0	0	0	0	0	0	0	0	0	0	0	0	0	0	0	1	0	0	0	0	0	0	0	0	0	0	0	0	0	0	0	0	0	0
571d5d1ca77d1a92fa8035e9d6966fb2	0	0	0	0	0	0	0	0	0	0	0	0	0	0	0	0	0	0	0	0	0	0	0	0	0	0	1	0	0	0	0	0	0	0	0	0	0	0	0	0	0	0	0	0	0
a11ad7b74322e47317d3ad752bfb8b19	0	0	0	0	0	0	0	0	0	0	0	0	0	0	0	0	0	0	0	0	0	0	0	0	0	0	1	0	0	0	0	0	0	0	0	0	0	0	0	0	0	0	0	0	0
2386317f036eeb3636e4a79d9aef28de	0	0	0	0	0	0	0	0	0	0	0	0	0	0	0	0	0	0	0	0	0	0	0	0	0	0	1	0	0	0	0	0	0	0	0	0	0	0	0	0	0	0	0	0	0
9bc46647eb462c4f5498eac086286db8	0	0	0	0	0	0	0	0	0	0	0	0	0	0	0	0	0	0	0	0	0	0	0	0	0	0	1	0	0	0	0	0	0	0	0	0	0	0	0	0	0	0	0	0	0
f604fc248a45a8a74170fc1f70040df0	0	0	0	0	0	0	0	0	0	0	0	0	0	0	0	0	0	0	0	0	0	0	0	0	0	0	1	0	0	0	0	0	0	0	0	0	0	0	0	0	0	0	0	0	0
531921f190dbc545d773e4210b7296c7	0	0	0	0	0	0	0	0	0	0	0	0	0	0	0	0	0	0	0	0	0	0	0	0	0	0	1	0	0	0	0	0	0	0	0	0	0	0	0	0	0	0	0	0	0
6ac9fb911538fa52481d38021eafd8dd	0	0	0	0	0	0	0	0	0	0	0	0	0	0	0	0	0	0	0	0	0	0	0	0	0	0	1	0	0	0	0	0	0	0	0	0	0	0	0	0	0	0	0	0	0
4ad2475f6002741b41544f95dab18355	0	0	0	0	0	0	0	0	0	0	0	0	0	0	0	0	0	0	0	0	0	0	0	0	0	0	1	0	0	0	0	0	0	0	0	0	0	0	0	0	0	0	0	0	0
3e50fb9dd7ba643e95977b57e7ae2364	0	0	0	0	0	0	0	0	0	0	0	0	0	0	0	0	0	0	0	0	0	0	0	0	0	0	1	0	0	0	0	0	0	0	0	0	0	0	0	0	0	0	0	0	0
168bd7cc0bba89faeda96241a0487065	0	0	0	0	0	0	0	0	0	0	0	0	0	0	0	0	0	0	0	0	0	0	0	0	0	0	1	0	0	0	0	0	0	0	0	0	0	0	0	0	0	0	0	0	0
8c013d69439cc3fe0633d7276528f86c	0	0	0	0	0	0	0	0	0	0	0	0	0	0	0	0	0	0	0	0	0	0	0	0	0	0	1	0	0	0	0	0	0	0	0	0	0	0	0	0	0	0	0	0	0
38cc9ce8c89105a432a108b27cd2c617	0	0	0	0	0	0	0	0	0	0	0	0	0	0	0	0	0	0	0	0	0	0	0	0	0	0	1	0	0	0	0	0	0	0	0	0	0	0	0	0	0	0	0	0	0
2a38286b98ff59227d1a50e6bc55ef97	0	0	0	0	0	0	0	0	0	0	0	0	0	0	0	0	0	0	0	0	0	0	0	0	0	0	1	0	0	0	0	0	0	0	0	0	0	0	0	0	0	0	0	0	0
954cd5c22288fb6edeccb23e64a58c12	0	0	0	0	0	0	0	0	0	0	0	0	0	0	0	0	0	0	0	0	0	0	0	0	0	0	1	0	0	0	0	0	0	0	0	0	0	0	0	0	0	0	0	0	0
581e999fd07d76f4a5c46a8f36581e9e	0	0	0	0	0	0	0	0	0	0	0	0	0	0	0	0	0	0	0	0	0	0	0	0	0	0	0	1	0	0	0	0	0	0	0	0	0	0	0	0	0	0	0	0	0
8caad57611dc86a3c212e70b93dcb803	0	0	0	0	0	0	0	0	0	0	0	0	0	0	0	0	0	0	0	0	0	0	0	0	0	0	0	1	0	0	0	0	0	0	0	0	0	0	0	0	0	0	0	0	0
72bdba5d8b4f935b72623b7229c195a0	0	0	0	0	0	0	0	0	0	0	0	0	0	0	0	0	0	0	0	0	0	0	0	0	0	0	0	1	0	0	0	0	0	0	0	0	0	0	0	0	0	0	0	0	0
048394eed2d7e1438017638b812865eb	0	0	0	0	0	0	0	0	0	0	0	0	0	0	0	0	0	0	0	0	0	0	0	0	0	0	0	1	0	0	0	0	0	0	0	0	0	0	0	0	0	0	0	0	0
57ac39a1fff54a5f28f728357490f351	0	0	0	0	0	0	0	0	0	0	0	0	0	0	0	0	0	0	0	0	0	0	0	0	0	0	0	1	0	0	0	0	0	0	0	0	0	0	0	0	0	0	0	0	0
0aad5b37f558d6bb6ee153145bbe7126	0	0	0	0	0	0	0	0	0	0	0	0	0	0	0	0	0	0	0	0	0	0	0	0	0	0	0	1	0	0	0	0	0	0	0	0	0	0	0	0	0	0	0	0	0
f7ac77c46760e458409b9650c2b5c72d	0	0	0	0	0	0	0	0	0	0	0	0	0	0	0	0	0	0	0	0	0	0	0	0	0	0	0	1	0	0	0	0	0	0	0	0	0	0	0	0	0	0	0	0	0
b938282f488517e0f0d355df32a98771	0	0	0	0	0	0	0	0	0	0	0	0	0	0	0	0	0	0	0	0	0	0	0	0	0	0	0	1	0	0	0	0	0	0	0	0	0	0	0	0	0	0	0	0	0
1f743b01338b07f32da9a9577d774fa3	0	0	0	0	0	0	0	0	0	0	0	0	0	0	0	0	0	0	0	0	0	0	0	0	0	0	0	1	0	0	0	0	0	0	0	0	0	0	0	0	0	0	0	0	0
da3e546e87e1d24b48e1a72adb411fc5	0	0	0	0	0	0	0	0	0	0	0	0	0	0	0	0	0	0	0	0	0	0	0	0	0	0	0	1	0	0	0	0	0	0	0	0	0	0	0	0	0	0	0	0	0
1e141f01ea88ac1eb6bbcdb59ba41615	0	0	0	0	0	0	0	0	0	0	0	0	0	0	0	0	0	0	0	0	0	0	0	0	0	0	0	1	0	0	0	0	0	0	0	0	0	0	0	0	0	0	0	0	0
86756627674784e81549ab53df8c1519	0	0	0	0	0	0	0	0	0	0	0	0	0	0	0	0	0	0	0	0	0	0	0	0	0	0	0	1	0	0	0	0	0	0	0	0	0	0	0	0	0	0	0	0	0
14ca7fbf4313538a12b782bad1f0b8ea	0	0	0	0	0	0	0	0	0	0	0	0	0	0	0	0	0	0	0	0	0	0	0	0	0	0	0	1	0	0	0	0	0	0	0	0	0	0	0	0	0	0	0	0	0
6c584b3af684004fd3731d21ec2bdee3	0	0	0	0	0	0	0	0	0	0	0	0	0	0	0	0	0	0	0	0	0	0	0	0	0	0	0	1	0	0	0	0	0	0	0	0	0	0	0	0	0	0	0	0	0
e5a176a66c1affb32912d488e72df9fa	0	0	0	0	0	0	0	0	0	0	0	0	0	0	0	0	0	0	0	0	0	0	0	0	0	0	0	1	0	0	0	0	0	0	0	0	0	0	0	0	0	0	0	0	0
da818380864871dc921d34d09b59a7a9	0	0	0	0	0	0	0	0	0	0	0	0	0	0	0	0	0	0	0	0	0	0	0	0	0	0	0	1	0	0	0	0	0	0	0	0	0	0	0	0	0	0	0	0	0
15e3de9466d5faece0192b282cf5a87b	0	0	0	0	0	0	0	0	0	0	0	0	0	0	0	0	0	0	0	0	0	0	0	0	0	0	0	1	0	0	0	0	0	0	0	0	0	0	0	0	0	0	0	0	0
e6e256077f156a3a49fae7ef3e086b67	0	0	0	0	0	0	0	0	0	0	0	0	0	0	0	0	0	0	0	0	0	0	0	0	0	0	0	1	0	0	0	0	0	0	0	0	0	0	0	0	0	0	0	0	0
dc74a635fc0ba890b56fefd6fc59554f	0	0	0	0	0	0	0	0	0	0	0	0	0	0	0	0	0	0	0	0	0	0	0	0	0	0	0	1	0	0	0	0	0	0	0	0	0	0	0	0	0	0	0	0	0
e39588693f1de40bb5540616d07dd531	0	0	0	0	0	0	0	0	0	0	0	0	0	0	0	0	0	0	0	0	0	0	0	0	0	0	0	1	0	0	0	0	0	0	0	0	0	0	0	0	0	0	0	0	0
202efa2dfab075bdf9ec2cfeb826d838	0	0	0	0	0	0	0	0	0	0	0	0	0	0	0	0	0	0	0	0	0	0	0	0	0	0	0	1	0	0	0	0	0	0	0	0	0	0	0	0	0	0	0	0	0
b9b1ff103e179d71bd8dbaaa5318f1b1	0	0	0	0	0	0	0	0	0	0	0	0	0	0	0	0	0	0	0	0	0	0	0	0	0	0	0	1	0	0	0	0	0	0	0	0	0	0	0	0	0	0	0	0	0
8d00676bba38a6106f41d5f19c2977c2	0	0	0	0	0	0	0	0	0	0	0	0	0	0	0	0	0	0	0	0	0	0	0	0	0	0	0	1	0	0	0	0	0	0	0	0	0	0	0	0	0	0	0	0	0
cd4c345ce35976bb89dbfa5df1d63998	0	0	0	0	0	0	0	0	0	0	0	0	0	0	0	0	0	0	0	0	0	0	0	0	0	0	0	1	0	0	0	0	0	0	0	0	0	0	0	0	0	0	0	0	0
b418b175374d4e312f5e8c78165410b1	0	0	0	0	0	0	0	0	0	0	0	0	0	0	0	0	0	0	0	0	0	0	0	0	0	0	0	1	0	0	0	0	0	0	0	0	0	0	0	0	0	0	0	0	0
c55869f3e09895a0fe976c6bd7e4d79d	0	0	0	0	0	0	0	0	0	0	0	0	0	0	0	0	0	0	0	0	0	0	0	0	0	0	0	1	0	0	0	0	0	0	0	0	0	0	0	0	0	0	0	0	0
df36bb2bf155e7bfc8e32c425ea6ffe5	0	0	0	0	0	0	0	0	0	0	0	0	0	0	0	0	0	0	0	0	0	0	0	0	0	0	0	1	0	0	0	0	0	0	0	0	0	0	0	0	0	0	0	0	0
df22e1631059486f89d8ae3f91eb4d5d	0	0	0	0	0	0	0	0	0	0	0	0	0	0	0	0	0	0	0	0	0	0	0	0	0	0	0	1	0	0	0	0	0	0	0	0	0	0	0	0	0	0	0	0	0
2eb7176c3cadb8ad0bd58bb10bdd1c63	0	0	0	0	0	0	0	0	0	0	0	0	0	0	0	0	0	0	0	0	0	0	0	0	0	0	0	1	0	0	0	0	0	0	0	0	0	0	0	0	0	0	0	0	0
288b290f7250326b00c76b0da85ec8cc	0	0	0	0	0	0	0	0	0	0	0	0	0	0	0	0	0	0	0	0	0	0	0	0	0	0	0	1	0	0	0	0	0	0	0	0	0	0	0	0	0	0	0	0	0
71fbcd4dc5bc94bd6c92d2989ff287cd	0	0	0	0	0	0	0	0	0	0	0	0	0	0	0	0	0	0	0	0	0	0	0	0	0	0	0	1	0	0	0	0	0	0	0	0	0	0	0	0	0	0	0	0	0
2f8c575cb8e448850384a5a9b4216da2	0	0	0	0	0	0	0	0	0	0	0	0	0	0	0	0	0	0	0	0	0	0	0	0	0	0	0	1	0	0	0	0	0	0	0	0	0	0	0	0	0	0	0	0	0
7645cba72958ab07d8daf01de96688e9	0	0	0	0	0	0	0	0	0	0	0	0	0	0	0	0	0	0	0	0	0	0	0	0	0	0	0	1	0	0	0	0	0	0	0	0	0	0	0	0	0	0	0	0	0
42dafe158fef7b91b6d0688864673632	0	0	0	0	0	0	0	0	0	0	0	0	0	0	0	0	0	0	0	0	0	0	0	0	0	0	0	1	0	0	0	0	0	0	0	0	0	0	0	0	0	0	0	0	0
5a6fcf9773526ad77ad42e2bc3f08955	0	0	0	0	0	0	0	0	0	0	0	0	0	0	0	0	0	0	0	0	0	0	0	0	0	0	0	1	0	0	0	0	0	0	0	0	0	0	0	0	0	0	0	0	0
7c5a9b9a7f4f2fb4ce48de8c72f41d2c	0	0	0	0	0	0	0	0	0	0	0	0	0	0	0	0	0	0	0	0	0	0	0	0	0	0	0	1	0	0	0	0	0	0	0	0	0	0	0	0	0	0	0	0	0
d43212a41dfdb12b9b364049c62fccdb	0	0	0	0	0	0	0	0	0	0	0	0	0	0	0	0	0	0	0	0	0	0	0	0	0	0	0	1	0	0	0	0	0	0	0	0	0	0	0	0	0	0	0	0	0
223a1a492e212cf1d87b8e838393f40e	0	0	0	0	0	0	0	0	0	0	0	0	0	0	0	0	0	0	0	0	0	0	0	0	0	0	0	1	0	0	0	0	0	0	0	0	0	0	0	0	0	0	0	0	0
c94b6a3621017c1ef783da1bc84dd4f1	0	0	0	0	0	0	0	0	0	0	0	0	0	0	0	0	0	0	0	0	0	0	0	0	0	0	0	1	0	0	0	0	0	0	0	0	0	0	0	0	0	0	0	0	0
05a889828650ef8c635fc84fb37c8b07	0	0	0	0	0	0	0	0	0	0	0	0	0	0	0	0	0	0	0	0	0	0	0	0	0	0	0	1	0	0	0	0	0	0	0	0	0	0	0	0	0	0	0	0	0
da380bfd9774aaf2840a35dc2d17352e	0	0	0	0	0	0	0	0	0	0	0	0	0	0	0	0	0	0	0	0	0	0	0	0	0	0	0	1	0	0	0	0	0	0	0	0	0	0	0	0	0	0	0	0	0
9d1077c95e90de9abc12f7c43c3a8124	0	0	0	0	0	0	0	0	0	0	0	0	0	0	0	0	0	0	0	0	0	0	0	0	0	0	0	1	0	0	0	0	0	0	0	0	0	0	0	0	0	0	0	0	0
a7ebafb0004aa24598ddb099e085759c	0	0	0	0	0	0	0	0	0	0	0	0	0	0	0	0	0	0	0	0	0	0	0	0	0	0	0	1	0	0	0	0	0	0	0	0	0	0	0	0	0	0	0	0	0
27133a3e2b13584951bab45db7a0f7a7	0	0	0	0	0	0	0	0	0	0	0	0	0	0	0	0	0	0	0	0	0	0	0	0	0	0	0	1	0	0	0	0	0	0	0	0	0	0	0	0	0	0	0	0	0
77a7c595950c9062281b9d84801d187f	0	0	0	0	0	0	0	0	0	0	0	0	0	0	0	0	0	0	0	0	0	0	0	0	0	0	0	1	0	0	0	0	0	0	0	0	0	0	0	0	0	0	0	0	0
fe79456fc8f3083b0af2b991c7bfda67	0	0	0	0	0	0	0	0	0	0	0	0	0	0	0	0	0	0	0	0	0	0	0	0	0	0	0	1	0	0	0	0	0	0	0	0	0	0	0	0	0	0	0	0	0
78b7866bff5f15dd5277beed94b114d1	0	0	0	0	0	0	0	0	0	0	0	0	0	0	0	0	0	0	0	0	0	0	0	0	0	0	0	1	0	0	0	0	0	0	0	0	0	0	0	0	0	0	0	0	0
1b03ca3fc65dced9a7bb873ea2fde759	0	0	0	0	0	0	0	0	0	0	0	0	0	0	0	0	0	0	0	0	0	0	0	0	0	0	0	1	0	0	0	0	0	0	0	0	0	0	0	0	0	0	0	0	0
58dde43ef65f8124dfb7d3145a01b352	0	0	0	0	0	0	0	0	0	0	0	0	0	0	0	0	0	0	0	0	0	0	0	0	0	0	0	1	0	0	0	0	0	0	0	0	0	0	0	0	0	0	0	0	0
ccd7c7676e959f164e45a6f16c9afecd	0	0	0	0	0	0	0	0	0	0	0	0	0	0	0	0	0	0	0	0	0	0	0	0	0	0	0	1	0	0	0	0	0	0	0	0	0	0	0	0	0	0	0	0	0
baa84525dc15f4be16a06f8e4d6716e7	0	0	0	0	0	0	0	0	0	0	0	0	0	0	0	0	0	0	0	0	0	0	0	0	0	0	0	1	0	0	0	0	0	0	0	0	0	0	0	0	0	0	0	0	0
f12b296a0969426f56e265b93a8e28eb	0	0	0	0	0	0	0	0	0	0	0	0	0	0	0	0	0	0	0	0	0	0	0	0	0	0	0	1	0	0	0	0	0	0	0	0	0	0	0	0	0	0	0	0	0
898b702502f687be96c9604cbc459050	0	0	0	0	0	0	0	0	0	0	0	0	0	0	0	0	0	0	0	0	0	0	0	0	0	0	0	1	0	0	0	0	0	0	0	0	0	0	0	0	0	0	0	0	0
d5b76b4c85539f258091692c8fb43dfb	0	0	0	0	0	0	0	0	0	0	0	0	0	0	0	0	0	0	0	0	0	0	0	0	0	0	0	1	0	0	0	0	0	0	0	0	0	0	0	0	0	0	0	0	0
2763ee1bc27a67882e8c75d1fc9a2cf4	0	0	0	0	0	0	0	0	0	0	0	0	0	0	0	0	0	0	0	0	0	0	0	0	0	0	0	1	0	0	0	0	0	0	0	0	0	0	0	0	0	0	0	0	0
d25e410d8781ff9c55b3842fd6463294	0	0	0	0	0	0	0	0	0	0	0	0	0	0	0	0	0	0	0	0	0	0	0	0	0	0	0	1	0	0	0	0	0	0	0	0	0	0	0	0	0	0	0	0	0
6f9929b727ed8acb953cab5031e3a298	0	0	0	0	0	0	0	0	0	0	0	0	0	0	0	0	0	0	0	0	0	0	0	0	0	0	0	1	0	0	0	0	0	0	0	0	0	0	0	0	0	0	0	0	0
dc48831dd59c47cfeea553f921a170e1	0	0	0	0	0	0	0	0	0	0	0	0	0	0	0	0	0	0	0	0	0	0	0	0	0	0	0	1	0	0	0	0	0	0	0	0	0	0	0	0	0	0	0	0	0
764f83d0028c6679b9a9039b824f0fe3	0	0	0	0	0	0	0	0	0	0	0	0	0	0	0	0	0	0	0	0	0	0	0	0	0	0	0	1	0	0	0	0	0	0	0	0	0	0	0	0	0	0	0	0	0
34e34649c99c9c7b12b2891fbafe0a52	0	0	0	0	0	0	0	0	0	0	0	0	0	0	0	0	0	0	0	0	0	0	0	0	0	0	0	1	0	0	0	0	0	0	0	0	0	0	0	0	0	0	0	0	0
93c8f17a14c07f3679d53018ddd1165b	0	0	0	0	0	0	0	0	0	0	0	0	0	0	0	0	0	0	0	0	0	0	0	0	0	0	0	1	0	0	0	0	0	0	0	0	0	0	0	0	0	0	0	0	0
7be4119154115191bc114596ec4ef4a2	0	0	0	0	0	0	0	0	0	0	0	0	0	0	0	0	0	0	0	0	0	0	0	0	0	0	0	1	0	0	0	0	0	0	0	0	0	0	0	0	0	0	0	0	0
c5dc1134eb71641bbc5a5432780556ab	0	0	0	0	0	0	0	0	0	0	0	0	0	0	0	0	0	0	0	0	0	0	0	0	0	0	0	1	0	0	0	0	0	0	0	0	0	0	0	0	0	0	0	0	0
9cb90bcfe815a6b1d79364302cf53f3a	0	0	0	0	0	0	0	0	0	0	0	0	0	0	0	0	0	0	0	0	0	0	0	0	0	0	0	1	0	0	0	0	0	0	0	0	0	0	0	0	0	0	0	0	0
31a90f9460848a10294ee668fa920102	0	0	0	0	0	0	0	0	0	0	0	0	0	0	0	0	0	0	0	0	0	0	0	0	0	0	0	1	0	0	0	0	0	0	0	0	0	0	0	0	0	0	0	0	0
457c8d84470c8cd18e5ac9c110f669df	0	0	0	0	0	0	0	0	0	0	0	0	0	0	0	0	0	0	0	0	0	0	0	0	0	0	0	1	0	0	0	0	0	0	0	0	0	0	0	0	0	0	0	0	0
aa418268fdf470234b92c0fa80406e44	0	0	0	0	0	0	0	0	0	0	0	0	0	0	0	0	0	0	0	0	0	0	0	0	0	0	0	1	0	0	0	0	0	0	0	0	0	0	0	0	0	0	0	0	0
f6b6bf10bcc765d608ad72f23981392b	0	0	0	0	0	0	0	0	0	0	0	0	0	0	0	0	0	0	0	0	0	0	0	0	0	0	0	1	0	0	0	0	0	0	0	0	0	0	0	0	0	0	0	0	0
d1b99aacb704f2b7c95b1d27257be8d5	0	0	0	0	0	0	0	0	0	0	0	0	0	0	0	0	0	0	0	0	0	0	0	0	0	0	0	1	0	0	0	0	0	0	0	0	0	0	0	0	0	0	0	0	0
88e30adff94251de9ed2fa3e19da5e97	0	0	0	0	0	0	0	0	0	0	0	0	0	0	0	0	0	0	0	0	0	0	0	0	0	0	0	1	0	0	0	0	0	0	0	0	0	0	0	0	0	0	0	0	0
df698b38442c2e3a307e5421deb5739c	0	0	0	0	0	0	0	0	0	0	0	0	0	0	0	0	0	0	0	0	0	0	0	0	0	0	0	1	0	0	0	0	0	0	0	0	0	0	0	0	0	0	0	0	0
0248a5af11ab6878fbcc65c2a8bc23a0	0	0	0	0	0	0	0	0	0	0	0	0	0	0	0	0	0	0	0	0	0	0	0	0	0	0	0	1	0	0	0	0	0	0	0	0	0	0	0	0	0	0	0	0	0
478ca6a2fdaeacd8a6c0ef71fa2f0262	0	0	0	0	0	0	0	0	0	0	0	0	0	0	0	0	0	0	0	0	0	0	0	0	0	0	0	1	0	0	0	0	0	0	0	0	0	0	0	0	0	0	0	0	0
61dbb2d94ec02504e79b9914a56d080b	0	0	0	0	0	0	0	0	0	0	0	0	0	0	0	0	0	0	0	0	0	0	0	0	0	0	0	1	0	0	0	0	0	0	0	0	0	0	0	0	0	0	0	0	0
cb2da4eafa39801ae062ad81a69ab13c	0	0	0	0	0	0	0	0	0	0	0	0	0	0	0	0	0	0	0	0	0	0	0	0	0	0	0	1	0	0	0	0	0	0	0	0	0	0	0	0	0	0	0	0	0
3f60f613681bfc7f0aa40b72d75f8ba7	0	0	0	0	0	0	0	0	0	0	0	0	0	0	0	0	0	0	0	0	0	0	0	0	0	0	0	1	0	0	0	0	0	0	0	0	0	0	0	0	0	0	0	0	0
6189af652cf616e3d334d09afa1544ac	0	0	0	0	0	0	0	0	0	0	0	0	0	0	0	0	0	0	0	0	0	0	0	0	0	0	0	1	0	0	0	0	0	0	0	0	0	0	0	0	0	0	0	0	0
471588a2f6fd1d052c2f71be935e3530	0	0	0	0	0	0	0	0	0	0	0	0	0	0	0	0	0	0	0	0	0	0	0	0	0	0	0	1	0	0	0	0	0	0	0	0	0	0	0	0	0	0	0	0	0
6d954d8eb77d57cf30e2b89fcf18368f	0	0	0	0	0	0	0	0	0	0	0	0	0	0	0	0	0	0	0	0	0	0	0	0	0	0	0	1	0	0	0	0	0	0	0	0	0	0	0	0	0	0	0	0	0
873f214044de77fbd7fc10c2730e07e5	0	0	0	0	0	0	0	0	0	0	0	0	0	0	0	0	0	0	0	0	0	0	0	0	0	0	0	1	0	0	0	0	0	0	0	0	0	0	0	0	0	0	0	0	0
0976e3c272b0889aee8848b7935d24e7	0	0	0	0	0	0	0	0	0	0	0	0	0	0	0	0	0	0	0	0	0	0	0	0	0	0	0	1	0	0	0	0	0	0	0	0	0	0	0	0	0	0	0	0	0
70f546ba40929c7e7a275efaa80044f3	0	0	0	0	0	0	0	0	0	0	0	0	0	0	0	0	0	0	0	0	0	0	0	0	0	0	0	1	0	0	0	0	0	0	0	0	0	0	0	0	0	0	0	0	0
82cd330bcfb660d3a5f788df198d7475	0	0	0	0	0	0	0	0	0	0	0	0	0	0	0	0	0	0	0	0	0	0	0	0	0	0	0	1	0	0	0	0	0	0	0	0	0	0	0	0	0	0	0	0	0
a27520901a9df2d1f60625767c6d6698	0	0	0	0	0	0	0	0	0	0	0	0	0	0	0	0	0	0	0	0	0	0	0	0	0	0	0	1	0	0	0	0	0	0	0	0	0	0	0	0	0	0	0	0	0
9c83d08c74447fabc6c04e35c8b9fa73	0	0	0	0	0	0	0	0	0	0	0	0	0	0	0	0	0	0	0	0	0	0	0	0	0	0	0	1	0	0	0	0	0	0	0	0	0	0	0	0	0	0	0	0	0
f750661763524b5fb76eb41bd8a3a337	0	0	0	0	0	0	0	0	0	0	0	0	0	0	0	0	0	0	0	0	0	0	0	0	0	0	0	1	0	0	0	0	0	0	0	0	0	0	0	0	0	0	0	0	0
e6c7311b330070c57cd97d39d6d59f02	0	0	0	0	0	0	0	0	0	0	0	0	0	0	0	0	0	0	0	0	0	0	0	0	0	0	0	1	0	0	0	0	0	0	0	0	0	0	0	0	0	0	0	0	0
c9bf2101a6ed6cfdc889624810b29abf	0	0	0	0	0	0	0	0	0	0	0	0	0	0	0	0	0	0	0	0	0	0	0	0	0	0	0	1	0	0	0	0	0	0	0	0	0	0	0	0	0	0	0	0	0
6a32e36ef749f6607be7da9a424784bf	0	0	0	0	0	0	0	0	0	0	0	0	0	0	0	0	0	0	0	0	0	0	0	0	0	0	0	1	0	0	0	0	0	0	0	0	0	0	0	0	0	0	0	0	0
1659266dcef761476fcd11f3409e6a94	0	0	0	0	0	0	0	0	0	0	0	0	0	0	0	0	0	0	0	0	0	0	0	0	0	0	0	1	0	0	0	0	0	0	0	0	0	0	0	0	0	0	0	0	0
af417775f8835e9dc0a8087188761007	0	0	0	0	0	0	0	0	0	0	0	0	0	0	0	0	0	0	0	0	0	0	0	0	0	0	0	1	0	0	0	0	0	0	0	0	0	0	0	0	0	0	0	0	0
8702324df3fdd32641f3397cef4daccc	0	0	0	0	0	0	0	0	0	0	0	0	0	0	0	0	0	0	0	0	0	0	0	0	0	0	0	1	0	0	0	0	0	0	0	0	0	0	0	0	0	0	0	0	0
ad0cbc1e8cf406d579fbaec2272b9282	0	0	0	0	0	0	0	0	0	0	0	0	0	0	0	0	0	0	0	0	0	0	0	0	0	0	0	1	0	0	0	0	0	0	0	0	0	0	0	0	0	0	0	0	0
448fb1525863a67035ef2316fb15cfab	0	0	0	0	0	0	0	0	0	0	0	0	0	0	0	0	0	0	0	0	0	0	0	0	0	0	0	1	0	0	0	0	0	0	0	0	0	0	0	0	0	0	0	0	0
a4e317db606eb9e2e50740b9d8c1c538	0	0	0	0	0	0	0	0	0	0	0	0	0	0	0	0	0	0	0	0	0	0	0	0	0	0	0	1	0	0	0	0	0	0	0	0	0	0	0	0	0	0	0	0	0
9ac24187beb0e8f0a72c536e59ea892d	0	0	0	0	0	0	0	0	0	0	0	0	0	0	0	0	0	0	0	0	0	0	0	0	0	0	0	1	0	0	0	0	0	0	0	0	0	0	0	0	0	0	0	0	0
15822c4013c7170da98ef9cd8b52407a	0	0	0	0	0	0	0	0	0	0	0	0	0	0	0	0	0	0	0	0	0	0	0	0	0	0	0	1	0	0	0	0	0	0	0	0	0	0	0	0	0	0	0	0	0
ff7e76fbf159b59f6b87f62c58b6b2f8	0	0	0	0	0	0	0	0	0	0	0	0	0	0	0	0	0	0	0	0	0	0	0	0	0	0	0	1	0	0	0	0	0	0	0	0	0	0	0	0	0	0	0	0	0
db0de0f817888481067d44e0ff9c9aea	0	0	0	0	0	0	0	0	0	0	0	0	0	0	0	0	0	0	0	0	0	0	0	0	0	0	0	1	0	0	0	0	0	0	0	0	0	0	0	0	0	0	0	0	0
0dbbf92f106ab02808b983c861bc2670	0	0	0	0	0	0	0	0	0	0	0	0	0	0	0	0	0	0	0	0	0	0	0	0	0	0	0	1	0	0	0	0	0	0	0	0	0	0	0	0	0	0	0	0	0
79b3390f3ef9be189de00f3ef182850e	0	0	0	0	0	0	0	0	0	0	0	0	0	0	0	0	0	0	0	0	0	0	0	0	0	0	0	1	0	0	0	0	0	0	0	0	0	0	0	0	0	0	0	0	0
6f63e7c20b4f5aaf91ddd594bd8262a0	0	0	0	0	0	0	0	0	0	0	0	0	0	0	0	0	0	0	0	0	0	0	0	0	0	0	0	1	0	0	0	0	0	0	0	0	0	0	0	0	0	0	0	0	0
03f366e3501c7ce55fe9627f86e77d6c	0	0	0	0	0	0	0	0	0	0	0	0	0	0	0	0	0	0	0	0	0	0	0	0	0	0	0	1	0	0	0	0	0	0	0	0	0	0	0	0	0	0	0	0	0
c80c1ecdd5f75041576158b1a7f5e92f	0	0	0	0	0	0	0	0	0	0	0	0	0	0	0	0	0	0	0	0	0	0	0	0	0	0	0	1	0	0	0	0	0	0	0	0	0	0	0	0	0	0	0	0	0
6c0759e2eec0db672239effa2749a4d1	0	0	0	0	0	0	0	0	0	0	0	0	0	0	0	0	0	0	0	0	0	0	0	0	0	0	0	1	0	0	0	0	0	0	0	0	0	0	0	0	0	0	0	0	0
ddb835b021c2f87f8c0230a0fa9c7b8d	0	0	0	0	0	0	0	0	0	0	0	0	0	0	0	0	0	0	0	0	0	0	0	0	0	0	0	1	0	0	0	0	0	0	0	0	0	0	0	0	0	0	0	0	0
9b0da9988f5c29ade15410738a113c80	0	0	0	0	0	0	0	0	0	0	0	0	0	0	0	0	0	0	0	0	0	0	0	0	0	0	0	1	0	0	0	0	0	0	0	0	0	0	0	0	0	0	0	0	0
d49d353a959f1d55580bbd86563cd7ac	0	0	0	0	0	0	0	0	0	0	0	0	0	0	0	0	0	0	0	0	0	0	0	0	0	0	0	1	0	0	0	0	0	0	0	0	0	0	0	0	0	0	0	0	0
4db3451245031e062e43c026f853f354	0	0	0	0	0	0	0	0	0	0	0	0	0	0	0	0	0	0	0	0	0	0	0	0	0	0	0	1	0	0	0	0	0	0	0	0	0	0	0	0	0	0	0	0	0
3a74c4b2c20ced89d6be38e099297618	0	0	0	0	0	0	0	0	0	0	0	0	0	0	0	0	0	0	0	0	0	0	0	0	0	0	0	1	0	0	0	0	0	0	0	0	0	0	0	0	0	0	0	0	0
b09811a6d1bcbea7a3f9c9ee1e91873b	0	0	0	0	0	0	0	0	0	0	0	0	0	0	0	0	0	0	0	0	0	0	0	0	0	0	0	1	0	0	0	0	0	0	0	0	0	0	0	0	0	0	0	0	0
8dba77828d7e3ce04b2ed58a3977ab4d	0	0	0	0	0	0	0	0	0	0	0	0	0	0	0	0	0	0	0	0	0	0	0	0	0	0	0	1	0	0	0	0	0	0	0	0	0	0	0	0	0	0	0	0	0
7f608d1cbc5e98e80e56d437dcbb8a85	0	0	0	0	0	0	0	0	0	0	0	0	0	0	0	0	0	0	0	0	0	0	0	0	0	0	0	1	0	0	0	0	0	0	0	0	0	0	0	0	0	0	0	0	0
85cdf2ef617cf97a865d6b2256689ed0	0	0	0	0	0	0	0	0	0	0	0	0	0	0	0	0	0	0	0	0	0	0	0	0	0	0	0	1	0	0	0	0	0	0	0	0	0	0	0	0	0	0	0	0	0
c23f8fe17c1cf6d909f6a1d90c482d46	0	0	0	0	0	0	0	0	0	0	0	0	0	0	0	0	0	0	0	0	0	0	0	0	0	0	0	1	0	0	0	0	0	0	0	0	0	0	0	0	0	0	0	0	0
cbcc67be5617528ebe0fa8bd5515938a	0	0	0	0	0	0	0	0	0	0	0	0	0	0	0	0	0	0	0	0	0	0	0	0	0	0	0	1	0	0	0	0	0	0	0	0	0	0	0	0	0	0	0	0	0
5a937dae3f8cf640f70f79afc18dc2f5	0	0	0	0	0	0	0	0	0	0	0	0	0	0	0	0	0	0	0	0	0	0	0	0	0	0	0	1	0	0	0	0	0	0	0	0	0	0	0	0	0	0	0	0	0
dd57c2cc6d82371a71ab544076ef8a32	0	0	0	0	0	0	0	0	0	0	0	0	0	0	0	0	0	0	0	0	0	0	0	0	0	0	0	1	0	0	0	0	0	0	0	0	0	0	0	0	0	0	0	0	0
70f5ee5081a559543c23fcff6379bcb1	0	0	0	0	0	0	0	0	0	0	0	0	0	0	0	0	0	0	0	0	0	0	0	0	0	0	0	1	0	0	0	0	0	0	0	0	0	0	0	0	0	0	0	0	0
942fce6ac9d99df0962cec268561ca0f	0	0	0	0	0	0	0	0	0	0	0	0	0	0	0	0	0	0	0	0	0	0	0	0	0	0	0	1	0	0	0	0	0	0	0	0	0	0	0	0	0	0	0	0	0
688950dee829af7771b952bf1688d65a	0	0	0	0	0	0	0	0	0	0	0	0	0	0	0	0	0	0	0	0	0	0	0	0	0	0	0	1	0	0	0	0	0	0	0	0	0	0	0	0	0	0	0	0	0
feed7d2970347aad48744e0c8e915028	0	0	0	0	0	0	0	0	0	0	0	0	0	0	0	0	0	0	0	0	0	0	0	0	0	0	0	1	0	0	0	0	0	0	0	0	0	0	0	0	0	0	0	0	0
f93f871a430f100f3e8e09e03651222d	0	0	0	0	0	0	0	0	0	0	0	0	0	0	0	0	0	0	0	0	0	0	0	0	0	0	0	1	0	0	0	0	0	0	0	0	0	0	0	0	0	0	0	0	0
d4b05202fbcd0c8edce06ac9369e7054	0	0	0	0	0	0	0	0	0	0	0	0	0	0	0	0	0	0	0	0	0	0	0	0	0	0	0	1	0	0	0	0	0	0	0	0	0	0	0	0	0	0	0	0	0
5a2ff1e0b02e3cdd54c2f4842620f021	0	0	0	0	0	0	0	0	0	0	0	0	0	0	0	0	0	0	0	0	0	0	0	0	0	0	0	1	0	0	0	0	0	0	0	0	0	0	0	0	0	0	0	0	0
ea3ec1f32de972c7371c10b03a49bc22	0	0	0	0	0	0	0	0	0	0	0	0	0	0	0	0	0	0	0	0	0	0	0	0	0	0	0	1	0	0	0	0	0	0	0	0	0	0	0	0	0	0	0	0	0
0d466d07a80218c1c14ca0b83c782f1b	0	0	0	0	0	0	0	0	0	0	0	0	0	0	0	0	0	0	0	0	0	0	0	0	0	0	0	1	0	0	0	0	0	0	0	0	0	0	0	0	0	0	0	0	0
ca06a9a2e78c13788b6dd7600bd6c980	0	0	0	0	0	0	0	0	0	0	0	0	0	0	0	0	0	0	0	0	0	0	0	0	0	0	0	1	0	0	0	0	0	0	0	0	0	0	0	0	0	0	0	0	0
a80de81b1a6ca67f81d53e03a4c46921	0	0	0	0	0	0	0	0	0	0	0	0	0	0	0	0	0	0	0	0	0	0	0	0	0	0	0	1	0	0	0	0	0	0	0	0	0	0	0	0	0	0	0	0	0
bff988901a89d72ceea21b26739843b7	0	0	0	0	0	0	0	0	0	0	0	0	0	0	0	0	0	0	0	0	0	0	0	0	0	0	0	1	0	0	0	0	0	0	0	0	0	0	0	0	0	0	0	0	0
3be6e9c8a8a01cb908aaf1c98d6b8972	0	0	0	0	0	0	0	0	0	0	0	0	0	0	0	0	0	0	0	0	0	0	0	0	0	0	0	1	0	0	0	0	0	0	0	0	0	0	0	0	0	0	0	0	0
e6a543ffdff48d11b63f72a6748b555e	0	0	0	0	0	0	0	0	0	0	0	0	0	0	0	0	0	0	0	0	0	0	0	0	0	0	0	1	0	0	0	0	0	0	0	0	0	0	0	0	0	0	0	0	0
31c423183af3b99b8e3f3ca190ce585c	0	0	0	0	0	0	0	0	0	0	0	0	0	0	0	0	0	0	0	0	0	0	0	0	0	0	0	1	0	0	0	0	0	0	0	0	0	0	0	0	0	0	0	0	0
0b7ce364b96b4239368748e66c19437d	0	0	0	0	0	0	0	0	0	0	0	0	0	0	0	0	0	0	0	0	0	0	0	0	0	0	0	1	0	0	0	0	0	0	0	0	0	0	0	0	0	0	0	0	0
6c87e81ac6c6b9d7cce0bf509f8a5dad	0	0	0	0	0	0	0	0	0	0	0	0	0	0	0	0	0	0	0	0	0	0	0	0	0	0	0	1	0	0	0	0	0	0	0	0	0	0	0	0	0	0	0	0	0
747ac51f2dc61b6a9b2f231fcbbf350c	0	0	0	0	0	0	0	0	0	0	0	0	0	0	0	0	0	0	0	0	0	0	0	0	0	0	0	1	0	0	0	0	0	0	0	0	0	0	0	0	0	0	0	0	0
2015d1339d1619d9f9799f24705fc092	0	0	0	0	0	0	0	0	0	0	0	0	0	0	0	0	0	0	0	0	0	0	0	0	0	0	0	1	0	0	0	0	0	0	0	0	0	0	0	0	0	0	0	0	0
7323dbb8db0d01bb17e266984a94d725	0	0	0	0	0	0	0	0	0	0	0	0	0	0	0	0	0	0	0	0	0	0	0	0	0	0	0	1	0	0	0	0	0	0	0	0	0	0	0	0	0	0	0	0	0
b1bf7ce9f7a808be4ce6c5f2f65e28c6	0	0	0	0	0	0	0	0	0	0	0	0	0	0	0	0	0	0	0	0	0	0	0	0	0	0	0	1	0	0	0	0	0	0	0	0	0	0	0	0	0	0	0	0	0
bc57665343511549e206f076469ae7e0	0	0	0	0	0	0	0	0	0	0	0	0	0	0	0	0	0	0	0	0	0	0	0	0	0	0	0	1	0	0	0	0	0	0	0	0	0	0	0	0	0	0	0	0	0
75a2a03d841bd0b963b5fc83c279db4e	0	0	0	0	0	0	0	0	0	0	0	0	0	0	0	0	0	0	0	0	0	0	0	0	0	0	0	1	0	0	0	0	0	0	0	0	0	0	0	0	0	0	0	0	0
3069a4739bb75f2f8b71020aaf93ae47	0	0	0	0	0	0	0	0	0	0	0	0	0	0	0	0	0	0	0	0	0	0	0	0	0	0	0	1	0	0	0	0	0	0	0	0	0	0	0	0	0	0	0	0	0
ef7c9a34f10a67c50cc38161ca1fcc73	0	0	0	0	0	0	0	0	0	0	0	0	0	0	0	0	0	0	0	0	0	0	0	0	0	0	0	1	0	0	0	0	0	0	0	0	0	0	0	0	0	0	0	0	0
08b63048942ede23d151a356706e4233	0	0	0	0	0	0	0	0	0	0	0	0	0	0	0	0	0	0	0	0	0	0	0	0	0	0	0	1	0	0	0	0	0	0	0	0	0	0	0	0	0	0	0	0	0
9e5241842f4e2598591a4e5780027442	0	0	0	0	0	0	0	0	0	0	0	0	0	0	0	0	0	0	0	0	0	0	0	0	0	0	0	1	0	0	0	0	0	0	0	0	0	0	0	0	0	0	0	0	0
646eb5922dc3672f5227b6318b3ad43c	0	0	0	0	0	0	0	0	0	0	0	0	0	0	0	0	0	0	0	0	0	0	0	0	0	0	0	1	0	0	0	0	0	0	0	0	0	0	0	0	0	0	0	0	0
120bac9992c0ae2b3e82f4aff90d97f0	0	0	0	0	0	0	0	0	0	0	0	0	0	0	0	0	0	0	0	0	0	0	0	0	0	0	0	1	0	0	0	0	0	0	0	0	0	0	0	0	0	0	0	0	0
878b9ec59afd0265c46515feffcf3cfe	0	0	0	0	0	0	0	0	0	0	0	0	0	0	0	0	0	0	0	0	0	0	0	0	0	0	0	1	0	0	0	0	0	0	0	0	0	0	0	0	0	0	0	0	0
0657074c27052c8d3d04f8be1470fa4a	0	0	0	0	0	0	0	0	0	0	0	0	0	0	0	0	0	0	0	0	0	0	0	0	0	0	0	1	0	0	0	0	0	0	0	0	0	0	0	0	0	0	0	0	0
5818c9500448172662fcc2fe6f60e6a3	0	0	0	0	0	0	0	0	0	0	0	0	0	0	0	0	0	0	0	0	0	0	0	0	0	0	0	1	0	0	0	0	0	0	0	0	0	0	0	0	0	0	0	0	0
a6895ccde0c4c178a84a764205c63dd5	0	0	0	0	0	0	0	0	0	0	0	0	0	0	0	0	0	0	0	0	0	0	0	0	0	0	0	1	0	0	0	0	0	0	0	0	0	0	0	0	0	0	0	0	0
ed5fe7ef66ca0de533ed04faf73c240b	0	0	0	0	0	0	0	0	0	0	0	0	0	0	0	0	0	0	0	0	0	0	0	0	0	0	0	1	0	0	0	0	0	0	0	0	0	0	0	0	0	0	0	0	0
6e996fcda7b9b6394b9a2d94a5df1176	0	0	0	0	0	0	0	0	0	0	0	0	0	0	0	0	0	0	0	0	0	0	0	0	0	0	0	1	0	0	0	0	0	0	0	0	0	0	0	0	0	0	0	0	0
d22c3e7300969b62ddcb2da9566175e2	0	0	0	0	0	0	0	0	0	0	0	0	0	0	0	0	0	0	0	0	0	0	0	0	0	0	0	1	0	0	0	0	0	0	0	0	0	0	0	0	0	0	0	0	0
775c43cfc0fe87edf477f2832d002ebc	0	0	0	0	0	0	0	0	0	0	0	0	0	0	0	0	0	0	0	0	0	0	0	0	0	0	0	1	0	0	0	0	0	0	0	0	0	0	0	0	0	0	0	0	0
9e4f493fe1e32e7c52cb28062b9bb081	0	0	0	0	0	0	0	0	0	0	0	0	0	0	0	0	0	0	0	0	0	0	0	0	0	0	0	1	0	0	0	0	0	0	0	0	0	0	0	0	0	0	0	0	0
0e5664feff74bbac055133a1af979a94	0	0	0	0	0	0	0	0	0	0	0	0	0	0	0	0	0	0	0	0	0	0	0	0	0	0	0	1	0	0	0	0	0	0	0	0	0	0	0	0	0	0	0	0	0
cca346054e78d4176589684e370acbe5	0	0	0	0	0	0	0	0	0	0	0	0	0	0	0	0	0	0	0	0	0	0	0	0	0	0	0	1	0	0	0	0	0	0	0	0	0	0	0	0	0	0	0	0	0
dbdc2a5e46de49ca39c3042f2a86ec77	0	0	0	0	0	0	0	0	0	0	0	0	0	0	0	0	0	0	0	0	0	0	0	0	0	0	0	1	0	0	0	0	0	0	0	0	0	0	0	0	0	0	0	0	0
8a3dc162b19950d318dce30c2f232280	0	0	0	0	0	0	0	0	0	0	0	0	0	0	0	0	0	0	0	0	0	0	0	0	0	0	0	1	0	0	0	0	0	0	0	0	0	0	0	0	0	0	0	0	0
e53c8a8cf12d38c891d1182b26c5716f	0	0	0	0	0	0	0	0	0	0	0	0	0	0	0	0	0	0	0	0	0	0	0	0	0	0	0	1	0	0	0	0	0	0	0	0	0	0	0	0	0	0	0	0	0
9513272dd5183d750782e929b9d8980d	0	0	0	0	0	0	0	0	0	0	0	0	0	0	0	0	0	0	0	0	0	0	0	0	0	0	0	1	0	0	0	0	0	0	0	0	0	0	0	0	0	0	0	0	0
f4807fa5494cf42e262d425c8aad9786	0	0	0	0	0	0	0	0	0	0	0	0	0	0	0	0	0	0	0	0	0	0	0	0	0	0	0	1	0	0	0	0	0	0	0	0	0	0	0	0	0	0	0	0	0
2907c5928e30e16eb0fb6a6d81254d70	0	0	0	0	0	0	0	0	0	0	0	0	0	0	0	0	0	0	0	0	0	0	0	0	0	0	0	1	0	0	0	0	0	0	0	0	0	0	0	0	0	0	0	0	0
fe9c5c2fb0fc0130c177b289140aa125	0	0	0	0	0	0	0	0	0	0	0	0	0	0	0	0	0	0	0	0	0	0	0	0	0	0	0	1	0	0	0	0	0	0	0	0	0	0	0	0	0	0	0	0	0
8ab5185c85151c0cb09b3e9ef8fbc7ca	0	0	0	0	0	0	0	0	0	0	0	0	0	0	0	0	0	0	0	0	0	0	0	0	0	0	0	1	0	0	0	0	0	0	0	0	0	0	0	0	0	0	0	0	0
27e8a84eb51dd3b5b4663fc57061e273	0	0	0	0	0	0	0	0	0	0	0	0	0	0	0	0	0	0	0	0	0	0	0	0	0	0	0	1	0	0	0	0	0	0	0	0	0	0	0	0	0	0	0	0	0
015bafff1635eebc1c930610d6616e48	0	0	0	0	0	0	0	0	0	0	0	0	0	0	0	0	0	0	0	0	0	0	0	0	0	0	0	1	0	0	0	0	0	0	0	0	0	0	0	0	0	0	0	0	0
113f241741094a6caa12b515b8e31f46	0	0	0	0	0	0	0	0	0	0	0	0	0	0	0	0	0	0	0	0	0	0	0	0	0	0	0	1	0	0	0	0	0	0	0	0	0	0	0	0	0	0	0	0	0
e07c8058ccc14124ad6e17ce6057dfee	0	0	0	0	0	0	0	0	0	0	0	0	0	0	0	0	0	0	0	0	0	0	0	0	0	0	0	1	0	0	0	0	0	0	0	0	0	0	0	0	0	0	0	0	0
60e003e8ce39c3792416556dbedeff41	0	0	0	0	0	0	0	0	0	0	0	0	0	0	0	0	0	0	0	0	0	0	0	0	0	0	0	1	0	0	0	0	0	0	0	0	0	0	0	0	0	0	0	0	0
58d8831d69575e1da9879dda197677f7	0	0	0	0	0	0	0	0	0	0	0	0	0	0	0	0	0	0	0	0	0	0	0	0	0	0	0	1	0	0	0	0	0	0	0	0	0	0	0	0	0	0	0	0	0
88c217aed9c69c5ddce66734adb6e405	0	0	0	0	0	0	0	0	0	0	0	0	0	0	0	0	0	0	0	0	0	0	0	0	0	0	0	1	0	0	0	0	0	0	0	0	0	0	0	0	0	0	0	0	0
c234c1dc893345a2e192b66b7e79b047	0	0	0	0	0	0	0	0	0	0	0	0	0	0	0	0	0	0	0	0	0	0	0	0	0	0	0	1	0	0	0	0	0	0	0	0	0	0	0	0	0	0	0	0	0
a17d7d6d67ae04c9089d7ca69c3d6aaa	0	0	0	0	0	0	0	0	0	0	0	0	0	0	0	0	0	0	0	0	0	0	0	0	0	0	0	1	0	0	0	0	0	0	0	0	0	0	0	0	0	0	0	0	0
a753da391e2d031d1bf3dc151052a7c5	0	0	0	0	0	0	0	0	0	0	0	0	0	0	0	0	0	0	0	0	0	0	0	0	0	0	0	1	0	0	0	0	0	0	0	0	0	0	0	0	0	0	0	0	0
6c1b2eed2fd72ce04f08cacdd8e4210c	0	0	0	0	0	0	0	0	0	0	0	0	0	0	0	0	0	0	0	0	0	0	0	0	0	0	0	1	0	0	0	0	0	0	0	0	0	0	0	0	0	0	0	0	0
f3c5048c54a09fc1a818ae3be790da97	0	0	0	0	0	0	0	0	0	0	0	0	0	0	0	0	0	0	0	0	0	0	0	0	0	0	0	1	0	0	0	0	0	0	0	0	0	0	0	0	0	0	0	0	0
2e8157f9cc0506a6b987cc0dccb8ac0e	0	0	0	0	0	0	0	0	0	0	0	0	0	0	0	0	0	0	0	0	0	0	0	0	0	0	0	1	0	0	0	0	0	0	0	0	0	0	0	0	0	0	0	0	0
1e116369b534fdb575ff29fe65ef6681	0	0	0	0	0	0	0	0	0	0	0	0	0	0	0	0	0	0	0	0	0	0	0	0	0	0	0	1	0	0	0	0	0	0	0	0	0	0	0	0	0	0	0	0	0
ce9072b7e676cc58dd17bb00e217c59b	0	0	0	0	0	0	0	0	0	0	0	0	0	0	0	0	0	0	0	0	0	0	0	0	0	0	0	1	0	0	0	0	0	0	0	0	0	0	0	0	0	0	0	0	0
56b465c7464a762f2619710001d5f05d	0	0	0	0	0	0	0	0	0	0	0	0	0	0	0	0	0	0	0	0	0	0	0	0	0	0	0	1	0	0	0	0	0	0	0	0	0	0	0	0	0	0	0	0	0
0735adda3341aace610fb6e058ab0558	0	0	0	0	0	0	0	0	0	0	0	0	0	0	0	0	0	0	0	0	0	0	0	0	0	0	0	1	0	0	0	0	0	0	0	0	0	0	0	0	0	0	0	0	0
26e08defbc296fe3f4584ebea8c49f31	0	0	0	0	0	0	0	0	0	0	0	0	0	0	0	0	0	0	0	0	0	0	0	0	0	0	0	1	0	0	0	0	0	0	0	0	0	0	0	0	0	0	0	0	0
60616c9c50d9b70ab649c978eae559de	0	0	0	0	0	0	0	0	0	0	0	0	0	0	0	0	0	0	0	0	0	0	0	0	0	0	0	1	0	0	0	0	0	0	0	0	0	0	0	0	0	0	0	0	0
b419a6232ea9e583dee6272d379bad11	0	0	0	0	0	0	0	0	0	0	0	0	0	0	0	0	0	0	0	0	0	0	0	0	0	0	0	1	0	0	0	0	0	0	0	0	0	0	0	0	0	0	0	0	0
a4367d6b8597c3669a6165b3c248a83a	0	0	0	0	0	0	0	0	0	0	0	0	0	0	0	0	0	0	0	0	0	0	0	0	0	0	0	1	0	0	0	0	0	0	0	0	0	0	0	0	0	0	0	0	0
a279e958da22d1bd18ff6b9a4a278ea3	0	0	0	0	0	0	0	0	0	0	0	0	0	0	0	0	0	0	0	0	0	0	0	0	0	0	0	1	0	0	0	0	0	0	0	0	0	0	0	0	0	0	0	0	0
406012761b82b654ba1f83721ac0afa6	0	0	0	0	0	0	0	0	0	0	0	0	0	0	0	0	0	0	0	0	0	0	0	0	0	0	0	1	0	0	0	0	0	0	0	0	0	0	0	0	0	0	0	0	0
d46167924ba9d0fe12b369a93a1b2c2a	0	0	0	0	0	0	0	0	0	0	0	0	0	0	0	0	0	0	0	0	0	0	0	0	0	0	0	1	0	0	0	0	0	0	0	0	0	0	0	0	0	0	0	0	0
1211fe3978589988bca62b244e90c85a	0	0	0	0	0	0	0	0	0	0	0	0	0	0	0	0	0	0	0	0	0	0	0	0	0	0	0	1	0	0	0	0	0	0	0	0	0	0	0	0	0	0	0	0	0
f49f91c5d13392f49463fdeca0d1fd52	0	0	0	0	0	0	0	0	0	0	0	0	0	0	0	0	0	0	0	0	0	0	0	0	0	0	0	1	0	0	0	0	0	0	0	0	0	0	0	0	0	0	0	0	0
164feae34698134742e82437eee017bf	0	0	0	0	0	0	0	0	0	0	0	0	0	0	0	0	0	0	0	0	0	0	0	0	0	0	0	1	0	0	0	0	0	0	0	0	0	0	0	0	0	0	0	0	0
2d34edfb896671b1d9c74e18390ea0d7	0	0	0	0	0	0	0	0	0	0	0	0	0	0	0	0	0	0	0	0	0	0	0	0	0	0	0	1	0	0	0	0	0	0	0	0	0	0	0	0	0	0	0	0	0
49cab13a53b802ce092f9e32f4b6cadf	0	0	0	0	0	0	0	0	0	0	0	0	0	0	0	0	0	0	0	0	0	0	0	0	0	0	0	1	0	0	0	0	0	0	0	0	0	0	0	0	0	0	0	0	0
c254be1cea2a255697aa3e9527e411c1	0	0	0	0	0	0	0	0	0	0	0	0	0	0	0	0	0	0	0	0	0	0	0	0	0	0	0	1	0	0	0	0	0	0	0	0	0	0	0	0	0	0	0	0	0
3aa8a5f2857879876a794dce4e2e3272	0	0	0	0	0	0	0	0	0	0	0	0	0	0	0	0	0	0	0	0	0	0	0	0	0	0	0	1	0	0	0	0	0	0	0	0	0	0	0	0	0	0	0	0	0
d4c07559f2163ae23cb6a89cf9e2405e	0	0	0	0	0	0	0	0	0	0	0	0	0	0	0	0	0	0	0	0	0	0	0	0	0	0	0	1	0	0	0	0	0	0	0	0	0	0	0	0	0	0	0	0	0
7fd8ee4da228612dba7e7ce71e68214d	0	0	0	0	0	0	0	0	0	0	0	0	0	0	0	0	0	0	0	0	0	0	0	0	0	0	0	1	0	0	0	0	0	0	0	0	0	0	0	0	0	0	0	0	0
ce506c216538dc71b445c036f1746662	0	0	0	0	0	0	0	0	0	0	0	0	0	0	0	0	0	0	0	0	0	0	0	0	0	0	0	1	0	0	0	0	0	0	0	0	0	0	0	0	0	0	0	0	0
71eab652966e58445fb3a2f230afab2f	0	0	0	0	0	0	0	0	0	0	0	0	0	0	0	0	0	0	0	0	0	0	0	0	0	0	0	1	0	0	0	0	0	0	0	0	0	0	0	0	0	0	0	0	0
e50547799e0b6104d2781a91dd184039	0	0	0	0	0	0	0	0	0	0	0	0	0	0	0	0	0	0	0	0	0	0	0	0	0	0	0	1	0	0	0	0	0	0	0	0	0	0	0	0	0	0	0	0	0
e54b2cf411181633fda1356bd45f43a0	0	0	0	0	0	0	0	0	0	0	0	0	0	0	0	0	0	0	0	0	0	0	0	0	0	0	0	1	0	0	0	0	0	0	0	0	0	0	0	0	0	0	0	0	0
1c63831894c2e6437b8ec67904448556	0	0	0	0	0	0	0	0	0	0	0	0	0	0	0	0	0	0	0	0	0	0	0	0	0	0	0	0	1	0	0	0	0	0	0	0	0	0	0	0	0	0	0	0	0
bde1d972b68d29aa54b179c542a5531d	0	0	0	0	0	0	0	0	0	0	0	0	0	0	0	0	0	0	0	0	0	0	0	0	0	0	0	0	1	0	0	0	0	0	0	0	0	0	0	0	0	0	0	0	0
c52bfccd7ff0f5b22d125ed6701c11bd	0	0	0	0	0	0	0	0	0	0	0	0	0	0	0	0	0	0	0	0	0	0	0	0	0	0	0	0	1	0	0	0	0	0	0	0	0	0	0	0	0	0	0	0	0
62db6203675dd3409775408c6df5ac8f	0	0	0	0	0	0	0	0	0	0	0	0	0	0	0	0	0	0	0	0	0	0	0	0	0	0	0	0	1	0	0	0	0	0	0	0	0	0	0	0	0	0	0	0	0
acc2627fef6188d48979ccc7cc8da217	0	0	0	0	0	0	0	0	0	0	0	0	0	0	0	0	0	0	0	0	0	0	0	0	0	0	0	0	1	0	0	0	0	0	0	0	0	0	0	0	0	0	0	0	0
e07cfb2ac2ec8a627fdc68193fcc5ce1	0	0	0	0	0	0	0	0	0	0	0	0	0	0	0	0	0	0	0	0	0	0	0	0	0	0	0	0	1	0	0	0	0	0	0	0	0	0	0	0	0	0	0	0	0
2f6e1131d088712531c15c0018d9a2d8	0	0	0	0	0	0	0	0	0	0	0	0	0	0	0	0	0	0	0	0	0	0	0	0	0	0	0	0	1	0	0	0	0	0	0	0	0	0	0	0	0	0	0	0	0
df9c736bc48159b41d9fca3455692e2f	0	0	0	0	0	0	0	0	0	0	0	0	0	0	0	0	0	0	0	0	0	0	0	0	0	0	0	0	1	0	0	0	0	0	0	0	0	0	0	0	0	0	0	0	0
5474ca2c7be19d7501dbee31fa7a6565	0	0	0	0	0	0	0	0	0	0	0	0	0	0	0	0	0	0	0	0	0	0	0	0	0	0	0	0	1	0	0	0	0	0	0	0	0	0	0	0	0	0	0	0	0
4e7d3eeb5e808f15c247557a61bd1744	0	0	0	0	0	0	0	0	0	0	0	0	0	0	0	0	0	0	0	0	0	0	0	0	0	0	0	0	1	0	0	0	0	0	0	0	0	0	0	0	0	0	0	0	0
48dab84ab5232b9e12043fd4df8112e6	0	0	0	0	0	0	0	0	0	0	0	0	0	0	0	0	0	0	0	0	0	0	0	0	0	0	0	0	1	0	0	0	0	0	0	0	0	0	0	0	0	0	0	0	0
5b621aadf32b47a91ffc5c900af7310f	0	0	0	0	0	0	0	0	0	0	0	0	0	0	0	0	0	0	0	0	0	0	0	0	0	0	0	0	1	0	0	0	0	0	0	0	0	0	0	0	0	0	0	0	0
bed04263e9094c09e29cbb5a5068a0ed	0	0	0	0	0	0	0	0	0	0	0	0	0	0	0	0	0	0	0	0	0	0	0	0	0	0	0	0	1	0	0	0	0	0	0	0	0	0	0	0	0	0	0	0	0
a9ddb40f2b8d0e42bca171e7ae6c6f8c	0	0	0	0	0	0	0	0	0	0	0	0	0	0	0	0	0	0	0	0	0	0	0	0	0	0	0	0	1	0	0	0	0	0	0	0	0	0	0	0	0	0	0	0	0
9203d82272196bc6c629b6dcb66a3e58	0	0	0	0	0	0	0	0	0	0	0	0	0	0	0	0	0	0	0	0	0	0	0	0	0	0	0	0	1	0	0	0	0	0	0	0	0	0	0	0	0	0	0	0	0
62fdf9136f7a1cb0f3fc3d9c7a885f31	0	0	0	0	0	0	0	0	0	0	0	0	0	0	0	0	0	0	0	0	0	0	0	0	0	0	0	0	1	0	0	0	0	0	0	0	0	0	0	0	0	0	0	0	0
cc91e08fa11b464c702f4ca571fc8de6	0	0	0	0	0	0	0	0	0	0	0	0	0	0	0	0	0	0	0	0	0	0	0	0	0	0	0	0	1	0	0	0	0	0	0	0	0	0	0	0	0	0	0	0	0
577b1d08c849673f4fe4091602ed5c33	0	0	0	0	0	0	0	0	0	0	0	0	0	0	0	0	0	0	0	0	0	0	0	0	0	0	0	0	1	0	0	0	0	0	0	0	0	0	0	0	0	0	0	0	0
8c7890758ca7d95c3d4e5990255aaa5e	0	0	0	0	0	0	0	0	0	0	0	0	0	0	0	0	0	0	0	0	0	0	0	0	0	0	0	0	1	0	0	0	0	0	0	0	0	0	0	0	0	0	0	0	0
6fd901684e77d3cf2d5034393f1b4269	0	0	0	0	0	0	0	0	0	0	0	0	0	0	0	0	0	0	0	0	0	0	0	0	0	0	0	0	1	0	0	0	0	0	0	0	0	0	0	0	0	0	0	0	0
a5f6b787e36dd478813701e445a2df6d	0	0	0	0	0	0	0	0	0	0	0	0	0	0	0	0	0	0	0	0	0	0	0	0	0	0	0	0	1	0	0	0	0	0	0	0	0	0	0	0	0	0	0	0	0
5519ce9a03d803f52cb10337d39b6834	0	0	0	0	0	0	0	0	0	0	0	0	0	0	0	0	0	0	0	0	0	0	0	0	0	0	0	0	1	0	0	0	0	0	0	0	0	0	0	0	0	0	0	0	0
6f45b7870e2e924e1320b15ee728bcad	0	0	0	0	0	0	0	0	0	0	0	0	0	0	0	0	0	0	0	0	0	0	0	0	0	0	0	0	1	0	0	0	0	0	0	0	0	0	0	0	0	0	0	0	0
977fddc7e31ee0c653b742263a1ed0e8	0	0	0	0	0	0	0	0	0	0	0	0	0	0	0	0	0	0	0	0	0	0	0	0	0	0	0	0	1	0	0	0	0	0	0	0	0	0	0	0	0	0	0	0	0
e71e8a0134542a2f3f4767d6dc12efd2	0	0	0	0	0	0	0	0	0	0	0	0	0	0	0	0	0	0	0	0	0	0	0	0	0	0	0	0	1	0	0	0	0	0	0	0	0	0	0	0	0	0	0	0	0
f2e5dadbfe671836425d5ccf3ba2e2e2	0	0	0	0	0	0	0	0	0	0	0	0	0	0	0	0	0	0	0	0	0	0	0	0	0	0	0	0	1	0	0	0	0	0	0	0	0	0	0	0	0	0	0	0	0
cddcf017a6bd1051d575571e50fd20d3	0	0	0	0	0	0	0	0	0	0	0	0	0	0	0	0	0	0	0	0	0	0	0	0	0	0	0	0	1	0	0	0	0	0	0	0	0	0	0	0	0	0	0	0	0
a5617e8989f5e4bd847e58f2b76a8665	0	0	0	0	0	0	0	0	0	0	0	0	0	0	0	0	0	0	0	0	0	0	0	0	0	0	0	0	1	0	0	0	0	0	0	0	0	0	0	0	0	0	0	0	0
49772f94b080a36a124d751b49216fbb	0	0	0	0	0	0	0	0	0	0	0	0	0	0	0	0	0	0	0	0	0	0	0	0	0	0	0	0	1	0	0	0	0	0	0	0	0	0	0	0	0	0	0	0	0
3aa27f70d49beca3b294dcf633df822e	0	0	0	0	0	0	0	0	0	0	0	0	0	0	0	0	0	0	0	0	0	0	0	0	0	0	0	0	1	0	0	0	0	0	0	0	0	0	0	0	0	0	0	0	0
5b1940c6b375f1ba452249c8fb00958b	0	0	0	0	0	0	0	0	0	0	0	0	0	0	0	0	0	0	0	0	0	0	0	0	0	0	0	0	1	0	0	0	0	0	0	0	0	0	0	0	0	0	0	0	0
b2b1840752d915fa72c9a72dfd4cc8a0	0	0	0	0	0	0	0	0	0	0	0	0	0	0	0	0	0	0	0	0	0	0	0	0	0	0	0	0	1	0	0	0	0	0	0	0	0	0	0	0	0	0	0	0	0
88ddf3d0f77c2e43186fb5335c894ffc	0	0	0	0	0	0	0	0	0	0	0	0	0	0	0	0	0	0	0	0	0	0	0	0	0	0	0	0	1	0	0	0	0	0	0	0	0	0	0	0	0	0	0	0	0
49b6ded51ce28dd5c8803e843965e1d8	0	0	0	0	0	0	0	0	0	0	0	0	0	0	0	0	0	0	0	0	0	0	0	0	0	0	0	0	1	0	0	0	0	0	0	0	0	0	0	0	0	0	0	0	0
14c7af4ba803bb0dc5128aa8275cb30b	0	0	0	0	0	0	0	0	0	0	0	0	0	0	0	0	0	0	0	0	0	0	0	0	0	0	0	0	1	0	0	0	0	0	0	0	0	0	0	0	0	0	0	0	0
83de3e0a0206ac80103ea7b8aae3ffda	0	0	0	0	0	0	0	0	0	0	0	0	0	0	0	0	0	0	0	0	0	0	0	0	0	0	0	0	1	0	0	0	0	0	0	0	0	0	0	0	0	0	0	0	0
9a07b27790f6ba40f0edf7b2631eb6f9	0	0	0	0	0	0	0	0	0	0	0	0	0	0	0	0	0	0	0	0	0	0	0	0	0	0	0	0	1	0	0	0	0	0	0	0	0	0	0	0	0	0	0	0	0
88ae5ba43b551fd1080130567045cde6	0	0	0	0	0	0	0	0	0	0	0	0	0	0	0	0	0	0	0	0	0	0	0	0	0	0	0	0	1	0	0	0	0	0	0	0	0	0	0	0	0	0	0	0	0
5d399c5c481c712c2018175a96678f41	0	0	0	0	0	0	0	0	0	0	0	0	0	0	0	0	0	0	0	0	0	0	0	0	0	0	0	0	1	0	0	0	0	0	0	0	0	0	0	0	0	0	0	0	0
99f2f80375fb5a447ea63962c2ecdcae	0	0	0	0	0	0	0	0	0	0	0	0	0	0	0	0	0	0	0	0	0	0	0	0	0	0	0	0	1	0	0	0	0	0	0	0	0	0	0	0	0	0	0	0	0
3ed4854c6ec931645f7ec3cba766ee27	0	0	0	0	0	0	0	0	0	0	0	0	0	0	0	0	0	0	0	0	0	0	0	0	0	0	0	0	1	0	0	0	0	0	0	0	0	0	0	0	0	0	0	0	0
683339044323c790b2d07e11632d1b45	0	0	0	0	0	0	0	0	0	0	0	0	0	0	0	0	0	0	0	0	0	0	0	0	0	0	0	0	1	0	0	0	0	0	0	0	0	0	0	0	0	0	0	0	0
8723e6124372ab1f2ee5108fcb09bdc7	0	0	0	0	0	0	0	0	0	0	0	0	0	0	0	0	0	0	0	0	0	0	0	0	0	0	0	0	1	0	0	0	0	0	0	0	0	0	0	0	0	0	0	0	0
9c2a6a7534bfe63c05470d42b8e69af8	0	0	0	0	0	0	0	0	0	0	0	0	0	0	0	0	0	0	0	0	0	0	0	0	0	0	0	0	1	0	0	0	0	0	0	0	0	0	0	0	0	0	0	0	0
d4dad363f1aa9b4f1befe546de2bcc05	0	0	0	0	0	0	0	0	0	0	0	0	0	0	0	0	0	0	0	0	0	0	0	0	0	0	0	0	1	0	0	0	0	0	0	0	0	0	0	0	0	0	0	0	0
dac33e5c7c4e9cded01cd36822a65044	0	0	0	0	0	0	0	0	0	0	0	0	0	0	0	0	0	0	0	0	0	0	0	0	0	0	0	0	1	0	0	0	0	0	0	0	0	0	0	0	0	0	0	0	0
8cb3246bfaa5de053e339879e1f2734f	0	0	0	0	0	0	0	0	0	0	0	0	0	0	0	0	0	0	0	0	0	0	0	0	0	0	0	0	1	0	0	0	0	0	0	0	0	0	0	0	0	0	0	0	0
84f00eb43d9e7060b7f1eb96f7c47c26	0	0	0	0	0	0	0	0	0	0	0	0	0	0	0	0	0	0	0	0	0	0	0	0	0	0	0	0	1	0	0	0	0	0	0	0	0	0	0	0	0	0	0	0	0
2dadba1f660789928049784930dfeaa8	0	0	0	0	0	0	0	0	0	0	0	0	0	0	0	0	0	0	0	0	0	0	0	0	0	0	0	0	1	0	0	0	0	0	0	0	0	0	0	0	0	0	0	0	0
a3bbd4fc464c35c7e42a4e96f1ea6dbd	0	0	0	0	0	0	0	0	0	0	0	0	0	0	0	0	0	0	0	0	0	0	0	0	0	0	0	0	1	0	0	0	0	0	0	0	0	0	0	0	0	0	0	0	0
e74d1c1fd677e5e3346e0b8b08d12afa	0	0	0	0	0	0	0	0	0	0	0	0	0	0	0	0	0	0	0	0	0	0	0	0	0	0	0	0	1	0	0	0	0	0	0	0	0	0	0	0	0	0	0	0	0
3de66124d7ff997999b02f5813377cef	0	0	0	0	0	0	0	0	0	0	0	0	0	0	0	0	0	0	0	0	0	0	0	0	0	0	0	0	1	0	0	0	0	0	0	0	0	0	0	0	0	0	0	0	0
1eb84c233fa0416dc14f577a4f66bc04	0	0	0	0	0	0	0	0	0	0	0	0	0	0	0	0	0	0	0	0	0	0	0	0	0	0	0	0	1	0	0	0	0	0	0	0	0	0	0	0	0	0	0	0	0
2b55b8a20b6135e0acd45bca00589602	0	0	0	0	0	0	0	0	0	0	0	0	0	0	0	0	0	0	0	0	0	0	0	0	0	0	0	0	1	0	0	0	0	0	0	0	0	0	0	0	0	0	0	0	0
81bacd51a0391875043da17356b87f7b	0	0	0	0	0	0	0	0	0	0	0	0	0	0	0	0	0	0	0	0	0	0	0	0	0	0	0	0	1	0	0	0	0	0	0	0	0	0	0	0	0	0	0	0	0
12574d0bbbc169fef50555f03463164f	0	0	0	0	0	0	0	0	0	0	0	0	0	0	0	0	0	0	0	0	0	0	0	0	0	0	0	0	1	0	0	0	0	0	0	0	0	0	0	0	0	0	0	0	0
17b0aa8257fdbd168058e3cd74c8d642	0	0	0	0	0	0	0	0	0	0	0	0	0	0	0	0	0	0	0	0	0	0	0	0	0	0	0	0	0	1	0	0	0	0	0	0	0	0	0	0	0	0	0	0	0
d9ee579ed4713e01e9dec8f7400cc447	0	0	0	0	0	0	0	0	0	0	0	0	0	0	0	0	0	0	0	0	0	0	0	0	0	0	0	0	0	1	0	0	0	0	0	0	0	0	0	0	0	0	0	0	0
379060200fb13b18edfe939b737c120a	0	0	0	0	0	0	0	0	0	0	0	0	0	0	0	0	0	0	0	0	0	0	0	0	0	0	0	0	0	1	0	0	0	0	0	0	0	0	0	0	0	0	0	0	0
2179f8bc4ea6d1cf2af445b923d72cfd	0	0	0	0	0	0	0	0	0	0	0	0	0	0	0	0	0	0	0	0	0	0	0	0	0	0	0	0	0	1	0	0	0	0	0	0	0	0	0	0	0	0	0	0	0
59202265f49d789ff5dcdec539bf0103	0	0	0	0	0	0	0	0	0	0	0	0	0	0	0	0	0	0	0	0	0	0	0	0	0	0	0	0	0	1	0	0	0	0	0	0	0	0	0	0	0	0	0	0	0
18d596e756d506c8b5c5a36d15d546cf	0	0	0	0	0	0	0	0	0	0	0	0	0	0	0	0	0	0	0	0	0	0	0	0	0	0	0	0	0	1	0	0	0	0	0	0	0	0	0	0	0	0	0	0	0
ab2847bc60137c1f2eeefba818fae096	0	0	0	0	0	0	0	0	0	0	0	0	0	0	0	0	0	0	0	0	0	0	0	0	0	0	0	0	0	1	0	0	0	0	0	0	0	0	0	0	0	0	0	0	0
19fa01fc5c565451e39f4abcf7c906a6	0	0	0	0	0	0	0	0	0	0	0	0	0	0	0	0	0	0	0	0	0	0	0	0	0	0	0	0	0	1	0	0	0	0	0	0	0	0	0	0	0	0	0	0	0
1c8c4590c5edb17274534bd5bd72349e	0	0	0	0	0	0	0	0	0	0	0	0	0	0	0	0	0	0	0	0	0	0	0	0	0	0	0	0	0	1	0	0	0	0	0	0	0	0	0	0	0	0	0	0	0
182af4c813df9cc802a46d535c2d10be	0	0	0	0	0	0	0	0	0	0	0	0	0	0	0	0	0	0	0	0	0	0	0	0	0	0	0	0	0	1	0	0	0	0	0	0	0	0	0	0	0	0	0	0	0
26c6aa1ddce3e45ad692e92fcf6df6ef	0	0	0	0	0	0	0	0	0	0	0	0	0	0	0	0	0	0	0	0	0	0	0	0	0	0	0	0	0	1	0	0	0	0	0	0	0	0	0	0	0	0	0	0	0
aa4febeae37900a85cc06a2904af9a92	0	0	0	0	0	0	0	0	0	0	0	0	0	0	0	0	0	0	0	0	0	0	0	0	0	0	0	0	0	1	0	0	0	0	0	0	0	0	0	0	0	0	0	0	0
7a0127d60c5d00712ec629400a859353	0	0	0	0	0	0	0	0	0	0	0	0	0	0	0	0	0	0	0	0	0	0	0	0	0	0	0	0	0	1	0	0	0	0	0	0	0	0	0	0	0	0	0	0	0
de4762dd2f6562ecf7e41b7408c5cd86	0	0	0	0	0	0	0	0	0	0	0	0	0	0	0	0	0	0	0	0	0	0	0	0	0	0	0	0	0	1	0	0	0	0	0	0	0	0	0	0	0	0	0	0	0
8b7f7d0d3fecf6abc2778f4495909972	0	0	0	0	0	0	0	0	0	0	0	0	0	0	0	0	0	0	0	0	0	0	0	0	0	0	0	0	0	1	0	0	0	0	0	0	0	0	0	0	0	0	0	0	0
05aefba88bb2f04b969d6cdd95deb719	0	0	0	0	0	0	0	0	0	0	0	0	0	0	0	0	0	0	0	0	0	0	0	0	0	0	0	0	0	1	0	0	0	0	0	0	0	0	0	0	0	0	0	0	0
026f579a50d8685b8b4aa8517672f6bd	0	0	0	0	0	0	0	0	0	0	0	0	0	0	0	0	0	0	0	0	0	0	0	0	0	0	0	0	0	1	0	0	0	0	0	0	0	0	0	0	0	0	0	0	0
1e0f97cd5b5b2afd75dd1a2a7f39eca0	0	0	0	0	0	0	0	0	0	0	0	0	0	0	0	0	0	0	0	0	0	0	0	0	0	0	0	0	0	1	0	0	0	0	0	0	0	0	0	0	0	0	0	0	0
c9f0e673327ccf87bbfafc47c91d8b71	0	0	0	0	0	0	0	0	0	0	0	0	0	0	0	0	0	0	0	0	0	0	0	0	0	0	0	0	0	1	0	0	0	0	0	0	0	0	0	0	0	0	0	0	0
4cc09093144ce397cbf09a2b6a75f60b	0	0	0	0	0	0	0	0	0	0	0	0	0	0	0	0	0	0	0	0	0	0	0	0	0	0	0	0	0	1	0	0	0	0	0	0	0	0	0	0	0	0	0	0	0
60a7bdab8045c3354c08ccc6cd14ae11	0	0	0	0	0	0	0	0	0	0	0	0	0	0	0	0	0	0	0	0	0	0	0	0	0	0	0	0	0	0	1	0	0	0	0	0	0	0	0	0	0	0	0	0	0
aeca7f877d3278d00023e4a14aa67453	0	0	0	0	0	0	0	0	0	0	0	0	0	0	0	0	0	0	0	0	0	0	0	0	0	0	0	0	0	0	1	0	0	0	0	0	0	0	0	0	0	0	0	0	0
2bbc793879b15c41c34463c6d2fbf723	0	0	0	0	0	0	0	0	0	0	0	0	0	0	0	0	0	0	0	0	0	0	0	0	0	0	0	0	0	0	1	0	0	0	0	0	0	0	0	0	0	0	0	0	0
143fa826c58e237212f33ae9d5189cf1	0	0	0	0	0	0	0	0	0	0	0	0	0	0	0	0	0	0	0	0	0	0	0	0	0	0	0	0	0	0	1	0	0	0	0	0	0	0	0	0	0	0	0	0	0
859465e1ee6a979b84437a62dbadd8f1	0	0	0	0	0	0	0	0	0	0	0	0	0	0	0	0	0	0	0	0	0	0	0	0	0	0	0	0	0	0	1	0	0	0	0	0	0	0	0	0	0	0	0	0	0
274762a84a290827007163ca8286927f	0	0	0	0	0	0	0	0	0	0	0	0	0	0	0	0	0	0	0	0	0	0	0	0	0	0	0	0	0	0	1	0	0	0	0	0	0	0	0	0	0	0	0	0	0
54ebdb0469d1d3c36c10bddb9d545c7c	0	0	0	0	0	0	0	0	0	0	0	0	0	0	0	0	0	0	0	0	0	0	0	0	0	0	0	0	0	0	1	0	0	0	0	0	0	0	0	0	0	0	0	0	0
594dca8616436854d66ee20fd285efb8	0	0	0	0	0	0	0	0	0	0	0	0	0	0	0	0	0	0	0	0	0	0	0	0	0	0	0	0	0	0	1	0	0	0	0	0	0	0	0	0	0	0	0	0	0
3f7e80efb9c9c76027a01f7d7ff534f0	0	0	0	0	0	0	0	0	0	0	0	0	0	0	0	0	0	0	0	0	0	0	0	0	0	0	0	0	0	0	1	0	0	0	0	0	0	0	0	0	0	0	0	0	0
5a72c4d1619b629e5892f87f76d76df4	0	0	0	0	0	0	0	0	0	0	0	0	0	0	0	0	0	0	0	0	0	0	0	0	0	0	0	0	0	0	1	0	0	0	0	0	0	0	0	0	0	0	0	0	0
58a578ccbd1008212dcc911f8cead171	0	0	0	0	0	0	0	0	0	0	0	0	0	0	0	0	0	0	0	0	0	0	0	0	0	0	0	0	0	0	1	0	0	0	0	0	0	0	0	0	0	0	0	0	0
400544be2037108c643c7c2d13f4aadf	0	0	0	0	0	0	0	0	0	0	0	0	0	0	0	0	0	0	0	0	0	0	0	0	0	0	0	0	0	0	1	0	0	0	0	0	0	0	0	0	0	0	0	0	0
6ae484e6125908d08ff285762b66e4de	0	0	0	0	0	0	0	0	0	0	0	0	0	0	0	0	0	0	0	0	0	0	0	0	0	0	0	0	0	0	1	0	0	0	0	0	0	0	0	0	0	0	0	0	0
61affac0db31540cb56bcd7fe52bd3f0	0	0	0	0	0	0	0	0	0	0	0	0	0	0	0	0	0	0	0	0	0	0	0	0	0	0	0	0	0	0	0	0	0	0	0	1	0	0	0	0	0	0	0	0	0
9339a4e4ce45ee6db93e3f95bc74faea	0	0	0	0	0	0	0	0	0	0	0	0	0	0	0	0	0	0	0	0	0	0	0	0	0	0	0	0	0	0	0	0	0	0	0	1	0	0	0	0	0	0	0	0	0
4afcaf8ebb5c28c50a93246008386dd6	0	0	0	0	0	0	0	0	0	0	0	0	0	0	0	0	0	0	0	0	0	0	0	0	0	0	0	0	0	0	0	0	0	0	0	1	0	0	0	0	0	0	0	0	0
371e4daa092539ea4ab0a906834e1b3f	0	0	0	0	0	0	0	0	0	0	0	0	0	0	0	0	0	0	0	0	0	0	0	0	0	0	0	0	0	0	0	0	0	0	0	0	1	0	0	0	0	0	0	0	0
097dea6a1cc91c9315d107be9094c14c	0	0	0	0	0	0	0	0	0	0	0	0	0	0	0	0	0	0	0	0	0	0	0	0	0	0	0	0	0	0	0	0	0	0	0	0	1	0	0	0	0	0	0	0	0
20eb2428e40890e19dc84688f66a3e51	0	0	0	0	0	0	0	0	0	0	0	0	0	0	0	0	0	0	0	0	0	0	0	0	0	0	0	0	0	0	0	0	0	0	0	0	1	0	0	0	0	0	0	0	0
9e7d6439b743ce5620d8658806e5d600	0	0	0	0	0	0	0	0	0	0	0	0	0	0	0	0	0	0	0	0	0	0	0	0	0	0	0	0	0	0	0	0	0	0	0	0	1	0	0	0	0	0	0	0	0
5bfac98cd24af543fd6058bba9003ff9	0	0	0	0	0	0	0	0	0	0	0	0	0	0	0	0	0	0	0	0	0	0	0	0	0	0	0	0	0	0	0	0	0	0	0	0	1	0	0	0	0	0	0	0	0
2f0f4b502f4705b6e4d9a5d7f66df9bb	0	0	0	0	0	0	0	0	0	0	0	0	0	0	0	0	0	0	0	0	0	0	0	0	0	0	0	0	0	0	0	0	0	0	0	0	1	0	0	0	0	0	0	0	0
d3257252ea038aca857f7d9f123c8ff8	0	0	0	0	0	0	0	0	0	0	0	0	0	0	0	0	0	0	0	0	0	0	0	0	0	0	0	0	0	0	0	0	0	0	0	0	1	0	0	0	0	0	0	0	0
30e636582cba2d642f3f53d2e2b47b77	0	0	0	0	0	0	0	0	0	0	0	0	0	0	0	0	0	0	0	0	0	0	0	0	0	0	0	0	0	0	0	0	0	0	0	0	1	0	0	0	0	0	0	0	0
513ce6d7eac744c2a2e644a89c0daf97	0	0	0	0	0	0	0	0	0	0	0	0	0	0	0	0	0	0	0	0	0	0	0	0	0	0	0	0	0	0	0	0	0	0	0	0	1	0	0	0	0	0	0	0	0
afea74e45b6386c1939082bedd7955ef	0	0	0	0	0	0	0	0	0	0	0	0	0	0	0	0	0	0	0	0	0	0	0	0	0	0	0	0	0	0	0	0	0	0	0	0	1	0	0	0	0	0	0	0	0
206dbc0c0f0d763c8924ec424caa97f5	0	0	0	0	0	0	0	0	0	0	0	0	0	0	0	0	0	0	0	0	0	0	0	0	0	0	0	0	0	0	0	0	0	0	0	0	1	0	0	0	0	0	0	0	0
5dc46a650135346fa68b231f650fe450	0	0	0	0	0	0	0	0	0	0	0	0	0	0	0	0	0	0	0	0	0	0	0	0	0	0	0	0	0	0	0	0	0	0	0	0	1	0	0	0	0	0	0	0	0
5e2400a662a7c292eabfada50f112ee3	0	0	0	0	0	0	0	0	0	0	0	0	0	0	0	0	0	0	0	0	0	0	0	0	0	0	0	0	0	0	0	0	0	0	0	0	0	1	0	0	0	0	0	0	0
467a8424d9920df57911164a3859b891	0	0	0	0	0	0	0	0	0	0	0	0	0	0	0	0	0	0	0	0	0	0	0	0	0	0	0	0	0	0	0	0	0	0	0	0	0	1	0	0	0	0	0	0	0
25fd8ce99cfe133b419129536a84c2c3	0	0	0	0	0	0	0	0	0	0	0	0	0	0	0	0	0	0	0	0	0	0	0	0	0	0	0	0	0	0	0	0	0	0	0	0	0	1	0	0	0	0	0	0	0
cf0465ca7e1d46b2428a17b1e097561c	0	0	0	0	0	0	0	0	0	0	0	0	0	0	0	0	0	0	0	0	0	0	0	0	0	0	0	0	0	0	0	0	0	0	0	0	0	1	0	0	0	0	0	0	0
4503b6ce23d1aa8a7152a19b1ee0bdc7	0	0	0	0	0	0	0	0	0	0	0	0	0	0	0	0	0	0	0	0	0	0	0	0	0	0	0	0	0	0	0	0	0	0	0	0	0	1	0	0	0	0	0	0	0
54df78542a0063d435652287f05c5b90	0	0	0	0	0	0	0	0	0	0	0	0	0	0	0	0	0	0	0	0	0	0	0	0	0	0	0	0	0	0	0	0	0	0	0	0	0	1	0	0	0	0	0	0	0
0b0adbcdbf8556dfc8beca9360f1dce7	0	0	0	0	0	0	0	0	0	0	0	0	0	0	0	0	0	0	0	0	0	0	0	0	0	0	0	0	0	0	0	0	0	0	0	0	0	1	0	0	0	0	0	0	0
30a8bcbd9a3fea8122566914d750327b	0	0	0	0	0	0	0	0	0	0	0	0	0	0	0	0	0	0	0	0	0	0	0	0	0	0	0	0	0	0	0	0	0	0	0	0	0	1	0	0	0	0	0	0	0
0cde1cad492fe82e46f45217cc0e27fa	0	0	0	0	0	0	0	0	0	0	0	0	0	0	0	0	0	0	0	0	0	0	0	0	0	0	0	0	0	0	0	0	0	0	0	0	0	1	0	0	0	0	0	0	0
9f86d629f8888720d8b53ec02e5d87cd	0	0	0	0	0	0	0	0	0	0	0	0	0	0	0	0	0	0	0	0	0	0	0	0	0	0	0	0	0	0	0	0	0	0	0	0	0	1	0	0	0	0	0	0	0
f6decd8f04344342a31f8c8754a012eb	0	0	0	0	0	0	0	0	0	0	0	0	0	0	0	0	0	0	0	0	0	0	0	0	0	0	0	0	0	0	0	0	0	0	0	0	0	1	0	0	0	0	0	0	0
2ee7fe2227ffa343b9ed0792d24920e1	0	0	0	0	0	0	0	0	0	0	0	0	0	0	0	0	0	0	0	0	0	0	0	0	0	0	0	0	0	0	0	0	0	0	0	0	0	1	0	0	0	0	0	0	0
9bf64e142d3aa0c31f6a3d4e3b91a83f	0	0	0	0	0	0	0	0	0	0	0	0	0	0	0	0	0	0	0	0	0	0	0	0	0	0	0	0	0	0	0	0	0	0	0	0	0	1	0	0	0	0	0	0	0
cbf4af92e38649874900d65fd12bdfc3	0	0	0	0	0	0	0	0	0	0	0	0	0	0	0	0	0	0	0	0	0	0	0	0	0	0	0	0	0	0	0	0	0	0	0	0	0	1	0	0	0	0	0	0	0
04bcb78ca8270e9989d673e5fd658fdc	0	0	0	0	0	0	0	0	0	0	0	0	0	0	0	0	0	0	0	0	0	0	0	0	0	0	0	0	0	0	0	0	0	0	0	0	0	1	0	0	0	0	0	0	0
c9f6cf4a946b4759631ac8ef7b232d32	0	0	0	0	0	0	0	0	0	0	0	0	0	0	0	0	0	0	0	0	0	0	0	0	0	0	0	0	0	0	0	0	0	0	0	0	0	1	0	0	0	0	0	0	0
131ce1d3df60d99be8e815015fa7740c	0	0	0	0	0	0	0	0	0	0	0	0	0	0	0	0	0	0	0	0	0	0	0	0	0	0	0	0	0	0	0	0	0	0	0	0	0	1	0	0	0	0	0	0	0
68b6996a8cea25e8b2a89e2fe478c37b	0	0	0	0	0	0	0	0	0	0	0	0	0	0	0	0	0	0	0	0	0	0	0	0	0	0	0	0	0	0	0	0	0	0	0	0	0	1	0	0	0	0	0	0	0
9a6ed5bf91c3a42079b0c032bfe356e6	0	0	0	0	0	0	0	0	0	0	0	0	0	0	0	0	0	0	0	0	0	0	0	0	0	0	0	0	0	0	0	0	0	0	0	0	0	1	0	0	0	0	0	0	0
e894cc4bf69b77b7b9b83ffa42d981d0	0	0	0	0	0	0	0	0	0	0	0	0	0	0	0	0	0	0	0	0	0	0	0	0	0	0	0	0	0	0	0	0	0	0	0	0	0	1	0	0	0	0	0	0	0
cb6eae57699f0b584044cba1f1fae29b	0	0	0	0	0	0	0	0	0	0	0	0	0	0	0	0	0	0	0	0	0	0	0	0	0	0	0	0	0	0	0	0	0	0	0	0	0	1	0	0	0	0	0	0	0
66300afc0e8c74fedd576d35b5bbe806	0	0	0	0	0	0	0	0	0	0	0	0	0	0	0	0	0	0	0	0	0	0	0	0	0	0	0	0	0	0	0	0	0	0	0	0	0	1	0	0	0	0	0	0	0
40666dd272e21e22be2d04e976145af4	0	0	0	0	0	0	0	0	0	0	0	0	0	0	0	0	0	0	0	0	0	0	0	0	0	0	0	0	0	0	0	0	0	0	0	0	0	1	0	0	0	0	0	0	0
72524321a552907672a3899d1a30f77f	0	0	0	0	0	0	0	0	0	0	0	0	0	0	0	0	0	0	0	0	0	0	0	0	0	0	0	0	0	0	0	0	0	0	0	0	0	1	0	0	0	0	0	0	0
85509cd7bb2662a6bd7271a0aa79512d	0	0	0	0	0	0	0	0	0	0	0	0	0	0	0	0	0	0	0	0	0	0	0	0	0	0	0	0	0	0	0	0	0	0	0	0	0	1	0	0	0	0	0	0	0
b45f5a9a28df20016fc90288bff0ce9d	0	0	0	0	0	0	0	0	0	0	0	0	0	0	0	0	0	0	0	0	0	0	0	0	0	0	0	0	0	0	0	0	0	0	0	0	0	1	0	0	0	0	0	0	0
ef5552a3ec0636ce8ef7764a0d504736	0	0	0	0	0	0	0	0	0	0	0	0	0	0	0	0	0	0	0	0	0	0	0	0	0	0	0	0	0	0	0	0	0	0	0	0	0	1	0	0	0	0	0	0	0
1e70a05c2a175e4cbee80fe55539f7e2	0	0	0	0	0	0	0	0	0	0	0	0	0	0	0	0	0	0	0	0	0	0	0	0	0	0	0	0	0	0	0	0	0	0	0	0	0	1	0	0	0	0	0	0	0
3d297d0a693fcfc8ffa3510de1f2b66d	0	0	0	0	0	0	0	0	0	0	0	0	0	0	0	0	0	0	0	0	0	0	0	0	0	0	0	0	0	0	0	0	0	0	0	0	0	1	0	0	0	0	0	0	0
012ba6926065a9c06adca878bf946e35	0	0	0	0	0	0	0	0	0	0	0	0	0	0	0	0	0	0	0	0	0	0	0	0	0	0	0	0	0	0	0	0	0	0	0	0	0	1	0	0	0	0	0	0	0
9a8c9987fafd797b4e76ff1b7aabfce9	0	0	0	0	0	0	0	0	0	0	0	0	0	0	0	0	0	0	0	0	0	0	0	0	0	0	0	0	0	0	0	0	0	0	0	0	0	1	0	0	0	0	0	0	0
65edbd7be7fcc396247543296efa7c3e	0	0	0	0	0	0	0	0	0	0	0	0	0	0	0	0	0	0	0	0	0	0	0	0	0	0	0	0	0	0	0	0	0	0	0	0	0	1	0	0	0	0	0	0	0
01cd45b4baef55944f78579de6f763b3	0	0	0	0	0	0	0	0	0	0	0	0	0	0	0	0	0	0	0	0	0	0	0	0	0	0	0	0	0	0	0	0	0	0	0	0	0	1	0	0	0	0	0	0	0
db87ddb446a1703c1989c12882c53141	0	0	0	0	0	0	0	0	0	0	0	0	0	0	0	0	0	0	0	0	0	0	0	0	0	0	0	0	0	0	0	0	0	0	0	0	0	1	0	0	0	0	0	0	0
d87bcfbcb6e99e1bd2e9c0b077455809	0	0	0	0	0	0	0	0	0	0	0	0	0	0	0	0	0	0	0	0	0	0	0	0	0	0	0	0	0	0	0	0	0	0	0	0	0	1	0	0	0	0	0	0	0
34bba153da617abe428fcecd6ea182f0	0	0	0	0	0	0	0	0	0	0	0	0	0	0	0	0	0	0	0	0	0	0	0	0	0	0	0	0	0	0	0	0	0	0	0	0	0	1	0	0	0	0	0	0	0
3032372b00f620e3e76dfb4f2c62529b	0	0	0	0	0	0	0	0	0	0	0	0	0	0	0	0	0	0	0	0	0	0	0	0	0	0	0	0	0	0	0	0	0	0	0	0	0	1	0	0	0	0	0	0	0
9610103f395a20ee86d64f045db69102	0	0	0	0	0	0	0	0	0	0	0	0	0	0	0	0	0	0	0	0	0	0	0	0	0	0	0	0	0	0	0	0	0	0	0	0	0	1	0	0	0	0	0	0	0
00e6fa233e08ae614a74df1523439ee3	0	0	0	0	0	0	0	0	0	0	0	0	0	0	0	0	0	0	0	0	0	0	0	0	0	0	0	0	0	0	0	0	0	0	0	0	0	1	0	0	0	0	0	0	0
58129188a52e7519d159f4e7ce2d672b	0	0	0	0	0	0	0	0	0	0	0	0	0	0	0	0	0	0	0	0	0	0	0	0	0	0	0	0	0	0	0	0	0	0	0	0	0	1	0	0	0	0	0	0	0
85a08d9c0b8afaa7fb1a1acec2d3f354	0	0	0	0	0	0	0	0	0	0	0	0	0	0	0	0	0	0	0	0	0	0	0	0	0	0	0	0	0	0	0	0	0	0	0	0	0	1	0	0	0	0	0	0	0
069bad549bfea0a3d6e289b9545feb7b	0	0	0	0	0	0	0	0	0	0	0	0	0	0	0	0	0	0	0	0	0	0	0	0	0	0	0	0	0	0	0	0	0	0	0	0	0	1	0	0	0	0	0	0	0
7600c2ce4fbbc1db4bed4b384a80d8b3	0	0	0	0	0	0	0	0	0	0	0	0	0	0	0	0	0	0	0	0	0	0	0	0	0	0	0	0	0	0	0	0	0	0	0	0	0	1	0	0	0	0	0	0	0
9b7214a9df057a245b0bb558c6e132be	0	0	0	0	0	0	0	0	0	0	0	0	0	0	0	0	0	0	0	0	0	0	0	0	0	0	0	0	0	0	0	0	0	0	0	0	0	1	0	0	0	0	0	0	0
4b4acded0100c5d5acd50d9c4b9ecd11	0	0	0	0	0	0	0	0	0	0	0	0	0	0	0	0	0	0	0	0	0	0	0	0	0	0	0	0	0	0	0	0	0	0	0	0	0	1	0	0	0	0	0	0	0
f07ab18e5dbb90026410adca9275cda2	0	0	0	0	0	0	0	0	0	0	0	0	0	0	0	0	0	0	0	0	0	0	0	0	0	0	0	0	0	0	0	0	0	0	0	0	0	1	0	0	0	0	0	0	0
86b9bf787895d773b5fa0d82b9f4f90a	0	0	0	0	0	0	0	0	0	0	0	0	0	0	0	0	0	0	0	0	0	0	0	0	0	0	0	0	0	0	0	0	0	0	0	0	0	1	0	0	0	0	0	0	0
ca26b38d036cf20fe6639599f3c89e03	0	0	0	0	0	0	0	0	0	0	0	0	0	0	0	0	0	0	0	0	0	0	0	0	0	0	0	0	0	0	0	0	0	0	0	0	0	1	0	0	0	0	0	0	0
00478ac13b0d43320672b383e56fbfdf	0	0	0	0	0	0	0	0	0	0	0	0	0	0	0	0	0	0	0	0	0	0	0	0	0	0	0	0	0	0	0	0	0	0	0	0	0	1	0	0	0	0	0	0	0
deb6239ac37d1cfce0c5a9b03fb71cb6	0	0	0	0	0	0	0	0	0	0	0	0	0	0	0	0	0	0	0	0	0	0	0	0	0	0	0	0	0	0	0	0	0	0	0	0	0	1	0	0	0	0	0	0	0
1ae79cafac6cdc185ed7e3353a2745f6	0	0	0	0	0	0	0	0	0	0	0	0	0	0	0	0	0	0	0	0	0	0	0	0	0	0	0	0	0	0	0	0	0	0	0	0	0	1	0	0	0	0	0	0	0
a55e9e297387d7585c87c1b05d47dada	0	0	0	0	0	0	0	0	0	0	0	0	0	0	0	0	0	0	0	0	0	0	0	0	0	0	0	0	0	0	0	0	0	0	0	0	0	1	0	0	0	0	0	0	0
d1c787822aa2c43e73e5e189b4f2bb30	0	0	0	0	0	0	0	0	0	0	0	0	0	0	0	0	0	0	0	0	0	0	0	0	0	0	0	0	0	0	0	0	0	0	0	0	0	1	0	0	0	0	0	0	0
283ce41cafdf691e688e9aa5dfc5f75a	0	0	0	0	0	0	0	0	0	0	0	0	0	0	0	0	0	0	0	0	0	0	0	0	0	0	0	0	0	0	0	0	0	0	0	0	0	1	0	0	0	0	0	0	0
8b1c8599df28cf363f3583c593c73c5e	0	0	0	0	0	0	0	0	0	0	0	0	0	0	0	0	0	0	0	0	0	0	0	0	0	0	0	0	0	0	0	0	0	0	0	0	0	1	0	0	0	0	0	0	0
d45e7407f7fa33f04a4a4bd56ca1e47f	0	0	0	0	0	0	0	0	0	0	0	0	0	0	0	0	0	0	0	0	0	0	0	0	0	0	0	0	0	0	0	0	0	0	0	0	0	1	0	0	0	0	0	0	0
de45695b6a5ec6b42dc518fe2836c768	0	0	0	0	0	0	0	0	0	0	0	0	0	0	0	0	0	0	0	0	0	0	0	0	0	0	0	0	0	0	0	0	0	0	0	0	0	1	0	0	0	0	0	0	0
400624ff71fb7eeedc8473a817b0da22	0	0	0	0	0	0	0	0	0	0	0	0	0	0	0	0	0	0	0	0	0	0	0	0	0	0	0	0	0	0	0	0	0	0	0	0	0	0	0	1	0	0	0	0	0
c474000099ac2ef45454f8b17a92c227	0	0	0	0	0	0	0	0	0	0	0	0	0	0	0	0	0	0	0	0	0	0	0	0	0	0	0	0	0	0	0	0	0	0	0	0	0	0	0	1	0	0	0	0	0
ccafb4f568263b349d0ef1555f8c802b	0	0	0	0	0	0	0	0	0	0	0	0	0	0	0	0	0	0	0	0	0	0	0	0	0	0	0	0	0	0	0	0	0	0	0	0	0	0	0	1	0	0	0	0	0
1a2c030bdaffa3f38ecd9417039438b7	0	0	0	0	0	0	0	0	0	0	0	0	0	0	0	0	0	0	0	0	0	0	0	0	0	0	0	0	0	0	0	0	0	0	0	0	0	0	0	1	0	0	0	0	0
274d293af3495edfe2b7e7689aabc647	0	0	0	0	0	0	0	0	0	0	0	0	0	0	0	0	0	0	0	0	0	0	0	0	0	0	0	0	0	0	0	0	0	0	0	0	0	0	0	1	0	0	0	0	0
3e327627ff96e1f680269ea0eed5bb05	0	0	0	0	0	0	0	0	0	0	0	0	0	0	0	0	0	0	0	0	0	0	0	0	0	0	0	0	0	0	0	0	0	0	0	0	0	0	0	1	0	0	0	0	0
25e1b2ff9486fafc10e4008f76c651b2	0	0	0	0	0	0	0	0	0	0	0	0	0	0	0	0	0	0	0	0	0	0	0	0	0	0	0	0	0	0	0	0	0	0	0	0	0	0	0	0	1	0	0	0	0
b9a37bfe38d858014b30cd5474e0db0b	0	0	0	0	0	0	0	0	0	0	0	0	0	0	0	0	0	0	0	0	0	0	0	0	0	0	0	0	0	0	0	0	0	0	0	0	0	0	0	0	1	0	0	0	0
f9d89f6fc5dbff7fdd81b62848029dbc	0	0	0	0	0	0	0	0	0	0	0	0	0	0	0	0	0	0	0	0	0	0	0	0	0	0	0	0	0	0	0	0	0	0	0	0	0	0	0	0	1	0	0	0	0
941d0df05280f84a4bf1f82bc87a689f	0	0	0	0	0	0	0	0	0	0	0	0	0	0	0	0	0	0	0	0	0	0	0	0	0	0	0	0	0	0	0	0	0	0	0	0	0	0	0	0	1	0	0	0	0
e8b8f37900df6c541e675539bc3ff68b	0	0	0	0	0	0	0	0	0	0	0	0	0	0	0	0	0	0	0	0	0	0	0	0	0	0	0	0	0	0	0	0	0	0	0	0	0	0	0	0	1	0	0	0	0
55e8b7ec453e8069f8fd2d252c134b86	0	0	0	0	0	0	0	0	0	0	0	0	0	0	0	0	0	0	0	0	0	0	0	0	0	0	0	0	0	0	0	0	0	0	0	0	0	0	0	0	1	0	0	0	0
9ccc3a40bb1674e6cf654382ce145583	0	0	0	0	0	0	0	0	0	0	0	0	0	0	0	0	0	0	0	0	0	0	0	0	0	0	0	0	0	0	0	0	0	0	0	0	0	0	0	0	1	0	0	0	0
907619730c871e16b6aad3052b9c5f7e	0	0	0	0	0	0	0	0	0	0	0	0	0	0	0	0	0	0	0	0	0	0	0	0	0	0	0	0	0	0	0	0	0	0	0	0	0	0	0	0	1	0	0	0	0
20e142bcd6309790412a3d59d3b15ac0	0	0	0	0	0	0	0	0	0	0	0	0	0	0	0	0	0	0	0	0	0	0	0	0	0	0	0	0	0	0	0	0	0	0	0	0	0	0	0	0	1	0	0	0	0
32d978fe3658683d3f9d2ddda8f2cde1	0	0	0	0	0	0	0	0	0	0	0	0	0	0	0	0	0	0	0	0	0	0	0	0	0	0	0	0	0	0	0	0	0	0	0	0	0	0	0	0	1	0	0	0	0
d5cca97ce2ede4ff5d342f0c9c161943	0	0	0	0	0	0	0	0	0	0	0	0	0	0	0	0	0	0	0	0	0	0	0	0	0	0	0	0	0	0	0	0	0	0	0	0	0	0	0	0	1	0	0	0	0
650d20bdd23c02fd91ff5a5bd60b9fe3	0	0	0	0	0	0	0	0	0	0	0	0	0	0	0	0	0	0	0	0	0	0	0	0	0	0	0	0	0	0	0	0	0	0	0	0	0	0	0	0	1	0	0	0	0
cc9ff1f2ed19c680d2c2add5fa9f1a21	0	0	0	0	0	0	0	0	0	0	0	0	0	0	0	0	0	0	0	0	0	0	0	0	0	0	0	0	0	0	0	0	0	0	0	0	0	0	0	0	1	0	0	0	0
09c2e570417ccf9ac2c5c5afcd4c1026	0	0	0	0	0	0	0	0	0	0	0	0	0	0	0	0	0	0	0	0	0	0	0	0	0	0	0	0	0	0	0	0	0	0	0	0	0	0	0	0	1	0	0	0	0
8c2d6b7f5812f23b984984654f39d8a5	0	0	0	0	0	0	0	0	0	0	0	0	0	0	0	0	0	0	0	0	0	0	0	0	0	0	0	0	0	0	0	0	0	0	0	0	0	0	0	0	1	0	0	0	0
ae24b088469f5c417f02d6c93b1b6e87	0	0	0	0	0	0	0	0	0	0	0	0	0	0	0	0	0	0	0	0	0	0	0	0	0	0	0	0	0	0	0	0	0	0	0	0	0	0	0	0	1	0	0	0	0
0194ef6662b86fae90083e9de3093d41	0	0	0	0	0	0	0	0	0	0	0	0	0	0	0	0	0	0	0	0	0	0	0	0	0	0	0	0	0	0	0	0	0	0	0	0	0	0	0	0	1	0	0	0	0
98e3cee30f5872fa04d683530e616cc3	0	0	0	0	0	0	0	0	0	0	0	0	0	0	0	0	0	0	0	0	0	0	0	0	0	0	0	0	0	0	0	0	0	0	0	0	0	0	0	0	1	0	0	0	0
2fead77ff4f25c9b104449911af65c66	0	0	0	0	0	0	0	0	0	0	0	0	0	0	0	0	0	0	0	0	0	0	0	0	0	0	0	0	0	0	0	0	0	0	0	0	0	0	0	0	1	0	0	0	0
7086e229464e6d869c7f5bb5585e58ca	0	0	0	0	0	0	0	0	0	0	0	0	0	0	0	0	0	0	0	0	0	0	0	0	0	0	0	0	0	0	0	0	0	0	0	0	0	0	0	0	1	0	0	0	0
ba73722a82f20883f35b6463a620d494	0	0	0	0	0	0	0	0	0	0	0	0	0	0	0	0	0	0	0	0	0	0	0	0	0	0	0	0	0	0	0	0	0	0	0	0	0	0	0	0	1	0	0	0	0
88906edb428b4d159a7e1f9d873e93d9	0	0	0	0	0	0	0	0	0	0	0	0	0	0	0	0	0	0	0	0	0	0	0	0	0	0	0	0	0	0	0	0	0	0	0	0	0	0	0	0	0	1	0	0	0
f4805a0cdb93db7cbd4a6d81d36ab575	0	0	0	0	0	0	0	0	0	0	0	0	0	0	0	0	0	0	0	0	0	0	0	0	0	0	0	0	0	0	0	0	0	0	0	0	0	0	0	0	0	1	0	0	0
83471073f32e30cd4ec68358046176af	0	0	0	0	0	0	0	0	0	0	0	0	0	0	0	0	0	0	0	0	0	0	0	0	0	0	0	0	0	0	0	0	0	0	0	0	0	0	0	0	0	1	0	0	0
abdaf05876dc9cdde14ff40fd92ba40e	0	0	0	0	0	0	0	0	0	0	0	0	0	0	0	0	0	0	0	0	0	0	0	0	0	0	0	0	0	0	0	0	0	0	0	0	0	0	0	0	0	1	0	0	0
163d3538c07c8ddcf8e89d4e73241214	0	0	0	0	0	0	0	0	0	0	0	0	0	0	0	0	0	0	0	0	0	0	0	0	0	0	0	0	0	0	0	0	0	0	0	0	0	0	0	0	0	1	0	0	0
ff001feaa60dfd4a4b248001d414935a	0	0	0	0	0	0	0	0	0	0	0	0	0	0	0	0	0	0	0	0	0	0	0	0	0	0	0	0	0	0	0	0	0	0	0	0	0	0	0	0	0	1	0	0	0
5552a11a7dc6bb64b03e0855ecb3f477	0	0	0	0	0	0	0	0	0	0	0	0	0	0	0	0	0	0	0	0	0	0	0	0	0	0	0	0	0	0	0	0	0	0	0	0	0	0	0	0	0	1	0	0	0
e56bbdbda13d0d645fd5c5bdc7774931	0	0	0	0	0	0	0	0	0	0	0	0	0	0	0	0	0	0	0	0	0	0	0	0	0	0	0	0	0	0	0	0	0	0	0	0	0	0	0	0	0	1	0	0	0
7ade2c8a0815154adcedad8f2641e7de	0	0	0	0	0	0	0	0	0	0	0	0	0	0	0	0	0	0	0	0	0	0	0	0	0	0	0	0	0	0	0	0	0	0	0	0	0	0	0	0	0	1	0	0	0
4aba1fd6e77515eaa63e075c103668de	0	0	0	0	0	0	0	0	0	0	0	0	0	0	0	0	0	0	0	0	0	0	0	0	0	0	0	0	0	0	0	0	0	0	0	0	0	0	0	0	0	1	0	0	0
fd701f26968cde1bd8d7cb226ea2d32a	0	0	0	0	0	0	0	0	0	0	0	0	0	0	0	0	0	0	0	0	0	0	0	0	0	0	0	0	0	0	0	0	0	0	0	0	0	0	0	0	0	1	0	0	0
08fab7a5f009bb305952146c4d9d0b62	0	0	0	0	0	0	0	0	0	0	0	0	0	0	0	0	0	0	0	0	0	0	0	0	0	0	0	0	0	0	0	0	0	0	0	0	0	0	0	0	0	1	0	0	0
5ab45cf0b6267cc24e3b56404e9cda74	0	0	0	0	0	0	0	0	0	0	0	0	0	0	0	0	0	0	0	0	0	0	0	0	0	0	0	0	0	0	0	0	0	0	0	0	0	0	0	0	0	1	0	0	0
e954bbf3a52f9974d2e801c94f1bc7bb	0	0	0	0	0	0	0	0	0	0	0	0	0	0	0	0	0	0	0	0	0	0	0	0	0	0	0	0	0	0	0	0	0	0	0	0	0	0	0	0	0	1	0	0	0
d007c77683ae49cf6384fc50e9c37919	0	0	0	0	0	0	0	0	0	0	0	0	0	0	0	0	0	0	0	0	0	0	0	0	0	0	0	0	0	0	0	0	0	0	0	0	0	0	0	0	0	0	1	0	0
28038bc12700b3a1812471062919ad1b	0	0	0	0	0	0	0	0	0	0	0	0	0	0	0	0	0	0	0	0	0	0	0	0	0	0	0	0	0	0	0	0	0	0	0	0	0	0	0	0	0	0	1	0	0
cd30a54dd50ee9f89659505abb92e2ae	0	0	0	0	0	0	0	0	0	0	0	0	0	0	0	0	0	0	0	0	0	0	0	0	0	0	0	0	0	0	0	0	0	0	0	0	0	0	0	0	0	0	1	0	0
23a7cdfe4369bbaeea29cab867a002e7	0	0	0	0	0	0	0	0	0	0	0	0	0	0	0	0	0	0	0	0	0	0	0	0	0	0	0	0	0	0	0	0	0	0	0	0	0	0	0	0	0	0	1	0	0
84b9db3548bf4f45103e5265d4eefd7a	0	0	0	0	0	0	0	0	0	0	0	0	0	0	0	0	0	0	0	0	0	0	0	0	0	0	0	0	0	0	0	0	0	0	0	0	0	0	0	0	0	0	1	0	0
beaf1f3d1d99280cb957b6424af19fc5	0	0	0	0	0	0	0	0	0	0	0	0	0	0	0	0	0	0	0	0	0	0	0	0	0	0	0	0	0	0	0	0	0	0	0	0	0	0	0	0	0	0	1	0	0
2beb6b10748ef05a9fe731315af3574e	0	0	0	0	0	0	0	0	0	0	0	0	0	0	0	0	0	0	0	0	0	0	0	0	0	0	0	0	0	0	0	0	0	0	0	0	0	0	0	0	0	0	1	0	0
0b441506a2ebcc52b2c749662e9ff81c	0	0	0	0	0	0	0	0	0	0	0	0	0	0	0	0	0	0	0	0	0	0	0	0	0	0	0	0	0	0	0	0	0	0	0	0	0	0	0	0	0	0	1	0	0
e0d01d8ac6ca46f4f1868aebc0ae33e9	0	0	0	0	0	0	0	0	0	0	0	0	0	0	0	0	0	0	0	0	0	0	0	0	0	0	0	0	0	0	0	0	0	0	0	0	0	0	0	0	0	0	1	0	0
b18374be17e8e5abdae1aeed0297d87e	0	0	0	0	0	0	0	0	0	0	0	0	0	0	0	0	0	0	0	0	0	0	0	0	0	0	0	0	0	0	0	0	0	0	0	0	0	0	0	0	0	0	1	0	0
d1f0259de4173743169f1b815e57e4c1	0	0	0	0	0	0	0	0	0	0	0	0	0	0	0	0	0	0	0	0	0	0	0	0	0	0	0	0	0	0	0	0	0	0	0	0	0	0	0	0	0	0	1	0	0
fd43a0ac4a31970eb0c197aa516b008f	0	0	0	0	0	0	0	0	0	0	0	0	0	0	0	0	0	0	0	0	0	0	0	0	0	0	0	0	0	0	0	0	0	0	0	0	0	0	0	0	0	0	1	0	0
9415d9c851d33467941ef1d5da253e88	0	0	0	0	0	0	0	0	0	0	0	0	0	0	0	0	0	0	0	0	0	0	0	0	0	0	0	0	0	0	0	0	0	0	0	0	0	0	0	0	0	0	1	0	0
ce509c92a1663fbd124dc9f11fc5b572	0	0	0	0	0	0	0	0	0	0	0	0	0	0	0	0	0	0	0	0	0	0	0	0	0	0	0	0	0	0	0	0	0	0	0	0	0	0	0	0	0	0	1	0	0
28290af9e101a218e7f02b08a45d6a6f	0	0	0	0	0	0	0	0	0	0	0	0	0	0	0	0	0	0	0	0	0	0	0	0	0	0	0	0	0	0	0	0	0	0	0	0	0	0	0	0	0	0	1	0	0
e7d4ac29a1d438dedfebe2c6cce00aec	0	0	0	0	0	0	0	0	0	0	0	0	0	0	0	0	0	0	0	0	0	0	0	0	0	0	0	0	0	0	0	0	0	0	0	0	0	0	0	0	0	0	1	0	0
c7d9368a1cd8873d076eefcfcec1c3ec	0	0	0	0	0	0	0	0	0	0	0	0	0	0	0	0	0	0	0	0	0	0	0	0	0	0	0	0	0	0	0	0	0	0	0	0	0	0	0	0	0	0	0	1	0
a7b9840c68963f9f288a61c905b09f42	0	0	0	0	0	0	0	0	0	0	0	0	0	0	0	0	0	0	0	0	0	0	0	0	0	0	0	0	0	0	0	0	0	0	0	0	0	0	0	0	0	0	0	1	0
81f3bc928a242f5f0ecf38bb1f634514	0	0	0	0	0	0	0	0	0	0	0	0	0	0	0	0	0	0	0	0	0	0	0	0	0	0	0	0	0	0	0	0	0	0	0	0	0	0	0	0	0	0	0	1	0
9bbe9556534ff848e3c0bed0fb8af62b	0	0	0	0	0	0	0	0	0	0	0	0	0	0	0	0	0	0	0	0	0	0	0	0	0	0	0	0	0	0	0	0	0	0	0	0	0	0	0	0	0	0	0	1	0
8c945f9de21ee9ef1f01420943946e47	0	0	0	0	0	0	0	0	0	0	0	0	0	0	0	0	0	0	0	0	0	0	0	0	0	0	0	0	0	0	0	0	0	0	0	0	0	0	0	0	0	0	0	1	0
db9241560f641329892f1bb0d8fea1b6	0	0	0	0	0	0	0	0	0	0	0	0	0	0	0	0	0	0	0	0	0	0	0	0	0	0	0	0	0	0	0	0	0	0	0	0	0	0	0	0	0	0	0	1	0
bdb290ad96b1ad795d3c5b96925ec3aa	0	0	0	0	0	0	0	0	0	0	0	0	0	0	0	0	0	0	0	0	0	0	0	0	0	0	0	0	0	0	0	0	0	0	0	0	0	0	0	0	0	0	0	1	0
669fdf815e83f8fb24618f1154d20047	0	0	0	0	0	0	0	0	0	0	0	0	0	0	0	0	0	0	0	0	0	0	0	0	0	0	0	0	0	0	0	0	0	0	0	0	0	0	0	0	0	0	0	1	0
0e037546835fbac34f9abd420ff82318	0	0	0	0	0	0	0	0	0	0	0	0	0	0	0	0	0	0	0	0	0	0	0	0	0	0	0	0	0	0	0	0	0	0	0	0	0	0	0	0	0	0	0	1	0
0ea734158a0aedaa0a58864117dc6483	0	0	0	0	0	0	0	0	0	0	0	0	0	0	0	0	0	0	0	0	0	0	0	0	0	0	0	0	0	0	0	0	0	0	0	0	0	0	0	0	0	0	0	1	0
75cb8830f1ee05e228c2152c3d6c52d9	0	0	0	0	0	0	0	0	0	0	0	0	0	0	0	0	0	0	0	0	0	0	0	0	0	0	0	0	0	0	0	0	0	0	0	0	0	0	0	0	0	0	0	1	0
253359fdb2ebf9fbe91eea182da8a06e	0	0	0	0	0	0	0	0	0	0	0	0	0	0	0	0	0	0	0	0	0	0	0	0	0	0	0	0	0	0	0	0	0	0	0	0	0	0	0	0	0	0	0	0	1
ca76a8f337719b66b1445ed55c16edc7	0	0	0	0	0	0	0	0	0	0	0	0	0	0	0	0	0	0	0	0	0	0	0	0	0	0	0	0	0	0	0	0	0	0	0	0	0	0	0	0	0	0	0	0	1
0d3453d15a79877683c0ea3fbd8ee94a	0	0	0	0	0	0	0	0	0	0	0	0	0	0	0	0	0	0	0	0	0	0	0	0	0	0	0	0	0	0	0	0	0	0	0	0	0	0	0	0	0	0	0	0	1
06b4c362cdb28463e55ff6a6e9fb7306	0	0	0	0	0	0	0	0	0	0	0	0	0	0	0	0	0	0	0	0	0	0	0	0	0	0	0	0	0	0	0	0	0	0	0	0	0	0	0	0	0	0	0	0	1
ef292bbb64ea68a4e2a0670f7e35f660	0	0	0	0	0	0	0	0	0	0	0	0	0	0	0	0	0	0	0	0	0	0	0	0	0	0	0	0	0	0	0	0	0	0	0	0	0	0	0	0	0	0	0	0	1
6f6dd78b24cde1b99b48f74080f8e311	0	0	0	0	0	0	0	0	0	0	0	0	0	0	0	0	0	0	0	0	0	0	0	0	0	0	0	0	0	0	0	0	0	0	0	0	0	0	0	0	0	0	0	0	1
c949b6fc9d43e6622f666ac18c145a60	0	0	0	0	0	0	0	0	0	0	0	0	0	0	0	0	0	0	0	0	0	0	0	0	0	0	0	0	0	0	0	0	0	0	0	0	0	0	0	0	0	0	0	0	1
cfc13f6c5991da9e704c861c6a9831b9	0	0	0	0	0	0	0	0	0	0	0	0	0	0	0	0	0	0	0	0	0	0	0	0	0	0	0	0	0	0	0	0	0	0	0	0	0	0	0	0	0	0	0	0	1
da30648af57b6aea644687d8da5c10a9	0	0	0	0	0	0	0	0	0	0	0	0	0	0	0	0	0	0	0	0	0	0	0	0	0	0	0	0	0	0	0	0	0	0	0	0	0	0	0	0	0	0	0	0	1
28685369fe2b5db000ba9f2ef4adb32b	0	0	0	0	0	0	0	0	0	0	0	0	0	0	0	0	0	0	0	0	0	0	0	0	0	0	0	0	0	0	0	0	0	0	0	0	0	0	0	0	0	0	0	0	1
170dd339d8033352a1a28dd5833c1c15	0	0	0	0	0	0	0	0	0	0	0	0	0	0	0	0	0	0	0	0	0	0	0	0	0	0	0	0	0	0	0	0	0	0	0	0	0	0	0	0	0	0	0	0	1
7d3361ab06d7970bbd848b09aba14f33	0	0	0	0	0	0	0	0	0	0	0	0	0	0	0	0	0	0	0	0	0	0	0	0	0	0	0	0	0	0	0	0	0	0	0	0	0	0	0	0	0	0	0	0	1
