pathway	description	P37057_1001	P37057_1002	P37057_1003	P37057_1004	P37057_1067	P37057_1068	P37057_1013	P37057_1014	P37057_1015	P37057_1016	P37057_1021	P37057_1022	P37057_1023	P37057_1025	P37057_1026	P37057_1037	P37057_1039	P37057_1050	P37057_1052	P37057_1055	P37057_1057	P37057_1061	P37057_1062	P37057_1065	P37057_1066	P37057_1084	P37057_1018	P37057_1019	P37057_1030	P37057_1031	P37057_1032	P37057_1033	P37057_1034	P37057_1035	P37057_1036	P37057_1038	P37057_1047	P37057_1048	P37057_1049	P37057_1051	P37057_1054	P37057_1056	P37057_1059	P37057_1060	P37057_1063	P37057_1064	P37057_1083
1CMET2-PWY	N10-formyl-tetrahydrofolate biosynthesis	26881.747418974814	8164.8206920645725	29574.436348301864	71.4871230206342	33330.39561732139	24267.12116021019	21053.50067376312	21425.24402793524	25544.265110640372	17275.629156279705	67305.2342370505	11312.097192044608	62781.93300644297	48302.94828145001	59404.93913547329	29492.141099720437	27379.37755290146	15352.949094486909	29920.7117087172	26538.13598090383	39687.0166605985	51300.49563222437	40583.16999538424	46531.440048074175	37468.20333086713	67750.48806564583	9416.990386623213	23966.03865792561	31370.465722484703	41051.88013991297	29921.27614279421	31870.64909941885	39035.519404442246	35177.565553303655	25949.652803209658	29907.77775037786	24164.890715452115	111.9681329709056	14916.163234988098	31756.92437953435	28165.279928220807	26993.196946364365	38071.45478110608	39947.59066326443	31608.39407759912	39536.29449912164	48561.42954420539
3-HYDROXYPHENYLACETATE-DEGRADATION-PWY	4-hydroxyphenylacetate degradation	82.22772745748672	10.276405191373104	158.42014649064805	0.0	93.93753424548063	81.14919048019347	12.491311859489649	9.030394881328744	43.33495604469834	28.00269481032329	3851.60410026991	302.8012447583888	5480.605598973493	3495.002610766781	5872.3782413784365	67.82855182618245	34.54256211608575	18.08802052404989	54.64120918118603	50.51040052297268	79.74713577350794	1023.1619920149273	713.1895511628699	921.9169225231758	831.3205234678977	740.037048565327	4290.184529596798	11390.832767469154	189.90337077365987	752.2446626062214	344.8195418377592	326.5407260555532	400.9336845519117	338.5453867041924	22.44729850042044	40.606658249129936	391.2094152211807	0.0	28.425529283985917	49.01905645739291	60.63270798827482	70.7897651363445	561.3952000756809	759.6119968307804	570.9918600621747	951.8938934035716	1443.6203609339211
AEROBACTINSYN-PWY	aerobactin biosynthesis	11.707317073170731	0.0	0.0	0.0	0.0	0.0	0.0	0.0	4.571428571428571	0.0	200.31184410787037	0.0	0.0	77.72424028091785	392.905138653388	0.0	0.0	0.0	0.0	0.0	0.0	19.04479622768609	22.799030099253176	45.55414624481045	22.66642577975224	25.143913370264176	9.105492589363555	0.0	0.0	0.0	0.0	0.0	0.0	15.843264026645114	0.0	0.0	0.0	0.0	0.0	0.0	0.0	0.0	18.6013986013986	0.0	0.0	0.0	0.0
ALL-CHORISMATE-PWY	superpathway of chorismate metabolism	837.8210207127153	76.92543034374914	884.06869318501	0.0	624.4276262642559	537.9113053795036	240.43239125003456	446.6481232482255	385.574629643833	569.3370048214539	19769.06084959821	3123.192183349957	19440.885213717804	19700.849002061197	21521.986933527096	711.4036739519382	470.102439623277	219.86101668742995	612.7204010915259	471.4307777604999	1061.145342975626	6910.900559970088	6510.823568848123	8922.936159266115	7690.221350190162	10492.760912449425	293.2307246529215	2422.2499198671167	4213.712633702375	4978.488679004473	4000.076612911123	2627.747973137043	7820.313582957524	4632.697582852331	460.8833813127965	732.3458415415716	226.65137279752875	0.0	308.57055573753536	988.0519748896228	696.9377180398459	939.706612543916	5795.771189139037	6160.830894477181	4163.113455155592	5994.230700681303	7489.655859553767
ANAEROFRUCAT-PWY	homolactic fermentation	3287.015099285452	923.6327853492452	3191.455928939853	68.5598674762314	2979.148969397191	2392.680437944437	18552.064244038185	14032.092821844784	13254.621202418257	14882.981869018207	63143.7168102315	10672.883914049717	55821.82199067398	51491.339526264266	57412.00005584304	16955.339308887174	11830.71287740876	13938.456389932082	22186.020258980927	19820.102377565872	19961.69918256847	46592.80741896333	36920.7397015636	53539.85508178824	38742.08316262277	67852.81436569146	2510.689316217172	12127.416032967116	25276.637177941004	36601.66638430381	23279.34207971803	29979.744478499302	37839.37313076138	33506.673607143595	13048.675088218262	14906.075795432222	9979.706793765376	72.33747505421337	7110.942044909971	17194.29029997154	15586.197804341398	14364.32498614445	33804.90862139835	35089.487545973	26624.43359128292	34993.24467928861	41774.48903878809
ANAGLYCOLYSIS-PWY	glycolysis III (from glucose)	35925.865207623305	11225.711285325002	37164.1780963991	121.63348843924295	43624.0471603985	32015.83554323244	23615.36341001353	24095.845907987838	29998.575969575897	19808.60110010504	79459.65068891757	13402.1172819379	71375.81257316958	62066.83110908595	69351.50014524124	36621.25350621077	32224.61878603154	18802.384658934458	37211.37530100877	33696.40994532939	54102.58723799974	76042.34141474258	61500.22864448417	68879.09281821364	55048.84255755875	105082.76463855722	3152.373116030622	12591.789373318326	41650.56417330695	57052.94797414055	39698.53127305544	44032.60902252339	49772.444137009545	46403.61382105097	28738.696632568888	35179.71946166264	27130.39926838516	120.55100796497156	19047.747223385475	39149.94635246487	35982.331829907525	36279.199654957	51787.32788880664	55616.69123379701	41975.06859803101	53045.94046935168	64467.34376743666
ARG+POLYAMINE-SYN	superpathway of arginine and polyamine biosynthesis	3716.568681369849	974.4707691817272	4641.547679043634	48.41360337076161	4604.967268694791	4770.783201718359	3364.981904018238	3458.7440262996497	2992.491322609573	1517.726070213662	32955.25912176522	5324.576408206733	30811.37643894796	25072.54301960813	29806.337088725664	4131.212770821473	4848.134050009934	3337.587081511141	12350.729832005492	5026.928602249453	7736.302976000035	16824.729069987858	15114.731638811902	23284.618155685173	15253.009749244387	23913.78022153393	2626.474170903812	7061.690936754866	13031.331050511071	20448.80040255533	11542.45037712442	17762.3242456054	15080.1513946717	16712.417187815627	6206.0085816964165	4065.14534813454	5668.702484804573	30.277403016572976	4527.048953335361	9294.411328337275	9839.371300684808	8704.735036824708	15031.472161309985	15405.092020464746	12480.753474274055	16273.846380174236	20935.212046411143
ARGDEG-PWY	superpathway of L-arginine, putrescine, and 4-aminobutanoate degradation	213.5171985912289	17.12559841338941	231.74822932221943	0.0	146.67823414465235	104.57696325346498	12.406107115044332	14.669450571522344	17.781840361783615	35.061267211495434	262.0031048736768	0.9298675032953474	0.0	182.52981123763905	133.3019612090341	63.31583610867511	41.1058586364143	23.211764409099874	59.9016835483402	55.61442670565835	79.23006190486313	39.99682992938613	171.37490409426138	31.018284233497376	74.37986444195265	97.03276866707522	185.08433220651744	1565.975939129643	3.2110994528580483	8.877675555748667	11.389887799552652	6.150737369076785	1154.060887152537	27.160562819576352	24.232127327865243	45.36809954856432	25.62304176637953	0.0	41.7215857803434	68.8663089456788	78.99033262595805	94.14129400886296	21.97600265563581	105.78534435540676	19.56390395306505	11.829283259116654	20.16687486606416
ARGORNPROST-PWY	arginine, ornithine and proline interconversion	240.6778051707139	30.168998481662683	597.2336254378765	13.009345794392525	178.55255860896625	1200.0018700349042	364.3330471126335	1202.9335442693168	1134.4272993284394	408.2238015522351	24267.3611396722	3382.8372074150257	20076.8955465724	16318.589651231803	17106.32635785141	526.4211237474673	512.5216228269427	156.92075854469272	468.517506774798	303.29287330590483	654.8929387078174	8001.231553541573	6283.72871628897	11170.037888501118	7832.580526551277	9994.411012417531	6986.997852603816	16160.069785367705	10018.893911890618	15985.116331209209	9750.571700659722	9741.058676122835	13086.2202038272	12742.127832024938	1268.2376271558182	1341.8678815764094	1428.625916749336	2.813319558133991	293.2054407522295	840.4522493082136	520.2298040659912	435.5036373509612	6616.861313231916	9284.573411493331	7403.418031643097	9603.8572092261	12979.151162730055
ARGSYN-PWY	L-arginine biosynthesis I (via L-ornithine)	37633.60579959499	11939.300736058569	39169.3711664682	95.24419533869072	45745.43520720125	33544.691948779204	18982.581057906867	22148.77117257584	25754.4560751928	15924.747793488828	68572.079764869	10938.583632376496	57265.46975468845	51582.81317553374	56376.7633721569	33922.058264832915	28866.73512968836	17116.224179017045	37410.29931056088	32773.7439223561	53318.14535658847	66411.59438863373	52868.396741932906	56175.06472332597	46414.29292999252	89993.10082328526	8974.39422039788	21541.814766385676	34670.38040146427	49327.70104874005	32023.457131091927	36884.38138058088	42059.80064278944	38682.63193735286	26684.01080646882	31737.78090150867	26143.70663535477	117.06337925936351	19156.241052034187	38136.97125615954	36745.23200898216	36817.61299105798	43539.4868518939	47263.51323441992	36234.69154044303	45437.37166166878	55836.48910268377
ARGSYNBSUB-PWY	L-arginine biosynthesis II (acetyl cycle)	40784.53239191025	12950.73552366967	42624.84733707697	99.62152970589084	49722.72883263277	36397.33630656727	23265.89340326964	24478.771198651968	29404.17884330887	20024.9493072872	74533.56521754574	11790.190669460851	61373.31958752533	54525.42091029002	59745.976704725705	39383.93587381779	34846.22770235251	20444.08412381795	40516.4026435222	36965.38728392588	58814.83090592056	72885.01742068914	57410.69067728783	59125.32098869712	49982.94896620775	97555.3002394555	9769.380698684574	23437.581310569843	36974.7498235979	53632.912040070616	33063.62060885504	39060.44767621948	45300.4922374843	40819.32603509942	29527.65211109512	35315.12531426556	29399.19138213503	130.07464058077002	20840.977157772293	41847.68865214531	39838.29768229238	39977.2898585083	46420.90395182108	50492.17517954984	39384.32893986817	49620.39660782431	60624.8659826698
ARO-PWY	chorismate biosynthesis I	36460.80501224243	11529.400123078623	37889.4777771862	114.13850863630948	44330.935531284165	32718.358112053556	22708.61825558745	23322.95455168816	28866.200110619047	19008.827242234904	78405.40858535013	12825.996720813751	68267.11964165741	58008.91823170939	65537.37731631506	35952.33527902501	32104.54660564653	18539.42014357534	37204.32165268501	33696.474163839615	53405.98299376025	72430.62325869914	57391.88701621743	62746.73125829499	50200.78413428242	96117.18482488878	9646.118369552009	23493.449330864245	39434.16029241245	55814.41077480996	35592.63706225397	41337.77094245594	47735.63583997739	43195.02630454452	28216.87288422584	34152.5419177526	27709.10795923182	123.00879310852036	18978.072466293783	38637.87229325284	36289.965260851655	36657.82905605784	48338.80256712579	51574.72188219135	40167.0907073611	50538.81670711934	62063.9600257966
ASPASN-PWY	superpathway of L-aspartate and L-asparagine biosynthesis	1405.650891288749	280.4870587679175	2005.3797454340165	50.62349906608557	2170.9512946374875	2209.28422481102	1304.207074687306	2134.1770149551207	1859.4599535403345	1234.4953543024149	18841.607206452383	2766.500072814452	16024.15258907473	17603.38460359888	18735.824255135674	1936.2640172006109	979.560547907107	432.9732233990322	1046.9844682124988	999.5195079357052	2195.062244735604	11014.285449649018	7749.253882417508	6862.358210696796	4483.834680728301	13373.153394830902	3419.779726591197	13251.91111380281	18098.19352306983	27916.620928450848	22234.101011647803	24854.96411984328	21169.687902994014	23544.755179729556	2617.242893256003	2958.707425192922	5525.718814709327	19.854545454545452	902.4613200950909	2139.5971322398327	1207.9870944693212	1622.0012977791991	11674.76263914868	15195.747188791824	9205.056387956914	11455.943528565342	13778.523012061863
AST-PWY	L-arginine degradation II (AST pathway)	133.25263447041058	8.404938271604935	193.22717588526749	0.0	80.37849631064152	1088.1746591571246	17.62059081863561	45.171713502427856	12.291341482077543	38.36847546596374	1241.1844146720462	248.4600630542316	2088.44173676911	1492.1491553852395	848.1203943492624	58.34516831073739	47.40611591834903	15.169959344564417	38.26862949836022	32.961672473867594	147.49843282229511	1263.372163487648	444.2463938247957	751.5248192989184	598.9622645822203	567.1133828575443	6840.774794072047	14147.164426522517	167.00457462260147	79.56385979271295	24.59924145403783	56.53203479749592	1034.4847676609334	48.49249637369435	45.59010355130911	51.241267919840425	988.805668782026	1.666666666666667	45.45884245744687	66.94956878549063	45.75778399515205	60.21435557039335	113.34802312993448	150.96203078406546	69.32954724488792	143.5567146167164	128.645116928609
BENZCOA-PWY	anaerobic aromatic compound degradation (Thauera aromatica)	0.0	0.0	0.0	0.0	0.0	0.0	0.0	0.0	0.0	0.0	0.0	0.0	0.0	0.0	150.70728010879955	0.0	0.0	0.0	0.0	0.0	0.0	0.0	0.0	0.0	16.198450824829695	0.0	0.0	0.0	0.0	0.0	0.0	0.0	0.0	0.0	0.0	0.0	0.0	0.0	0.0	0.0	0.0	0.0	0.0	0.0	0.0	0.0	0.0
BIOTIN-BIOSYNTHESIS-PWY	biotin biosynthesis I	1072.6184922678676	106.6157705404128	2190.1294091677373	35.194518303174085	754.6658442531427	5065.120039780735	13818.792130591586	6893.376912737633	11785.275446090644	11846.485033226116	39145.98170942685	6864.23905807056	38424.69780526665	28815.721506027927	41225.51511766675	15010.67948473465	17883.746277220875	6008.258481367224	9111.059458672087	6626.881816562998	8028.099012359069	32703.417545456054	21364.77442600345	25047.076294208076	15527.865064547208	29539.031331331946	9221.476803358824	21468.517061655748	8163.70229852098	14651.685182189553	5720.823112946789	8120.949142915939	13939.259304111554	11456.856715746666	6766.314224528346	8484.673941307885	12585.356704682574	63.9659985902765	3204.4474154881973	8869.998786831302	4873.127827215802	6610.565771853935	15697.409392842734	15998.90632872764	15900.615142322673	20760.355898945425	24583.813213419948
BRANCHED-CHAIN-AA-SYN-PWY	superpathway of branched amino acid biosynthesis	47575.304608356906	15450.773376145642	48838.46162311006	132.5431655249357	57648.79542015925	42444.51254940336	27539.83073717244	29784.02470580821	34901.872994965204	23340.85703073021	105443.89182430608	16241.238747526051	94700.46783861064	77358.77921462189	86611.31452594328	45897.75423801215	40178.478157605976	24076.51854856664	48592.35823568692	43216.57713251425	69408.85255590327	95882.59286563096	74115.6277298057	86950.15184548951	68026.88688476171	125465.8718234654	9433.349009153691	24255.3815398238	49828.56319939239	69499.5971551362	47459.4981026062	52407.31886046498	60518.63151205838	55884.2113240609	36453.4832477976	44106.08840362827	36033.08852644991	152.12049305254988	24089.43939743271	49171.48468618996	46598.20932131387	46545.54186007776	61458.88161772236	66237.59830448635	52789.54108265514	67359.36095278537	82502.3797952316
CALVIN-PWY	Calvin-Benson-Bassham cycle	35795.44901257124	11220.675302088868	37513.39010665029	123.55483997938984	43745.40784576169	32181.02170542305	23017.61067776511	23250.462971993187	30253.408538089723	19596.748258907974	80950.71082722754	13397.451280825464	72869.60753048226	60365.47752737432	68218.9878184787	35980.74038432763	32304.917524405853	18687.997937907232	38030.93987488176	33213.729920961254	54279.27426197693	75774.23328621134	60262.360496468784	65676.69315402389	52223.79458632648	102271.760214584	7207.621030642679	19014.675086027783	39810.94009342885	56387.4394003636	38041.04223553618	45967.86550480488	49747.92907591998	50764.59595424226	26600.91170105089	29291.150702372717	27284.122496191987	130.59974596024182	18899.794237536546	39072.15999128267	35998.68044830328	36180.25264296964	51278.19777377058	53651.94262927203	43345.95743427561	54497.55024475693	66682.59243904932
CATECHOL-ORTHO-CLEAVAGE-PWY	catechol degradation to &beta;-ketoadipate	56.31544178364988	0.0	266.66413662239086	0.0	0.0	643.1374407582938	254.328239640124	62.54214123006833	3.2875380404372434	66.64107485604606	3533.756760800184	474.7067351213043	6823.557966074771	3712.859682476567	2210.7320603502526	150.58392920053183	148.11051179788114	3.7615420977992544	11.06636664460622	5.707602339181287	7.584454731402735	2145.321289960155	927.8178709946798	1212.6254106431704	1304.5915575349902	1911.9636066867972	5965.672703693569	13142.766168483971	586.7148681497056	1131.1677872178234	533.6026168908242	502.5332062131578	640.927441675156	710.1640261928505	35.23725667434784	33.416636915387365	738.3243035316069	1.5	87.5274949083503	46.72877295714667	0.0	0.0	626.9985354359023	867.3110797126477	1799.5960953896108	2825.5328429663778	3038.0753321876323
CENTBENZCOA-PWY	benzoyl-CoA degradation II (anaerobic)	1175.8160038332535	314.62184873949576	593.3336347197106	0.0	1143.0172939979657	791.3126879134095	103.72262773722628	148.18035426731078	350.6423777564718	127.1696113074205	350.97966507177034	105.94565217391306	498.9180565627266	216.16676168757124	384.5796943231441	767.0572720422003	659.8772213247173	380.8139372822299	714.21796875	771.2376612450925	751.6610959968907	2198.997771263352	2945.6152849740934	1633.8034796499512	2522.891638666322	4123.044086307938	0.0	0.0	238.2277777777778	554.5900628084343	166.24548387096772	224.20747001090515	325.01996927803384	336.1303703703704	202.20745430030857	200.2783300198807	131.625	0.0	216.19753086419755	420.3410301953819	641.5818490245971	532.9989550679206	1043.028211716341	1060.8705882352942	698.4893416927898	840.6185963114754	928.3721357998738
CENTFERM-PWY	pyruvate fermentation to butanoate	1802.7292256251287	313.3191786599502	1128.7830601893702	64.78581899522526	1706.9197075824934	1744.5406178807625	3445.2046252024406	3901.805344618742	4227.8846561497785	2252.545385587396	26982.9053655032	4722.77965076674	22903.1431215889	13394.168259158178	17788.448231383063	1944.9640512418	1625.5863993278188	651.4444766439821	1599.4050328313426	1520.0079074010837	2535.647626907617	12191.583940744007	12140.158672942214	9474.1415551133	9151.950688433784	15320.20180313338	185.78681468229817	81.90721074202989	23375.98828342455	32684.85646023967	21300.796408922564	28993.432148114203	25246.990411045317	27490.57325570464	3680.035393544717	3475.483724571078	1416.8643992847349	15.367987839235688	688.6001970798283	1780.858349966794	1413.356912454006	1537.7091059225015	18755.56666385608	21418.19137329134	14221.054822387478	16328.502962834287	23192.461280367967
CHLOROPHYLL-SYN	chlorophyllide a biosynthesis I (aerobic, light-dependent)	0.0	0.0	0.0	0.0	0.0	0.0	0.0	95.7856301358041	120.33672267462931	0.0	1710.825854545168	281.3895278395576	1534.065172524864	671.8589736862073	1614.784610047608	0.0	0.0	0.0	0.0	0.0	0.0	73.16987865976236	0.0	23.87277422467487	267.2629271411416	214.0693325630257	31.058454255692396	345.2735270834844	498.1722268977631	1253.726955421632	215.3865505688232	626.2227819696182	535.3145779527205	592.3849297820126	0.0	0.0	0.0	0.0	0.0	16.282468629672092	0.0	0.0	72.9988502167839	57.14330420470801	51.81651034757195	83.42940875288427	106.88630379407904
COA-PWY	coenzyme A biosynthesis I	36201.16958525971	11587.632475955004	37713.86999337114	109.5	44145.55090229134	32032.71103939152	22666.763543863948	22945.144144713056	27988.808208237195	18975.983127011485	76797.38451778315	12643.192529998852	67666.20384157402	56802.93107884268	65231.0184210161	35760.55535568727	31349.54104968098	18468.549238607346	36973.34500223131	33430.04886480059	52641.658022248725	69656.68380200252	55387.027316324056	61157.75116901008	49770.62665423645	93386.24472232802	6926.937538653609	17594.917646139438	36689.5669147565	50899.79237940776	34264.744205399205	38961.33878231919	43990.81336163	41348.0318978342	27410.11906735547	33069.02631307875	26014.48955530839	119.5	18712.74596687124	37804.562338961296	35974.83772123389	36045.33809480071	47181.69504014117	50477.665456251336	38810.59680637149	49084.29578105048	59804.81489082991
COBALSYN-PWY	adenosylcobalamin salvage from cobinamide I	13358.301432975151	4952.9851564489	15169.159872829085	47.275883319638446	17229.75698969678	12806.435940763293	11274.342176493235	7983.335026465274	6657.971720918469	9327.155397997789	35898.97277550151	4494.778409637562	26921.93474849565	27355.036583494555	29907.254247956032	14492.00147095462	14740.274188736554	8997.092541908907	14528.83682807823	13137.866786519466	15197.952083549522	25995.892226841308	21102.781257846407	21168.68197481712	16191.19179360385	29640.22464587659	6651.128614172265	16367.72250687967	21453.976712511583	35467.23983242652	17586.39009505204	25521.25630110605	22607.80111013095	23133.058742797904	13210.91203497785	15883.77516445552	11697.189633665095	37.63740742084895	5521.683083815493	11986.776112641248	11829.2360668383	11262.375972319453	17954.299260898624	19588.13182123518	12551.481046793238	15735.007697649944	21561.30098061396
CODH-PWY	reductive acetyl coenzyme A pathway	7999.633103447729	2428.476824451287	6191.793108386595	45.30219780219781	9068.287484529934	6890.085379024746	3471.1870623789514	8433.59559950137	5781.252519409126	2129.515833875821	11139.269266786116	2929.1713665943603	11063.716312351831	11583.463022432295	7711.956703550928	5781.924176803723	4510.420729640569	2591.9879777437445	6920.610499506527	5211.503965949095	10892.059858648829	21882.085688359155	24213.190045163778	29357.90910813445	22141.73867577765	39389.522600146825	95.471190324634	29.524815205913413	21117.48355890221	35258.67628307412	15296.179949153206	17035.811231693944	14600.830771196575	15403.699357643884	13674.939725186669	17692.37522546087	9747.319688379712	12.627450980392158	3754.961268364861	8692.529501023193	7152.937234696161	6408.361334911288	19870.63152106622	20590.96902312982	10498.034998117117	13095.039082951684	16743.513326008033
COLANSYN-PWY	colanic acid building blocks biosynthesis	18914.986145235	5641.872450760566	16094.350035954823	91.56084199797722	21382.005789479783	16496.015650784517	14157.093582506528	17558.01567407136	23257.89652966157	10172.753171021332	49930.29127216896	9391.140141654809	49880.532939837896	33936.42649918871	35773.728663711096	19356.296071940727	24680.489005736967	10232.328494994485	22113.37123502392	17576.390109351156	29777.912903586075	52265.01925796789	43541.00516042818	49165.805059035774	39696.135408594615	75211.25677806222	7798.560282784872	19827.28577675188	27428.868295280623	31492.66485757604	27284.22113773405	24731.159505311625	28506.395720122204	26134.27685851154	20973.55114748766	25704.800540803302	18027.828881670863	56.74289651960366	10005.995510715347	22654.54024651492	20220.33273475976	20355.481980578388	38527.02915149416	40857.21896551985	30086.982649196223	37512.83106469853	46147.68801426635
COMPLETE-ARO-PWY	superpathway of aromatic amino acid biosynthesis	38898.523139984725	12306.02441742546	40411.07313794125	119.44093468442831	47293.5969544457	34866.28418749476	24152.436014884624	24837.564796327373	30668.24806262715	20209.144708319225	82574.14328943098	13529.263223301685	72034.8125390813	61422.093502235344	69558.7549361982	38357.58246398767	34209.14114441477	19782.580157274493	39692.42094990676	35943.7428945125	56933.83032927418	76969.28536583345	60944.33666371321	66778.77745956836	53417.40181184839	102173.97292464974	10250.495044293511	24883.44605458061	41547.05185689816	58743.3390834483	37571.06085163588	43217.82353124738	49784.25941582413	45401.5406561747	30151.29171117004	36539.98513690956	29542.04094333391	130.68298277032883	20247.10836676041	41167.99303690539	38730.35875878377	39084.56319045774	51251.58121693151	54682.76059470091	42535.16971808617	53571.02694323601	65716.52854004507
CRNFORCAT-PWY	creatinine degradation I	0.0	0.0	11.964819504901602	0.0	0.0	14.972525651975642	0.0	23.763499458007104	44.194687434289634	0.0	3321.9436673442183	300.9615948596568	4124.453283029488	1435.7640008712476	2345.589924464828	0.0	38.61399692674793	0.0	0.0	0.0	17.964918945773057	462.404497412813	496.77951599709087	918.7473116852932	624.4568365202182	686.3787878853341	906.4158474655658	1913.7121675060248	813.7764457263444	1418.6460617130329	971.3597752447162	958.868471582316	942.801680010672	1473.0563261825962	137.04809920181393	372.634027877102	2.9973581735612127	0.0	0.0	0.0	0.0	0.0	428.7865364936606	323.4221779881908	180.6177479350692	436.7569451405434	620.7735795603792
DAPLYSINESYN-PWY	L-lysine biosynthesis I	16547.10314624302	5063.494889849002	14992.277158735613	81.80714151275777	18757.080544692413	16100.447693301414	17159.871838394443	10615.475230579508	19031.975308344427	15097.09243655654	73514.41200626326	10989.866808375662	62519.61572842996	51484.9875346784	61132.55578988469	24674.39355509279	22736.09893465305	14424.699642459023	24410.378779713326	21804.19819015502	25050.836728210437	48033.48846881846	36670.64579187772	42266.831105107965	33620.82755046353	57761.0302502156	8689.522087469666	21644.818930814337	31909.225346949013	48660.5775537208	26512.900259534417	35396.56562618369	40086.29261924272	34448.702039819545	15006.462882213911	18335.07336036199	13823.342888986845	61.68712961622599	8976.892030281617	19846.77272881008	19651.09746129852	19997.278668263563	32578.023516719342	38890.83168539538	30357.70352002581	39521.54065190972	47944.22895051539
DENITRIFICATION-PWY	nitrate reduction I (denitrification)	63.51926506349636	0.0	362.7034721454176	0.0	9.207333009744987	142.82953249485183	522.4588796668452	115.26281053120675	90.45184827447984	209.23760361997435	7377.602752655369	1303.2966555235246	7934.564241471495	5202.838818220534	5598.417791479425	307.3133257704726	235.72055297687405	54.17455310199789	41.86935740839087	127.57725130511224	112.71619658302195	2523.0399107924663	1571.710329722097	2847.8716786858386	2124.745773268081	2241.594245295003	2413.361613794297	2841.226977849459	948.0410853112944	1597.1928590230625	1072.256497126884	754.9855535588807	1753.947878439856	1043.0640768706878	204.321432343681	46.54348042330847	904.9404513973888	2.692307692307692	166.46059407389552	111.24383553437926	22.42887733251759	29.501090300582355	1086.0893207518582	1192.3876474314773	1248.758384438445	1700.614956126839	1982.8709252157507
DENOVOPURINE2-PWY	superpathway of purine nucleotides de novo biosynthesis II	29690.05459418485	8767.634079133337	32096.02798000577	104.71586873050413	36899.08557682033	26453.254972528302	18654.928504807725	20411.68897839924	23296.09156393076	15221.666230021676	58990.81282157696	9295.784268803109	45910.461808907545	37693.76187064763	49158.58525113247	29040.362291367725	25886.63675630345	15200.364555254588	30517.68551919468	26735.63600420911	41772.2861964595	53874.06175911995	47220.7818281698	42108.97151560584	37049.03627122693	77177.76369173895	6534.014993282322	13573.669891516052	36103.15577455368	51347.27018999691	32369.399725210063	38250.71700490248	44532.67664799865	38746.75296401682	26169.390885212648	30125.18403701008	23203.014391118355	77.52568106158348	15915.273628131345	33389.92473289979	29877.537422319478	29735.482727983715	41568.448037363305	44879.68872933686	33256.66515753775	42418.92348811466	51819.53392755962
DHGLUCONATE-PYR-CAT-PWY	glucose degradation (oxidative)	0.0	0.0	43.97832261390785	0.0	0.0	0.0	0.0	23.18271887915599	0.0	0.0	491.51437704388695	38.92748839417943	744.2485485214604	245.35552267438808	57.3010560980809	0.0	0.0	0.0	0.0	0.0	10.837842680937268	222.799736802198	108.2745225219635	44.32664220895722	105.6799106300349	267.4855635781038	5005.465181345734	11985.822906766836	0.0	0.0	0.0	0.0	0.0	0.0	0.0	0.0	501.64644686854894	1.666666666666667	0.0	0.0	0.0	0.0	0.0	0.0	0.0	0.0	0.0
DTDPRHAMSYN-PWY	dTDP-L-rhamnose biosynthesis I	34243.09758357495	10067.959096155366	36231.12961040845	92.0957230847309	41307.80693058991	30084.26955139996	23949.766925315125	24406.953886015443	38266.18631820298	20168.108424866976	70481.83710622016	11579.235450048656	67758.14675386316	53769.86555980156	61610.7457297062	36735.03974838551	31574.988429147703	19302.678684694536	39073.54592653021	34920.74396804154	54116.241221620025	73609.49734669396	57201.29172732808	65465.35619835926	51323.01706058638	99969.42014509677	8850.733368867974	20226.704142309725	33695.801687121646	46596.97640745997	35371.84877554211	34205.228238979355	40691.394063193125	39534.89660845277	28133.542370692587	35072.23924225497	27008.67639674147	127.8401559454191	20501.8824515284	41777.0354208985	37922.33111647433	38808.87937469848	44248.776805121575	47757.79308749324	38046.87425722019	48006.96526504956	58010.36496630554
ECASYN-PWY	enterobacterial common antigen biosynthesis	191.50927025630943	13.746840192518247	165.79247287033374	0.0	118.99376182596028	107.7163002826475	9.943671408103288	7.72679836618107	13.72266436932797	28.06537921276176	0.0	0.4283823266367998	0.0	46.8975845479454	0.0	52.06975871000049	33.43544668218871	19.58932218820354	51.68970074130094	45.01759531439926	69.19666670058632	22.586289047390096	104.32522150034768	15.588463830991302	40.19840065730141	25.862195824328595	65.24315083937344	411.3996626853594	1.712970689233237	5.239208326228103	7.689174521465272	4.705495140098828	923.1301324302874	10.792564606939406	21.040723325305297	39.17502953033044	12.703517313667604	0.0	33.32768678978026	55.3121867951786	62.97382447861288	77.01705752334217	43.578228778232585	55.15287968987734	15.6944968932934	8.523608449136736	28.520812890725377
ENTBACSYN-PWY	enterobactin biosynthesis	549.3002599639576	38.580201878856926	453.6548874345973	0.0	326.2664806209589	232.8162594465524	34.06619722318875	80.31566607492776	50.49324255454778	146.0831260422904	26956.366171222297	4306.784998707754	19952.652383869096	20290.188992355204	21085.177413387813	143.72827590433852	93.43480672155194	52.70344255064684	150.4120176960386	126.0937043947956	175.26110966907817	3002.5220025104563	3824.402701487716	4717.048019378846	2680.5262283609727	3622.7950214690886	224.29493061949103	2265.3050704823568	1453.6280031150943	1633.7568245242828	1432.8827173929742	1027.2162387143296	3782.211856435969	1871.4706978150864	68.75188057098669	116.4022730555146	29.777691789768152	0.0	94.5863470891158	151.57474122217607	178.3905529001025	212.4371783744432	1620.8429322766085	1510.1549761843032	1252.2056340205456	2598.4513821064525	2882.017507599581
FAO-PWY	fatty acid &beta;-oxidation I	10816.197458458288	3555.7909609582352	8997.229373701934	50.00303949688272	11514.353342561846	11755.12000453548	14439.371999632294	11316.627358411512	15112.663236223629	11653.51197743213	89540.97586870547	11855.964619044113	74704.78989007989	64104.40116424027	76668.819781476	18648.363981252205	17754.831967875853	10221.208414252182	12313.272019922588	14319.921426551342	18260.36266416003	47547.21166834747	35749.332196872936	51628.00088217644	36289.70534382004	55869.49885978154	14052.48896276092	36477.86298961384	28079.962016084886	41862.51297223022	21376.12230805731	24047.51368257848	27493.98075832084	22662.82786798004	17980.798638036053	25434.44256963737	16423.27886851666	16.989636519892827	5195.242915982505	14542.445066064274	10468.492737681769	10273.375534762588	32048.789397974386	32543.56711691796	30019.360751155626	40333.412527937006	50372.39159202174
FASYN-ELONG-PWY	fatty acid elongation -- saturated	18222.195748263686	4782.223315617866	20765.18119748838	108.00611309065924	23546.778500710607	17048.340978987042	24653.21160704474	20717.798555099296	27381.069540597717	20278.383721682145	91429.5070363315	15289.923366125844	92663.24573168508	72571.52046872016	83739.47221397696	31808.854302815784	30345.53702992471	17582.17324552639	36314.30383327515	25951.78257461863	44941.22896085257	66790.08150828411	50046.20894757436	65388.20931141794	47780.12167297674	84545.12079596144	12768.453580761696	29978.15092950949	37397.01340172322	53520.876494624616	35866.0701737926	35097.85177807633	47872.81442896874	42323.664034127374	24340.293345891267	23894.10252864819	26050.13414632672	145.94995482766922	15848.465297582785	33847.832834632696	30147.134343948142	28451.60507013594	45709.27935944335	48817.68342980139	43929.7425134952	55614.83953163587	67121.4536143497
FASYN-INITIAL-PWY	superpathway of fatty acid biosynthesis initiation (E. coli)	572.2151336529018	42.15818101998914	1364.4990459241824	70.15755264931452	331.0611125962177	5254.038335411302	11268.168007273984	7497.607899650739	8249.564581272285	9780.784347840736	51884.03223630168	10195.367815981102	52888.81917799262	36467.12317875442	56114.10821769343	11159.888087813526	16200.29561767794	3389.956700489214	12912.869884080335	3462.443524399729	5046.584979687749	31013.2412187405	22189.95953274776	31424.32123783377	20635.971396130084	30422.75253220759	10934.87645589518	28175.57534837615	9922.47226055192	17984.977641949466	8226.035917794969	9152.806892193912	17633.151191679655	13721.899522559192	6232.154262897032	6567.669281593725	10568.52188965003	79.03076376947514	3633.8921966015855	7496.169291226271	7743.406719776663	6787.532954587065	17512.610981335645	18180.521127464395	15823.542569411842	20866.451340284617	25445.08100280573
FERMENTATION-PWY	mixed acid fermentation	5052.047057242693	1226.3116277316046	5314.929067882085	35.713741990573624	5451.591201545652	5408.091919229035	9778.274018788576	8671.483712941505	15080.690517049929	7931.135636406436	43465.46553763206	6746.597772898999	37186.34726522374	30453.157777557208	39802.10326778977	10767.0377647202	10676.642359278168	5357.014537382667	11351.60071524214	9409.704696656048	11032.812794714451	30638.56731536269	25434.92739156724	28956.40438580517	20878.44391735868	35890.38272798681	8032.629749395992	18695.4103783899	21560.199151444984	28240.225503500656	24353.272986608623	24413.575850795547	29724.37308837917	28879.467100155045	8932.17793286322	9344.951943851702	9896.11881815303	22.60178083744994	4982.942930322213	10688.988738956108	9329.487609990963	9090.975427025562	20704.94448871536	22322.456464948787	18076.558971981147	23299.26780452685	28719.81391994946
FOLSYN-PWY	superpathway of tetrahydrofolate biosynthesis and salvage	19491.950682225248	4811.220722924419	23193.02484631783	64.3068646329682	24141.214533073075	18515.51379387106	21428.93520233071	18643.664150924447	24836.07206923259	17708.220774922233	62968.05622657857	10642.694191178316	59140.776949914114	48950.47889116462	59696.039345655525	28828.46546942364	27369.69104670792	15769.08032710462	27819.18530580973	24980.058170881308	37036.06900792724	49183.8179785544	35951.30684079034	43490.751163610905	32662.96579335595	62724.61676048962	8837.896491797088	22363.149478569827	29521.49279578633	39988.5154157355	28470.529758582077	31769.66617824101	38500.727885684566	34996.44479435104	21930.39983796685	22236.01953734657	20995.775651552383	100.37682850387728	14160.576234776758	29971.870074112045	25390.22209450583	25276.575604217844	34451.33549328795	36557.04788182347	31051.07532950429	39071.31169236224	47732.84083071822
FUC-RHAMCAT-PWY	superpathway of fucose and rhamnose degradation	149.58034894523738	12.085824433011098	153.17414817646727	0.0	112.2869462967776	80.67868420830828	13.090115660251133	11.66549012806268	19.980801355647177	35.79529307796386	256.69717652736443	0.8824983676515111	219.4667716758886	1086.6208591211573	1133.5635348075978	71.02225769240087	51.81772188307748	20.642503136191003	62.2684920731076	65.61370453077818	88.6940325296469	204.316632271077	273.8032177285419	243.32388709174344	156.00173606329568	71.32063654573112	59.66390974143878	420.3891324313316	144.7952052657973	375.3583353752325	105.48125282132686	112.96867093769409	1759.69809846168	201.0713585649588	37.293905212594616	62.00079578477487	29.635399827558366	0.0	42.44486585741788	74.1697647945013	79.5283556640201	98.30802077494444	23.999123855513165	153.36857428391912	21.18376157184995	11.074679627313836	38.59818533643643
FUCCAT-PWY	fucose degradation	161.1181533930851	11.765637238344755	175.58341110032686	0.0	149.8001900570219	105.83709197904888	138.8035035444754	186.9008464867927	323.3433471132518	124.23807074663338	983.6325545878832	103.3929434291668	809.5322470147667	2648.6981733956363	2629.41039930279	276.1122870170736	139.79605758073131	38.545808594599926	161.30932887663752	149.84982292911388	277.6700646042238	1118.9745275595296	924.1973082064292	1559.433680235055	1245.9325583995746	1571.060907974162	46.43559657589512	298.16485111608444	1505.7798159002402	3503.759401546745	1530.36365867844	1317.9827535108918	2677.580105322878	1969.559369382228	390.1893890788701	525.3504100430441	32.98597781590947	0.0	100.65455946642705	238.7709321389457	186.1187194424294	251.9132649478009	1370.181291232517	2748.4798313072583	1876.148341263456	2311.535230034984	2850.631189547332
GALACT-GLUCUROCAT-PWY	superpathway of hexuronide and hexuronate degradation	426.6666020452443	28.183099320510937	354.0949811925092	0.0	227.4440637216836	285.34796292752173	192.4241055121858	368.2150244873756	447.9999766157073	198.30307817583977	5661.378832085977	1150.9505524248714	11567.931369325144	6119.643909409647	8958.739483731697	534.0402131940494	200.89087559526945	85.50637766023077	213.508195439436	256.84710696006243	447.9079486281272	4454.105206640894	2663.99542947494	3617.915103589939	2574.379849890566	4170.655585196938	147.50118799107784	1247.8009890057149	5782.627312510077	7528.779418375065	6629.033029003988	5791.351402051106	10849.114179723463	6937.646429284433	644.6565532675697	883.0008665658117	417.8318179150713	0.0	162.0344086510387	552.7943646804277	236.998266027479	425.29662602951606	4314.967747659253	8014.250321819084	2426.5920647816693	3252.497806034614	3357.7133068712246
GALACTARDEG-PWY	D-galactarate degradation I	177.76026838631608	25.784667817799324	322.82111977669604	0.0	132.78429411320008	326.3443327774696	94.53357732459584	115.20374431757156	111.5847203981501	71.59104145656234	1859.5790672868116	159.7493354586202	5362.530939252062	2131.7361918955417	1229.0801827046112	223.65369080748923	135.78937998834317	39.40385835485061	124.2263830087242	127.87906223343344	241.149729692027	3185.6523015383505	1153.9154358213295	1507.963251082056	1140.7506202564507	2137.082003246476	65.65293658464344	426.9610325986435	729.8638213057418	1166.1653255254646	848.2858062456677	806.4591329650591	1965.293846247661	1098.262960573861	84.47812021133097	148.36317005178495	102.07442005129693	0.0	89.08010743562349	129.73354005414208	108.53867118301952	181.77056334958647	849.3029883620644	1328.7001532297531	2086.5334568824587	2934.982737124965	3925.9630199710423
GALACTUROCAT-PWY	D-galacturonate degradation I	789.2916488883011	131.1578713149725	682.5084109215301	9.43893366398016	883.7261157536972	728.9250762404016	399.4114387216481	770.1091890824264	1261.282805624072	479.25080296634064	15588.428155514885	2571.117967726428	20459.447185728684	13294.403612669816	19295.826153027185	1291.1365245109423	924.2471083248	464.8028323747957	1681.6314515866034	995.9039918640892	1989.6098350322864	9591.445075491549	8582.274531930276	11797.450460523223	9360.804374876348	12298.741713252004	198.00805451755284	1512.5741239736333	11749.236333147232	13826.906006686377	15330.659468688726	13986.858106328842	20441.210148507274	17239.14994964901	1811.750157603323	2047.862344355696	617.9014499842436	0.0	623.0036771992337	1900.9875003310049	2001.6369745888408	1576.2503033114172	6987.159206830174	11005.120443483367	5471.461818596363	6840.598043450988	8815.942685188129
GALLATE-DEGRADATION-I-PWY	gallate degradation II	0.0	0.0	0.0	0.0	3.0	11.0	0.0	27.587424938184384	29.831595829991983	0.0	3905.073416921	327.3234551236322	4243.320198814012	1954.535803616557	2764.2800813476388	13.94673123486683	15.911602209944752	0.0	5.0	9.6	4.0	1148.3808021338143	971.8317941869684	1052.5313593287694	1139.7300465012488	1520.619016073253	331.35348760237434	1004.6178743369492	462.985328622579	1199.5206691119563	290.22383270529923	748.7805622305378	534.3080789777962	548.9722063414355	0.0	14.648501362397822	98.20374241921373	0.0	0.0	10.290279627163782	7.0	2.0	558.978051318707	566.4913050955171	1407.8067834375292	2097.5018444072853	2986.87092025696
GALLATE-DEGRADATION-II-PWY	gallate degradation I	0.0	0.0	0.0	0.0	0.0	11.0	0.0	0.0	0.0	0.0	2834.36165356981	290.0919580466657	4243.320198814012	1222.7271758410225	1734.0296993164086	11.876288659793811	0.0	0.0	0.0	0.0	0.0	617.3490586804509	431.371668222602	566.7779118161424	604.7610675517833	503.1739094072042	331.35348760237434	418.7687811561324	462.985328622579	1199.5206691119563	290.22383270529923	748.7805622305378	534.3080789777962	548.9722063414355	0.0	0.0	55.31896753230438	0.0	0.0	0.0	0.0	2.0	468.14596854854017	471.6861667473483	1359.1628707198386	1999.812764411162	2836.815680906377
GLCMANNANAUT-PWY	superpathway of N-acetylglucosamine, N-acetylmannosamine and N-acetylneuraminate degradation	218.39747222826887	15.327294028477914	180.8713574398262	0.0	136.34541331412325	94.2790654528081	76.91703289851998	52.01149361825216	255.93446043762916	118.7531712269052	2640.127547205764	426.2740096341135	6869.784523745285	3343.859869694335	6732.856523080987	206.128892772382	91.6806924168123	60.08974514301264	170.18566653419512	70.46037940270864	481.3075681065732	1238.516268427083	1643.0503502581932	1910.7886217763323	1359.0583604356443	2134.5454810059537	56.94840322310712	554.3388311740079	1151.7228979850051	1766.2982960058116	1245.5659735660936	1826.2984339087752	3289.301357400359	1853.436040719117	129.46673961167932	306.1103567947936	104.92928075693963	0.0	124.7964533994882	225.1434563678999	116.37459899922553	195.06704264432628	770.0925750581957	2029.0231631289848	1332.910830371591	1598.6966923658151	1832.3503969827773
GLUCARDEG-PWY	D-glucarate degradation I	235.88341289872227	25.784667817799324	370.87824108223714	0.0	132.78429411320008	347.95216252271496	98.99012102108924	61.053979116433176	81.39661104930707	80.34820499200937	1797.5450966813737	149.08138325310009	4830.133407145205	2157.6077532288737	1260.6728554215292	282.6399500480114	150.66579813982855	35.859533949156194	124.2263830087242	127.87906223343344	241.149729692027	2537.797654103937	1034.9095057107718	1404.195091119988	1085.138846045847	2115.471736390956	65.70255240523362	427.6584479097233	439.0207955646264	857.9774101823796	637.9053517152313	692.6608093268643	1237.4524265587347	636.0739976630899	119.35101579350656	218.58782050380185	103.24048386132078	0.0	100.58084703186285	117.3083592479509	108.53867118301952	181.77056334958647	707.5100982571469	1280.0985641402851	1729.0585281894344	2420.051128711808	3423.8076161088006
GLUCARGALACTSUPER-PWY	superpathway of D-glucarate and D-galactarate degradation	177.76026838631608	25.784667817799324	322.82111977669604	0.0	132.78429411320008	326.3443327774696	94.53357732459584	115.20374431757156	111.5847203981501	71.59104145656234	1859.5790672868116	159.7493354586202	5362.530939252062	2131.7361918955417	1229.0801827046112	223.65369080748923	135.78937998834317	39.40385835485061	124.2263830087242	127.87906223343344	241.149729692027	3185.6523015383505	1153.9154358213295	1507.963251082056	1140.7506202564507	2137.082003246476	65.65293658464344	426.9610325986435	729.8638213057418	1166.1653255254646	848.2858062456677	806.4591329650591	1965.293846247661	1098.262960573861	84.47812021133097	148.36317005178495	102.07442005129693	0.0	89.08010743562349	129.73354005414208	108.53867118301952	181.77056334958647	849.3029883620644	1328.7001532297531	2086.5334568824587	2934.982737124965	3925.9630199710423
GLUCONEO-PWY	gluconeogenesis I	24156.983490078925	6712.299440506421	27485.78304665595	108.37075027828804	30107.498673291106	22106.06397745376	22420.004966573702	22940.50698830388	27416.46209577243	18155.158119801225	71271.03143191988	11372.21096039532	63749.8172294629	53252.99332739764	59689.64197566792	32377.5380979392	30040.01132583668	16327.993800300948	31120.59306593094	27087.64205344265	47267.90865421391	66383.59721778694	49648.71995707903	53848.79131228119	43572.74789577402	84831.74782918312	7555.356870109943	19312.66550858124	40716.97205112328	60722.34942075529	33983.080691794115	41116.29847211998	45004.05264413223	41392.94736585811	28159.4980678962	33005.66827460174	28867.185238008595	120.8122777743209	15924.715994330283	33737.874784374806	28732.321808181023	28246.015059414287	43811.13854049269	46864.149379817805	36231.69011436652	45892.82357004576	56229.10681484697
GLUCOSE1PMETAB-PWY	glucose and glucose-1-phosphate degradation	359.2401918651005	28.77300579953525	695.3662460722551	0.0	251.4409940840653	1984.973760472304	1788.6741565161549	1227.8479280995518	9477.351204270126	1053.4992379719104	17515.65204211552	2511.9090710486907	14288.114541897188	12379.186280664198	22495.30058744669	1477.5046803684422	11375.133576393911	584.0882304689519	583.8767512514755	822.6561775415578	947.3490640821242	12668.650577140745	3062.8934022246044	5271.640436678527	3120.8092407641807	5688.823288912632	8435.579537427571	18956.222346641985	745.6709459029406	1150.119222101314	532.3405318884073	512.6509536490348	4808.562969891771	465.9965463317795	1736.7001203461168	1311.9197925478209	2792.174667253628	7.749019607843136	530.5822921365249	559.426069083045	604.225411510673	1413.8560904057133	1879.8158573862377	2480.453570438875	4509.0291769184605	6003.258302590448	7748.406377747181
GLUCUROCAT-PWY	superpathway of &beta;-D-glucuronide and D-glucuronate degradation	603.7613206930718	45.02611985983913	574.7366621403281	0.0	497.8197906407557	516.4747725340003	408.2598752046578	591.1622341912229	952.844940515195	356.90273771109315	9976.632565550988	1527.327358171008	12815.083580386969	7020.520381880509	11299.310117376084	793.5069347210584	416.4955660581799	94.9494727694019	427.420876909521	527.589098099046	757.9016609573713	5204.331073429775	2680.540957924358	4817.128034369747	3355.707933579782	5086.868740020206	188.14095033611704	1546.0300431655075	5123.999813190648	7162.979917912421	5558.440646384451	5170.053048878434	12562.245855302694	6440.54946307669	1064.2350668019135	1611.0775282445156	603.1597256236076	0.0	254.5711817315092	827.7570521792578	458.4559721375565	758.0771068579088	4547.672563384739	9665.356903159189	2351.841104450994	3261.4255921325253	3252.451786232995
GLUTORN-PWY	L-ornithine biosynthesis	38044.95884905768	12019.308642715458	39714.49547852793	90.41795665634676	46262.82973924251	33907.60289373603	22251.019071719133	22687.27291520739	29293.184492053908	19174.816366712126	71275.06838982871	11084.541349806968	59089.824692946095	50889.55782667008	59055.505951490224	37786.54446475334	33489.549755825545	19541.874298598377	38156.94751301644	35299.864281791044	55119.08583290272	66983.77083940443	50447.786328593225	48139.23984346991	42117.07970413449	83517.20548431188	11472.638157972702	26106.463567300187	33757.34776599974	48275.79532580693	30221.913684395164	35647.73645485515	41327.49924106779	37256.46763158767	27888.69197639824	33309.54456642069	27887.180585574253	121.6897377017368	19702.03957108172	39202.12280906167	37266.4764555187	37825.817844059726	42215.57964508212	46494.30377524924	37330.145601518176	47320.839783561314	57744.018788861045
GLYCOCAT-PWY	glycogen degradation I (bacterial)	5218.550530921406	1267.0374286758206	6693.101010788258	107.30522753668473	5638.924224430867	4814.145262843216	10342.43608073166	12252.048087855816	15306.424455482213	8160.979585164734	50357.33904638173	8691.457874014404	44146.27722264048	34347.59308693596	38225.32540611724	7732.257211895498	17382.65014388985	2719.024292174608	6911.533770857835	4915.022633112233	11895.492857360834	43367.35806823067	38685.53090229481	46735.62749120237	36835.48414407805	64796.394500003415	7392.55558672593	16705.204502360746	35868.34504961439	45051.69673449751	36132.69645069647	39501.48634513496	43642.24855593474	39867.942483146246	11152.50418572913	16573.555538138542	7780.016440737147	29.49815096802262	4373.105939453685	9513.580786003597	6230.465449020377	7017.728924226981	37984.41963815325	42880.58768441757	31367.44074301253	38513.117864014384	47943.29765159181
GLYCOGENSYNTH-PWY	glycogen biosynthesis I (from ADP-D-Glucose)	21183.84495292354	6312.453955132221	20679.20470938145	102.78350322996036	25070.513353873823	18488.57366467746	16539.12134286174	12876.6399978339	23650.335195218104	14895.711072283968	60324.437067049854	8796.13634002647	49738.2311933588	40538.76718089745	48014.52790434881	25079.4918037976	22083.00177253813	13582.643120876171	22273.136860176404	23204.73542944847	32384.81151599809	47661.34832051378	38523.84063444301	43554.40101277806	35604.57803299165	64620.30390004765	7092.475359311574	16312.520743044195	35293.53258500535	49354.0592892974	31660.032120007025	38259.55962340363	42143.64419467189	37663.6361968115	17237.611543786712	24903.49098037673	13790.01770855725	68.49933449680185	11667.728039598043	23318.81919911852	21901.08098625329	23551.584370364355	35901.654719914586	40074.06375280341	30002.041659408707	37370.25144361645	45881.26492907071
GLYCOL-GLYOXDEG-PWY	superpathway of glycol metabolism and degradation	116.6429377409039	9.367600820232395	124.31748651227528	0.0	79.14835787089467	60.10044702909941	6.132169162399369	4.928139449520401	8.655810368086339	18.521468755080534	83.71737622715816	0.2666626415550012	55.60042630321314	523.2594887079156	401.0086567416103	36.35955817267015	27.709089689056555	13.325899913084733	34.32972704620333	37.65605887006638	48.42878897418329	62.74160362280896	122.93096428474864	105.16786097577648	53.13081643009173	19.685896014230693	51.591553016320425	310.8276526145966	55.26754749728915	157.04452879155787	32.759390939518504	4.357919183490768	766.0877331269211	68.8202717561022	17.303218580980396	26.97279202372889	18.61403582813585	0.0	23.872885844426403	38.16086089461363	45.16966399754798	53.915495913759656	8.714746984650528	66.09396502366631	9.464618460066372	4.9329065755917645	16.817552570650044
GLYCOLYSIS	glycolysis I (from glucose 6-phosphate)	34572.53578416259	10757.325157026551	36221.54844075904	117.13220945225504	42078.45566796957	30775.310966453555	24018.66348258085	25489.350718986352	29942.25125304347	19743.531560384417	73673.10386153804	12415.26561224082	66202.05177827226	58252.78244085908	64590.32312636852	36555.40600418739	32665.95934734846	18307.412854923463	34054.474626310235	32437.46014673909	54056.12720298058	75605.73553847724	59746.60394312752	64451.08882421907	52560.39214305894	101338.4215211249	4501.4045239287225	15361.818617031826	43288.006161253215	63305.935076633104	37481.69761854806	42725.71317770272	46953.47894006396	43966.18745893159	30727.51959242717	37598.22910997891	29559.12640680209	126.14249198887636	18545.308940822037	38456.8006194336	33571.80204238531	33681.93852602552	50346.13631863286	53752.62462980052	39224.3063137917	49825.56936389756	60855.6632429445
GLYCOLYSIS-E-D	superpathway of glycolysis and Entner-Doudoroff	4578.42168345299	1197.7839495281237	4874.284780956027	67.91984753673361	4337.322266128752	6968.8743919713015	6087.885059765622	5268.345707788096	9394.763282980826	4802.109761471677	62051.71820944232	9923.495701546744	54636.37776260279	48727.81446196132	56673.934065868256	9717.646545699983	8310.192775716117	6777.750237012237	14150.916326433742	10409.400652199049	15285.276093417206	40193.482854997455	32942.235753296656	43862.7724177806	34077.49499720476	55554.03006017079	5170.671167499529	16328.784879341762	26978.54813097732	37549.04514263714	25284.50734066893	28959.13971590557	37916.34259305526	31920.655419779087	11539.72190340421	13711.588659410158	8963.644838778853	7.915210721457429	5819.553004205622	12903.329791668146	11771.74325189621	12075.676136920434	32053.30892522105	35049.94703698556	24869.856179024096	31954.932959491816	38808.983731242006
GLYCOLYSIS-TCA-GLYOX-BYPASS	superpathway of glycolysis, pyruvate dehydrogenase, TCA, and glyoxylate bypass	1872.8394996296647	241.7017603758184	3513.030205138561	0.0	1174.5548247275815	6593.254968557537	18429.61160199505	5416.372607336389	9824.338831919857	15647.684200978889	57060.60706262179	9488.030779853136	54148.8254680456	49058.95638212199	55876.684313924816	20666.30808180731	14724.51495650353	14008.90524749919	15843.99966186306	19081.3237065464	15602.802131994824	40388.41167030533	23695.06172474202	39103.21233203133	24498.04119465889	36934.72542687808	5071.468408326878	16987.095660727726	16699.550655897077	23864.30072452106	14005.37459182672	16361.084878097365	30412.593524587337	19533.254116789365	10572.489611783683	14353.37748742742	13022.504571109785	24.3858671712666	5015.062328820835	14225.632488780277	8169.881984499686	9443.22333121134	22082.07967288982	22116.13518583039	25922.539847500528	33981.25485924934	40881.86041583157
GLYOXYLATE-BYPASS	glyoxylate cycle	731.783124002564	92.12534697871654	1666.065667994368	37.20624265816412	541.9433370669059	3887.822933482193	11775.799802896703	2227.8374766970865	3244.338085896138	10360.752652612118	41302.99847830531	6510.587703944714	41376.8278463527	37403.02457159696	43285.33466899296	13131.174861544978	5861.03640498288	8848.278989093567	7472.557109991394	10147.419306158454	6955.001435315501	21016.835806979503	11977.070376958512	22514.219426905787	13725.71783457652	18431.21107779036	7249.978834375254	17843.984708478605	10560.476089772605	13521.115602845895	9565.783591604915	9361.601341052032	19353.83316526959	11787.30039322104	4563.933716629946	6484.4556768407765	7068.864188429826	8.688442517858233	2118.46613030535	6294.614299284351	3282.005411083107	3916.281896577522	14128.622421761287	14623.673027441146	16769.511852777832	21697.868457248453	26587.354641865288
GOLPDLCAT-PWY	superpathway of glycerol degradation to 1,3-propanediol	105.29890426250697	0.0	71.39501178144312	0.0	0.0	0.0	0.0	4.864674868189807	0.0	3.585055133283374	690.993322196193	189.57965428293696	641.4021566017744	1036.8398042135336	1785.1769271740045	1.7643275959901643	0.0	0.0	0.0	0.0	0.0	1030.1568330253522	453.4031098348124	168.2165271497032	185.5565775636397	402.88841390847904	75.23545865721333	540.0154087078191	327.7341831191927	512.1074834952447	209.5681177669352	572.2412528526412	1934.0797798592	633.3476070609325	24.10441149758235	12.518919176460251	0.0	0.0	0.0	0.0	0.0	0.0	305.71546016678496	713.041416018097	167.35061977515133	343.32725447088086	390.50143184036114
HCAMHPDEG-PWY	3-phenylpropanoate and 3-(3-hydroxyphenyl)propanoate degradation to 2-oxopent-4-enoate	158.36650202857646	8.07272727272727	186.6576248129506	0.0	69.81818181818181	53.46269368295591	6.410185185185185	5.429982466393923	9.471428571428572	24.347629712579323	515.667510059919	0.597494100979946	196.4396554036961	1457.2255448894557	405.4339620688503	32.662861378799114	24.92448979591837	13.214285714285714	34.230617726051925	50.97358934636239	42.71441095006319	94.45318684749016	195.3638800199693	784.50020035778	104.99744946802896	111.01803106043025	67.16615376160905	774.410097927608	289.8899275849943	201.26571502234293	318.25062706512927	780.268985547067	955.1487259058812	268.21420538537944	14.73684210526316	22.4796208697656	8.331871505952552	0.0	19.63636363636364	32.58823031329382	38.53817787418655	44.39999999999999	19.038168788391346	59.60444623802655	20.10185820733128	26.976812319054225	42.57779800430221
HEME-BIOSYNTHESIS-II	heme biosynthesis I (aerobic)	1597.995736257561	391.3146887049517	1563.9637084560388	46.23280983742458	2459.9614862185726	2146.93597220491	10709.89354385526	3592.291045209104	10058.98995668665	9385.841967774702	38742.29232980135	6351.995399478883	40439.29233207848	32966.87110014466	36909.319691780285	11407.79194024938	12612.7664637563	7372.011194601713	9659.376916733934	8378.7751336717	6664.433014579239	22716.4232883226	14361.824294267237	23677.34542142048	14745.129345327854	22332.59760278264	6559.2864485219125	16112.766367271675	15671.490022075586	18677.458353270787	16812.399410572903	14659.277114683277	21041.40200905175	15642.684782264458	5517.19189078471	6588.863649650783	6092.966746522783	24.514327057358702	2809.027332253943	7156.201868685599	5517.715138715434	5775.634865740791	16695.51818078575	17688.941583892083	14211.306884947648	18636.2308716852	22445.13734293911
HEMESYN2-PWY	heme biosynthesis II (anaerobic)	6596.875238997649	2051.924353386598	6543.4338988372765	63.06690824159783	8361.343043912457	7692.562612611499	15232.207067379995	11863.033628681167	16913.447100748283	13279.259126048397	67573.68456102592	10260.17599258131	58339.28151054739	52537.70556491769	60305.95388781917	18932.758416145185	19441.29036504751	10394.982276657463	15989.303888224878	13645.645211822157	27721.367944984253	49547.76271658008	31847.801443121614	42517.04692495039	29952.650283275496	56107.39372166573	7769.75304605462	19098.757360780863	24553.519399789988	33121.45421143165	24149.56697279508	22531.60131088381	31615.238981027574	26403.72743083718	11593.01843682412	13479.370383764342	21561.21387612621	88.39694168079593	7263.307167885223	15325.407874712051	12090.392157936323	12711.526695460465	32315.40010627581	33196.17698723821	27424.647176934912	33471.200914948655	41681.89809321124
HEXITOLDEGSUPER-PWY	superpathway of hexitol degradation (bacteria)	648.5591756886677	40.95924017172557	535.7356586446709	0.0	381.10567258068767	260.7460959829299	242.78859983979785	267.45533549730413	540.5374395127272	274.0479268777125	7406.716720187893	959.0070428726804	5444.719180099131	16308.389390956108	17247.35359485833	459.59614776569816	396.4218073072163	176.96597165132593	370.73419710129696	173.4007234944122	1004.6119414663456	4018.957688133464	3617.189250143184	5037.306854559827	4318.854881929842	5129.492600080421	142.4191340396157	1021.006393572092	2494.436598942189	4388.677825260632	2655.834752627874	3477.64972742551	6658.384785915448	5621.151466173485	553.5421013712249	749.432734854586	99.43894092101962	0.0	104.1946404345404	848.9251096527257	526.5504683614673	798.9834024401588	3340.2975312341987	5298.5401498431165	2865.5148036133646	3707.056988739143	4149.821911777332
HISDEG-PWY	L-histidine degradation I	1103.3438572484229	334.0010213995665	1003.1733769473848	75.12790697674419	1383.9845082502793	2344.3384627462437	4068.702091320949	6779.910258740434	5336.8757954344255	2596.5765430589663	51395.171293528925	7680.554808187258	45576.31916821322	37684.33136765547	39937.62272792056	2692.1211664039392	2148.856012123319	1709.4798611248586	4379.313008106402	2135.967561202902	5028.99051415449	20754.76868753893	18836.864904443475	30237.127606935705	19992.14541781795	32963.693553140314	7488.95075636093	18364.68379921853	25200.81122769975	35177.368543142584	23765.192900453163	26129.5374556053	22742.78431846167	25636.936954116994	8037.93036917066	6727.296054417144	3082.767672836201	14.244186046511626	1857.4663677548904	5209.08644086732	3040.994067957929	2648.4146695448694	26352.28097043553	26754.77602038252	19339.99319531349	23308.24661782201	31277.46536317059
HISTSYN-PWY	L-histidine biosynthesis	28944.014347881523	9190.998700598206	32422.693270931966	87.90809382077364	36808.626098453286	26790.0153748946	19674.79336871408	18439.458176381504	23585.4304096254	16884.288702679325	67176.47703937496	10528.734514718126	58792.704396369016	53416.9409842323	59744.33200207602	29987.670007962643	28097.813235991365	16726.81049785151	31519.627001062883	28198.252419583903	39257.87096254475	56959.13746046227	45528.26057530647	59810.97602138523	44322.73883580185	80337.8825819155	7343.806870444372	18571.44143687046	33562.373528206146	47451.32514932845	31485.34321434812	35472.495812002046	40189.759088828985	37149.17794244688	22695.40472843277	25739.43399125507	18637.262737486068	80.65551044167091	14684.923229483984	31723.437911373865	29272.60935115832	29396.279420033054	38740.960083598606	41397.83588662276	34061.40284163077	43565.01724440359	52591.77508843569
HOMOSER-METSYN-PWY	L-methionine biosynthesis I	1853.8070932670792	513.0974441309561	2938.1751528945283	35.59964412811388	2055.334283862626	2675.942605796806	1283.900391821732	2125.0393395200226	1585.4564123277971	1368.8901386822856	43769.94892608083	5431.940238640758	34227.690598422094	34389.580218208495	43152.38364025144	2049.0042382448987	1459.6765944327497	843.8928874558682	1361.5997566082572	1410.3530058059214	2535.514770381724	12789.295075882346	11302.220766319622	20162.150051310327	12293.809870374942	16491.66264727035	4395.484591818489	13078.25729187393	14644.543091804457	23596.836355881864	12925.08057461408	16471.400538946782	24640.94282229047	17315.28953060757	2100.922713345985	2352.40604336906	3463.1611593645644	0.0	939.7658640064976	1601.299967009322	1155.5030306367237	1627.6498179495209	9805.8188980982	12510.482117268784	7742.269603841016	8964.560679611697	12200.74024922796
HSERMETANA-PWY	L-methionine biosynthesis III	21125.869589352093	6791.448393775439	21559.14284083993	39.05639852366666	24424.540567026383	18282.602207196687	14529.12208088729	7617.728562327932	14384.065376266048	13088.740751218116	54987.08793151559	8838.01909101699	52142.38813574629	42862.18021293975	51013.32015593189	23545.47165333756	20355.199205095894	13868.35016682318	25756.586229977576	23804.66627591654	25355.43746875347	39312.85436566407	29657.9444354104	36563.66676275142	25759.095619009637	44007.18422850181	7210.987606275248	17740.161996137467	16599.653303619	24142.2179197077	15002.822694340795	18502.609639168222	28841.41686310869	22819.91851364888	11139.07267003661	13833.0575877206	13010.690848153676	67.99702380952381	11218.065743395704	22232.907996244223	23315.433495094163	23689.933224811837	24685.36042775977	26254.235212733147	22123.167451638525	28539.833699249088	35253.959299332186
ILEUSYN-PWY	L-isoleucine biosynthesis I (from threonine)	46097.14824829117	14843.1517831252	47265.00118947474	132.00459526978975	55753.99832591244	41102.81857904494	26735.21040440124	28582.640642282087	33678.10981713615	22730.75508686114	115394.41241740668	17700.71637555935	112799.9428565388	83633.5638493063	95356.44879844216	44695.28875243093	38941.56995774576	23735.35690629506	48059.1663405517	42114.62772918507	66616.71131696232	98037.20066147626	74293.42419053332	90446.19538133575	68992.00088744392	124072.3682522586	9975.718775989477	25967.472427806053	50870.99127567101	72155.8761501651	48684.74825118757	54105.58102046939	64288.39786679399	58892.52832456933	35220.538188547864	42669.94486975232	34942.26063002481	146.2168570812675	23447.488760289427	47972.42169894293	45446.39974423115	45415.8394869222	61638.02132011628	66720.50464251495	54169.58179859286	69226.16879120357	85607.42908013478
KDO-NAGLIPASYN-PWY	superpathway of (Kdo)2-lipid A biosynthesis	864.1233440456399	58.380622896219954	726.5579076684832	0.0	498.65229723446976	401.4590134177197	36.74583743622338	29.55998996568869	51.90588338956569	150.05406724084887	1140.0555496541715	450.4226895134898	1248.1024561368818	611.7151040578941	134.57846153454904	217.05193372493477	140.96534073947407	79.65237392423491	204.87040677119532	190.7688405108069	264.0128093491767	85.48728635266053	394.32580928630944	122.06100698062154	395.9511228531866	87.90409090029709	255.72852211718404	1562.149199730077	8.39701128985484	19.584374155937432	28.766843735423627	17.58276120158423	3409.617675326813	40.32230887514898	79.76156912282767	155.32257567447604	1683.8265338481538	0.0	142.55124983912663	228.0550590890773	269.3925205442251	321.5980672935952	240.514089193169	289.1727497921023	207.5384912012821	212.54693957350605	177.7873113260389
KETOGLUCONMET-PWY	ketogluconate metabolism	0.0	0.0	24.33126471217633	0.0	0.0	20.76907426246185	21.920875420875426	9.216300940438872	27.2	9.320652173913045	2173.241330983668	186.64178931510023	4592.055898334141	2092.522918603842	1913.9211368442932	24.81818181818182	0.0	0.0	0.0	0.0	11.51935914552737	1142.0188548437882	718.8287725892428	705.5566698649217	626.7888354906981	724.6533733562037	38.86630498987399	1450.6236202167274	238.0776259687439	551.5466455127681	241.1352516092741	308.5300026688017	538.5648358120063	398.2873822186859	25.34711204709228	49.25953378009908	151.65660217217044	0.0	0.0	0.0	0.0	0.0	587.3371730015392	799.8506443692271	988.166048917882	1231.3705301922114	1686.3747665046303
LACTOSECAT-PWY	lactose and galactose degradation I	0.0	0.0	0.0	0.0	0.0	0.0	0.0	0.0	0.0	0.0	0.0	0.0	0.0	0.0	880.2690438728099	0.0	0.0	0.0	0.0	0.0	0.0	52.83824614414944	0.0	11.96142025166656	74.02747530781488	17.948250426009185	0.0	0.0	0.0	13.91911926735771	0.0	0.0	0.0	0.0	0.0	0.0	0.0	0.0	0.0	0.0	0.0	0.0	0.0	0.0	0.0	0.0	0.0
LEU-DEG2-PWY	L-leucine degradation I	903.105486693732	226.60397135529652	1223.8124665389116	23.36165424569071	1054.9474215775135	2370.1720436816177	8476.860795095985	5429.712311644948	4888.962062710976	5111.187664728085	54324.656683446505	7288.518391945678	47942.27606876434	32724.09924400043	44443.23533240115	4921.886263885284	3352.9760895229706	4329.407547808299	4053.093208388891	4940.950984897958	5176.019098539929	23446.74050233431	14122.86440371217	18380.01578842452	14096.171891254096	22792.87370560843	7857.396574580685	19855.61550642053	16489.635088949828	19519.5801603131	16972.70941075667	13167.319336195556	14288.83376075117	14392.148629523086	6127.516184549722	7529.835195671563	5425.152324661559	13.94899769715731	1713.4187894129316	4573.985720854847	2612.1999984416307	2504.974157227522	18724.18526415276	19145.19111452515	15444.307776775591	20121.313106471523	25024.681195382727
LIPASYN-PWY	phospholipases	55.05806408500265	0.0	92.227945232378	0.0	0.0	0.0	0.0	0.0	0.0	0.0	263.7943793144823	0.0	286.3456961097342	453.5238814700155	666.5561408304602	29.576732231912835	0.0	0.0	0.0	0.0	0.0	17.43324135922578	88.41548697073037	291.73466708718183	208.01820262238616	125.78845773762718	0.0	34.72463810188422	129.3760914267623	164.38313058252865	109.84822700488878	201.8780478097176	203.9793490170215	134.89740478257147	0.0	0.0	0.0	0.0	0.0	8.977202927291554	0.0	16.0737861136705	20.92313559608386	17.276768834124212	0.0	44.5004684817543	49.55329226447729
LPSSYN-PWY	superpathway of lipopolysaccharide biosynthesis	450.6680970637461	38.8708009498335	450.133003561606	0.0	332.0963329664319	257.4622547583753	24.51059319100331	19.71418729714723	34.625643319993884	89.62562909631033	0.0	2.128083882940537	0.0	0.0	0.0	144.99319086359642	94.12389582484468	53.17854507979908	136.73560411572896	127.40837646215044	176.24483802015146	57.01642675409818	85.36088056118298	45.87769020635519	79.3075561508857	58.62292593712166	0.0	0.0	5.070607300014389	9.645482366913376	13.158952871021754	9.177938610618028	15.922509113790472	7.715363326684208	53.21351335505681	103.67283979968954	58.62837714178967	0.0	95.17197825159478	152.2774095459537	179.67268798872354	214.7825163635487	52.25529633454487	82.69536281807214	63.98979817066728	36.09916836810805	56.48869996600308
MET-SAM-PWY	superpathway of S-adenosyl-L-methionine biosynthesis	3043.958824816234	863.1947513690333	4894.49664554545	53.043546070412624	3407.274297457521	4524.039220332983	2707.323520224612	3365.820836993626	2569.450713275681	2246.3172746020045	52704.14408792948	7164.545661685629	44101.58682440661	41796.83028260032	51419.27500545004	3451.8441133549936	2418.121634740253	1405.3483991504004	2213.5981535743754	2321.2005851267304	4347.827084145121	22173.40925072828	17458.419109479648	28899.850361460227	18749.0555782281	26215.33965431604	5756.486741123725	15470.373756639105	19639.581716007266	29849.11576897557	17823.671024652234	21565.63399566445	31120.454271427825	23072.742056734616	3586.0079513194646	4011.4412286896218	6036.927296826308	0.0	1519.4137304481728	2605.2682636417976	1848.9496804256603	2677.7142008298283	15112.096846225057	19288.931237637167	12464.292414324582	15100.594130968611	19904.25048191625
METH-ACETATE-PWY	methanogenesis from acetate	12407.491731155882	4216.745933616799	13252.55788778365	51.63328332156013	15780.527893691537	11127.801293660925	4892.084524131791	9562.90736397655	7783.298817409726	3189.889962912493	6883.252398066608	1878.4629029894268	7030.907492112934	5231.350621881332	8022.892988981181	10124.620087207995	7257.665923803617	3561.263977692809	8974.05139076521	8519.603614746211	14937.957996760371	21375.646199839317	21669.255489959087	16582.22102933621	16289.516808097487	31832.661828728666	180.96365749152736	28.733130645932395	24354.59275236311	42614.01427006059	16494.969143403487	20045.47350588623	17699.351957398358	16275.911394263465	12907.872197649398	14277.475775670771	9963.7132909738	12.956951305575158	4992.325439526187	10798.3307823406	10048.79429125654	9191.687897452988	18659.75866069241	20171.216181026783	11003.88194582684	13583.95839849682	16939.061693688313
METHANOGENESIS-PWY	methanogenesis from H2 and CO2	456.844839198588	96.38546090478404	724.6863216046308	0.0	622.7288278162669	375.014385074833	26.13631545125231	46.30593515020871	121.33495805052912	65.2842207912533	579.433011628907	102.24088231565518	482.2584545590153	1052.7566170634032	954.7935723773404	279.6772848785547	369.47370509705496	150.09315850632305	712.7275889923102	438.43903486836695	1128.7714086724247	519.8613549626491	608.1209304732084	359.2136135920679	250.910723115745	829.3161843641459	0.0	0.0	919.2210778171782	1734.3413474072609	731.4019933066307	772.5187847705349	1109.916571549846	1014.0926462808382	368.4396458124264	214.18866123264985	58.485990654655616	0.0	396.3563283085567	636.133384421712	681.7899041462389	857.0107228971203	165.4262245152954	149.40726293164636	48.87274735148675	87.92206804710084	237.0618649189786
METHGLYUT-PWY	superpathway of methylglyoxal degradation	104.0625089486071	12.256376386560667	136.27352058556224	0.0	105.397631232472	77.20283462871225	7.66475120513866	6.164441589814995	10.829204993667013	23.146926696489043	54.2325720095609	0.4913643204759815	10.812635635758582	19.80090964045325	85.4718854072733	45.44160206577008	34.67644955302473	16.6545741499601	42.93823673561637	47.060672798993	58.16768311146748	25.686790201109964	20.81729468304551	59.698037139546	16.36916749896269	32.32358706961583	770.9338554998875	1832.9008736608184	27.12341195253051	87.9701744385104	35.50324836694578	5.375998638572408	22.27113657745158	78.5100749595777	18.0434833805754	35.598228500972844	13.750171674874686	0.0	29.91620571548523	47.74108552142163	56.67603750862195	67.60487432333896	9.16445328873808	53.31521679000151	11.828867869374632	6.165782711350402	12.730995109716616
METHYLGALLATE-DEGRADATION-PWY	methylgallate degradation	0.0	0.0	0.0	0.0	3.749857906032565	13.74799527295303	0.0	34.47170902144146	37.269492965950114	0.0	4814.04956284115	405.12224581820846	5164.893860618073	2417.3433699435627	3414.6929911738657	17.429748362684713	19.881725224694524	0.0	6.24931746026199	11.997169369034667	4.999722027023421	1424.4054007262323	1207.0112502727611	1305.8337493474953	1413.4540299274954	1887.8500304662048	409.2983153064671	1234.2787315635796	577.8967969155102	1495.5933445301262	362.4246921331563	934.0099677371976	666.8041100376238	685.0484603989721	0.0	18.30905446026333	122.62380019581502	0.0	0.0	12.860705912228555	8.748801261014698	2.499895608805272	696.8464205634187	706.5205635359397	1742.1605855534792	2589.6965917465127	3683.412084281838
NAD-BIOSYNTHESIS-II	NAD salvage pathway II	1262.1445628514598	313.52028391657785	1498.4248096526812	0.0	1253.193304785177	1202.5902682920766	57.8293311656955	179.0663212214412	173.37696830255308	152.21109634356245	2786.9334636860267	662.4891041861258	2090.636269289963	2333.705746307214	3553.7746893850463	648.6468063675773	631.7042941174194	240.9655250613508	965.5089702319128	836.8128744153582	2168.605324290706	3445.267404009297	2351.950739221683	1617.9742735895838	1894.102308428498	3952.5735268248704	303.06634973218866	2093.1339547636867	217.17678017332645	472.494049489577	136.4347398716997	144.8475965205151	1712.8279134489076	138.65927346195377	174.1250361654338	201.06569426617045	142.68427328937838	0.0	666.9598915843454	934.8482379880136	1091.9183846734334	1539.561078557682	419.7159677516148	387.3317664911206	206.82608046261512	390.5228476336619	627.0331356572988
NADSYN-PWY	NAD biosynthesis II (from tryptophan)	60.26239490355624	0.0	48.42663494777594	0.0	69.57705500393466	136.4495001278681	15.302467870582886	145.89998562573732	119.56608283464124	51.16869729163772	16493.85208047109	2148.957221045845	11360.69423083642	14509.584592888476	20182.02606226332	75.10050208240568	162.67035828537698	0.0	55.15772213242608	80.92054968578235	105.76568653119466	3172.789039104427	2537.1212750935997	4808.003284108045	2031.846420090153	1885.152132354047	247.66023847081527	1694.6325121145362	2073.030974243355	4309.89423701311	854.1223667576127	856.5035991173814	2798.6979165376624	1472.6644139340422	260.42048611243047	362.4497584338777	177.23154834562536	0.0	15.294262653325976	197.16242579565517	38.1110936801032	57.6189249990778	2675.851611767974	2140.696279777226	1150.8123839337247	1763.727714056228	2561.2201099967465
NAGLIPASYN-PWY	lipid IVA biosynthesis	26413.07797637669	7834.423668945188	26424.41893241142	80.47823596792671	31522.937782026067	22822.465926876896	21502.135326516945	19668.649376029334	24925.685799851824	17044.287606426533	38339.06545688334	7945.690528437138	44348.48713226676	26137.85542838702	33057.22537132661	31652.17578149194	27947.52235299215	16655.05391010637	32331.60783537372	28697.638456245742	45671.31396050803	56130.00212772947	41449.50864084547	36837.44401119233	33986.27215202361	70788.28745674972	6647.064250086439	15684.246332613346	19363.01887796848	20364.25435496133	20447.117451587117	14559.638837592162	18444.746628823526	17529.74934018753	24292.993979500134	29352.019099673707	24826.57563057399	121.19771112865034	16386.44039968576	34412.78145369371	30557.9949384723	30844.88238018302	33093.87540261582	34612.85523949584	30011.807076542096	37548.775191028784	44956.37508551168
NONMEVIPP-PWY	methylerythritol phosphate pathway I	33210.50132933321	10447.468055800911	34252.31581651489	100.92599027102152	40221.43429085548	29152.495065290448	21045.042353206645	21561.36076750804	26861.678324585333	17965.13432158869	70107.32081637665	10910.376700926432	58721.2102576305	49820.53881144868	57741.74413674399	34303.20946863562	30177.84869435351	17878.303710894204	35263.14680165406	31825.361743305773	49724.56423058546	62411.62905621684	48107.726878702335	41705.05676416336	39150.01502162136	79658.21031120441	6787.8492627188025	17145.177574954236	34285.160257446194	46844.17666130146	32012.11450578876	36704.12114013165	40824.600647059095	37805.35520142703	26716.98435416192	32103.856049228358	26114.233623156568	113.7856376782115	17939.988204988265	37403.65516086104	34063.837412986686	34167.12889202125	42502.814996440495	45985.51988594889	35870.11295676483	45017.79315063739	54956.526846912566
NONOXIPENT-PWY	pentose phosphate pathway (non-oxidative branch)	43064.41115148274	13173.214656626364	44910.01795748972	136.44717649510315	52159.99193100845	38085.60814569179	26009.207292085484	28344.105296610043	36660.23792673923	22435.325885212376	91553.7860854288	15890.337670323066	83296.55507538146	68783.50004395055	75590.65374423676	41048.14701596327	35635.38214464303	21333.2555152988	44837.39883494669	39867.5765516402	62855.30968552677	84925.64574837922	67482.25428847437	73759.5002354018	59347.29933178755	115648.22091641514	8973.80769976528	27339.94384931013	45631.40145054257	64538.93338681038	42763.6280544231	50877.90327358407	56117.4398498811	54502.69091461608	32045.33287870828	38252.68261282958	32010.819985717157	146.8503048969413	23040.992331017296	46753.00578776936	43710.12899769565	44413.71885876904	59035.481064958825	62989.13358819113	48432.41994265874	60861.54163573346	74930.08981640486
OANTIGEN-PWY	O-antigen building blocks biosynthesis (E. coli)	30724.69963701572	9492.883014085655	32617.72559049332	90.77711759128204	37801.19421222868	27567.25695023913	21675.537112769885	21990.271386483662	28446.71800235734	18153.112945663303	71070.89812480508	10993.984633378304	61345.84024489845	51759.54523287383	59681.22904450582	33290.36135318464	29824.612460946748	17404.85213984667	33793.21767223334	30214.9892316506	49387.065945893904	65652.03487542493	50435.53589943755	53900.81223764455	43764.86410264404	86438.16672778029	7676.549383922946	18712.84561779226	32529.303471641404	43802.5211493005	29547.14183080051	33436.754458602845	39306.99647290699	36933.23140777877	26165.050277576374	30863.055223677115	26171.117498859345	114.999791787244	17251.063999014503	35767.82867041373	32102.060562077502	32522.32351450373	41505.56051080275	43536.8917897611	35137.97461418454	44275.49818821151	54549.25257402484
ORNARGDEG-PWY	superpathway of L-arginine and L-ornithine degradation	213.5171985912289	17.12559841338941	231.74822932221943	0.0	146.67823414465235	104.57696325346498	12.406107115044332	14.669450571522344	17.781840361783615	35.061267211495434	262.0031048736768	0.9298675032953474	0.0	182.52981123763905	133.3019612090341	63.31583610867511	41.1058586364143	23.211764409099874	59.9016835483402	55.61442670565835	79.23006190486313	39.99682992938613	171.37490409426138	31.018284233497376	74.37986444195265	97.03276866707522	185.08433220651744	1565.975939129643	3.2110994528580483	8.877675555748667	11.389887799552652	6.150737369076785	1154.060887152537	27.160562819576352	24.232127327865243	45.36809954856432	25.62304176637953	0.0	41.7215857803434	68.8663089456788	78.99033262595805	94.14129400886296	21.97600265563581	105.78534435540676	19.56390395306505	11.829283259116654	20.16687486606416
ORNDEG-PWY	superpathway of ornithine degradation	171.53024282560708	14.367456556082145	237.5806791146997	0.0	121.2797374897457	87.98988929486828	48.769459582198	121.4381029309947	109.20000000000002	49.49535990481856	0.0	434.17984678845016	0.0	2758.5134283706907	0.0	53.01915367483296	34.94811769796625	19.863341305090536	51.39674804195485	47.339638865004304	76.88726127190392	712.5158426782747	629.0736368790444	862.5556311180832	609.4300241727099	603.408636009353	6827.770603825975	13673.128751600962	564.6422028115851	1512.3593421035166	582.721713651751	626.6117527976156	1428.81166689889	1009.901056740058	25.779661016949152	38.09139784946237	635.5057113318849	0.0	35.58193548387097	70.58160277403198	67.62968757663445	80.39197346802165	369.8765384799579	596.1016549744577	178.28139666650927	357.42247404039426	701.5387856775072
P101-PWY	ectoine biosynthesis	149.7584306515981	0.0	459.6542352498855	0.0	0.0	37.000745705954586	375.2849600090168	4.869728491393737	38.279453150124446	96.34406777015306	2541.6658119658264	129.130224958075	6015.182684287387	3875.0019980398574	2892.230110047697	191.0581346747577	157.68586615437485	0.0	10.71306038262376	0.0	96.2992034170028	1640.5826585734255	847.2037856922954	838.3136356565932	451.26759650706646	711.8800513169703	652.4490329226267	2695.5807948487795	767.0559669455292	997.3560652534204	849.8932883407745	1564.801036078743	885.9722533326704	1015.927057120362	22.45139151155832	13.267211856952825	405.6912006596659	0.0	115.19465459610088	31.48987964855496	0.0	0.0	293.26348500067905	328.2903728235585	271.6462520003293	454.13451858616	662.2344941863898
P105-PWY	TCA cycle IV (2-oxoglutarate decarboxylase)	3760.640794965088	531.7983194973934	6356.106104117122	0.0	2376.2662488836363	9391.470892053328	21570.571372579685	9876.66796019652	13186.54788698444	18389.92173800305	76633.95663119158	12428.080150820171	70384.83955161988	61552.21734643664	69625.77780374556	28745.99307790696	18756.384644902195	16295.98682799918	23107.55800393772	23529.715996505765	25938.1594293116	55964.64419936232	34758.272884133024	50573.30486432031	33770.93593510972	55811.99273269368	4257.286814628502	15953.700769229694	22634.95291240522	31600.526857660934	19745.82300395476	21519.085553930523	36254.77379190167	25415.989715634216	16734.31479784293	22044.05555980292	20341.689356787385	46.572771418082574	8457.758062293447	21966.04822465124	14129.76703539311	15414.770011444396	30654.4901342804	30845.339807216125	33375.62792212495	43232.61635781886	52204.11846303445
P108-PWY	pyruvate fermentation to propanoate I	25079.83873961518	9062.77544607316	22270.820957661548	111.78241864642403	29967.143448203016	23265.24961328915	14154.970638916006	23150.247719057348	20154.222463844	11190.864013882849	73458.46305566991	12614.265140762407	63283.89650300056	57921.09296130168	56643.33692509659	22674.56748962197	19230.48569831461	9818.48646761852	25485.20620952019	18624.49452315458	43940.12192726885	67944.93709537252	55195.00839409008	61626.14958024033	50074.2563982244	94779.75326679127	795.6984018485925	4253.0853536010845	34560.845506179685	39688.56785888777	34452.46112816934	31307.688208274936	35160.13539912712	34792.47646984931	25662.801056359247	29412.405341307407	26232.24663624666	123.40177133809932	12028.582411136236	24176.843653912198	22909.57965237379	20818.096549635306	51372.34439807872	52516.62104448368	38200.35847606698	46034.072476614514	59650.46413604803
P122-PWY	heterolactic fermentation	1348.1917952222434	206.9492225843832	1141.5275645001138	0.0	878.0636138412813	985.1969620356128	1784.4926076861664	2430.6364872710287	4104.892771877402	1979.843020228982	27698.63982006454	3302.510107022639	22101.44662415017	15284.194170671892	17711.15845096931	1748.757601647657	1278.734299988876	781.6527419300489	1207.2743334189645	934.0177103814402	1995.4879439968504	5588.69127903489	5190.383595744012	9383.912374748948	7191.860568346076	7751.4265713890945	922.9637779966588	4603.642450504691	5558.083779811718	8687.06951020076	5193.263877713195	6404.636787839871	13320.590738019431	7369.879677582348	2158.1661397487987	2279.550721157464	2052.470338652092	0.0	1042.1793160809532	2444.562701615084	1199.8224918540418	1483.274545595563	3078.272077191996	3669.936966954111	2637.87669307097	3516.71122375992	4380.870301463232
P124-PWY	Bifidobacterium shunt	6488.987623625067	1421.0232969755211	7469.277984712854	0.0	7129.1660330572495	5022.044463254945	3606.958020730762	4724.964331429282	14696.566804492506	3729.7031547512743	30923.675950001	3833.602950522815	24722.4545551337	17116.3576755616	19359.075484785328	5254.7832390231415	16719.08945906275	2871.377357597118	6136.214302095299	5439.937985183602	3486.719880246314	6622.967052278631	6191.66682161976	10785.912145245951	8388.779555722342	9123.750825451869	3086.094407540955	6394.703039102294	6479.845664415673	11482.937595392168	6015.535531399849	7429.87845142361	22371.298165980643	8467.828841408456	2638.610903737051	2755.0318078859186	2513.5831613942514	0.0	3849.835073615568	6901.862951414734	6499.125799043738	7443.517590654856	3607.566984473749	4281.607500343772	3119.7637292163668	4152.612672146458	5188.338001289141
P125-PWY	superpathway of (R,R)-butanediol biosynthesis	116.372993850138	0.0	337.5716014466176	0.0	0.0	684.1572057695091	299.71304914741165	122.9498023048934	149.3370557169746	167.2960943326042	9505.223639256888	697.8781759446001	7163.142797369749	7769.868845114631	9970.846475082082	154.15467986898017	136.75642298640523	0.0	8.674559804869093	11.333067867154332	36.08016282972424	1496.7698057603147	1779.3910624405628	1577.4835404722587	1409.0083741845096	1569.0048167704556	4193.184120787624	5748.117397022184	2466.6195029791024	4490.10072281803	3664.8253684136193	7177.96744548314	6028.456363148498	9957.202853493322	493.1927102347061	390.9061854939754	779.0965981178027	0.0	97.16288229370566	43.76476898243364	12.906984603881265	0.0	1140.9727753820991	1717.21830126744	528.0966187710576	731.8567995635703	1175.0354039576
P161-PWY	acetylene degradation	941.5416515047128	78.17108818506227	878.8584565172769	15.0	542.4846043913328	522.5014310202296	770.0155269261824	3198.8148647502526	1940.0237110948049	1786.6879397988698	36455.98691405996	4291.06935444436	23735.45397614976	27951.67062328537	27807.966645931738	650.5708783436047	401.4181842712118	294.78976661114086	423.9043092344059	376.71486397140006	988.2755147471552	8803.485794706594	10818.989019969693	10500.775565924218	8401.026769787544	13590.999839810213	2097.0570291390286	5892.709442697401	21062.253314126723	41526.2669379152	16844.168495859292	30741.499175956706	35274.8012859013	32645.47502750328	3675.946411791135	4913.867399855367	2014.6372670974904	0.0	410.9316339701299	1001.8740240391523	419.6775391571768	538.3024754621397	7710.972314968782	8670.290594702365	3619.222859723037	4846.193090063255	5487.975468593885
P162-PWY	L-glutamate degradation V (via hydroxyglutarate)	1053.777357200498	93.72675311639932	778.7563923277497	11.094190190643207	655.7094067273899	1205.9488827852863	1067.5704633660605	2449.058190571779	1775.8228656020592	755.7573611416243	3104.088476600789	958.618144755858	4020.682425394372	2714.3475137548007	2843.689859905532	1401.8668343959214	1335.1854639915014	628.4249681341288	1996.017475220783	1214.3393205604038	1484.607983206314	5964.000434154659	7546.229783710549	6743.5838985763485	6138.784052968543	9934.800486553497	1.3189035295537144	0.0	11093.330705555529	16480.82502784773	7910.15869222126	7997.460874946261	6588.417041356769	6756.800831253954	4467.346568007403	3009.24703084371	2636.7274147311205	4.175917295144479	1353.5839194960577	2752.736164107901	2175.282031009373	1359.7163890949234	8486.902426491204	9456.314488938917	3487.354981625535	4575.778439986984	5830.507060172773
P163-PWY	L-lysine fermentation to acetate and butanoate	54.595532258192335	0.0	46.76464950762085	43.007034816572144	0.0	15.126147403130783	123.56255660774774	226.90272985567708	157.2258930328767	124.51103872450511	22875.10263867324	1821.777231529495	9335.77878317767	10075.3613345113	11868.056512362182	51.8254828657165	51.76009355867412	30.689389406218712	66.75128999621913	27.39711485506524	209.76672195850855	1709.6407428395787	1813.8829862288944	1672.6945210430652	2156.648895359352	1610.55176234923	47.34134198289121	645.2807456814309	9238.501992637835	9605.454541775354	9545.531198169923	16253.081279597363	11339.76846343026	11785.45475009842	678.6196425478828	622.2094280624524	234.495587056426	0.0	35.2600468042203	143.89006770627364	39.33408560988791	98.3962868919474	6971.426061180783	8222.709333599685	8681.736505376892	10345.981707764457	14605.82803297911
P164-PWY	purine nucleobases degradation I (anaerobic)	2948.2380613177497	655.4042853422926	2854.362047452244	68.00281462778617	3045.442394329951	4333.3772270835625	4581.866642395067	6311.31353135107	5991.162320125708	2853.7175994394297	49353.48219716085	7852.936044092851	42325.67438574306	30514.585037600747	30329.24835800188	5593.25419120425	4397.918133882356	2916.874545707465	6553.553715273548	4578.791002076099	7000.859491622829	29878.44535768464	19481.44174711116	32884.794572365674	23612.934731818747	33556.93603649674	0.0	151.51194009490456	24172.64381245133	31227.215328478986	21346.76118814566	25853.73886523967	22907.30784752213	22199.664856121897	8370.88897425955	7202.950457658497	7004.491340193064	0.0	2860.2735516091507	6598.530540531831	5081.292783999099	4973.796926745178	19064.506145897438	23836.745521772496	18739.228342161878	23775.076161384084	29753.802691195186
P184-PWY	protocatechuate degradation I (meta-cleavage pathway)	0.0	0.0	0.0	0.0	3.937388099940624	0.0	0.0	30.57268370605258	37.74805171328728	0.0	3836.3570006063815	314.17321038292914	4107.928663217127	2038.9487378481333	2937.914733411567	16.849714636628914	0.0	0.0	6.561962485281312	12.273458169848684	5.249781093238436	1220.8742930479957	1119.1787287681957	1162.1393532961868	1306.2040366062563	1673.7237014262523	94.7687096949082	1230.8563680009786	313.36382759452823	946.9570664995456	297.6430029692953	502.93261702232496	416.5598562913908	375.0042958107091	0.0	0.0	126.84023554910272	0.0	0.0	0.0	9.186555960716028	2.545377243325891	676.5201614203002	684.3776761401465	1793.104719799076	2648.7290811878897	3745.406816989245
P221-PWY	octane oxidation	292.82684948219463	0.0	423.8308417865974	0.0	25.977907944741965	1755.143811513953	803.1272020609402	793.9817543003287	8241.449358713671	727.1305832254195	23304.100261203952	1623.6441926557195	12366.359604067606	10576.37718996517	11700.737896259729	328.12543098480967	273.14977972844383	57.89324699095763	135.68636109626524	38.96476307664905	765.1089768055916	3284.7695494220147	2882.8972450372275	2490.0866070308625	1948.6013997186776	7298.257968923828	9730.465413840137	21803.04486716212	3565.884167704632	5632.582712091118	3080.9960745117187	5612.197860074707	3664.250658528713	4682.849057448129	65.92563282232712	374.197178513524	1657.689147569295	2.960723234754264	180.643854678944	2678.3386045254333	27.98253245663016	169.31058011168028	2086.010927931709	1838.1495889883129	2496.0035578045995	3656.5061802012897	5054.183028730724
P23-PWY	reductive TCA cycle I	9992.540444976616	2714.5355617379573	11797.859288961032	53.43030669479147	11215.078346758435	11919.637265271867	21721.27597856103	15244.199213011774	24246.693753196207	17576.779064694456	77984.69745986332	13032.60065701932	69939.36193735145	60486.73761304799	69511.3526638587	22513.92542398901	28282.147287521748	17191.534034987573	27276.735712125057	24462.75380462253	23894.250029306942	59934.63655907005	45362.78443613641	55368.84053311977	38290.12185961614	66658.01971610764	930.9639856423686	3830.0941320028032	30284.62799130014	38237.52336720216	34064.673876383764	32000.770785721685	39795.9711239198	38512.23892525538	15073.287337696367	15631.231138122625	17666.675937136195	67.05893557108053	9895.39064212676	21275.716450611308	19652.752260809557	20545.59474770288	33779.12638856289	35598.88572618131	30984.46272344958	40287.391950147525	49043.077564507126
P241-PWY	coenzyme B biosynthesis	89.06787405090844	0.0	162.22127711600933	0.0	187.49997143248504	113.451732623341	0.0	46.669249156084746	81.4823393528321	14.72042474757428	136.08502546735983	15.123086389919848	268.3671706853539	233.11056590646064	150.33664057892028	62.7139498630289	22.711695209567434	19.18895935428077	52.58669969512194	23.345276789903508	241.1500608410011	729.4820795768311	419.00935012503777	192.84796081622903	293.10330004813375	1011.1360709863156	0.0	0.0	89.55576200917116	197.85020399321616	162.75353265498546	118.5688943059411	120.88190825207002	211.18857586304557	29.58805635606788	49.4705459729233	18.986617830810467	0.0	45.03351735015773	81.53795233294527	83.60068612265432	148.53217512927455	54.15319756100327	43.308223050629564	19.99244792405588	27.692470590231583	65.23761958145123
P261-PWY	coenzyme M biosynthesis I	54.38284723260047	5.744241461477363	92.46095103236507	0.0	76.43060017410117	49.77441023297729	5.5273268262281245	26.44791505459548	64.62055438897397	33.78373350328562	912.6401080047737	196.4737572987813	316.6084823872419	291.3701677734797	401.4051864793771	106.16299380524433	123.14852490122009	0.0	69.72802314047728	50.83386215452842	150.29871000637445	679.3773160855519	486.3310026646846	229.8533458521647	269.9213751686158	795.3953121800629	0.0	0.0	71.62277599355572	73.72825788217186	107.02489941189344	84.27291162588871	88.88028195634526	77.8604170298481	54.17174498273575	89.9491770402282	37.03544938687445	0.0	3.961191121201048	239.3809911375645	76.3214716586474	152.50541542276676	118.18743854378322	89.08269830376062	77.01948854459728	106.26900227956943	225.6948281556214
P281-PWY	3-phenylpropanoate degradation	54.95967662559427	0.0	73.00514378697845	0.0	10.918759231905469	11.552065619102349	20.66083152859992	83.02616297372082	132.9284762327854	0.0	5176.815405361849	619.8862522658867	6191.295195164674	3819.041458972236	4170.880044404483	48.93701888565877	76.98897545652282	0.0	23.313226128957893	23.92561656059388	7.949745064308371	2762.4398686647446	1228.7257984057806	2521.8153501080005	1659.2223294705066	1980.5328000548477	82.10837016747367	1574.849646346763	410.239094162004	914.4081262191684	525.323301127123	403.47408438356354	1535.4086560581918	725.2580482387463	9.920502750945984	0.0	155.2669113103073	0.0	0.0	45.29721984772153	13.090740346874457	0.0	941.3919908330312	1201.4307890053497	2224.074124385421	3264.913241513993	4595.100298503092
P341-PWY	glycolysis V (Pyrococcus)	0.0	0.0	0.0	0.0	7.499258728214765	7.498988125248574	0.0	0.0	0.0	0.0	13.348662221116928	0.0	68.31210586453285	69.10362771066897	150.65052877759967	0.0	0.0	0.0	0.0	0.0	7.499383190468022	0.0	9.999030778805045	39.98664381112664	12.498334771509713	0.0	27.43374688848064	193.71317341835052	32.48435694419571	82.42686816392312	62.44009765747892	154.67563574083266	4447.433418877011	164.662715624406	0.0	4.999560110061977	0.0	0.0	0.0	0.0	0.0	0.0	37.48373040286794	24.99324020595868	0.0	47.47530569214341	49.97743781609318
P381-PWY	adenosylcobalamin biosynthesis II (late cobalt incorporation)	200.81100420038183	0.0	220.40232731716617	0.0	0.0	174.83785529181606	93.41688889569338	183.60518942778305	116.04851754063974	91.67604960388306	10711.16744219952	1446.152652129095	13283.4206073008	7109.290200707075	8046.674316547615	51.20021084130539	126.38846729382036	0.0	42.96764432172995	41.59755592081066	128.23246255986734	1975.2543883446472	2644.727982763574	3498.5840222519537	3138.524265949485	2057.7528738229225	378.1675489957524	1570.1218819419175	6708.545562157817	11895.109071356486	6049.358615928682	10099.08760734109	7662.609859399068	9085.16870695642	1348.64700303914	198.27261842671803	840.686301669767	0.0	44.17223842277566	109.0839220819088	150.5537000936594	0.0	2452.110094276117	3009.6096988487293	1579.6771995001257	2177.6757327108853	3029.416974393033
P4-PWY	superpathway of L-lysine, L-threonine and L-methionine biosynthesis I	4167.984475515581	968.3272994971636	5633.149461889672	67.2880021656692	5607.095949658916	7014.890422773492	5200.148629552066	6365.520081280989	6326.463410600281	5273.154615008681	65169.45471857182	9344.012434617563	54745.21404376795	47321.14095021305	56636.56021248951	8015.505183402768	6113.172814925501	3574.000654486499	5822.037640987801	5835.874920725672	9057.449354439925	31552.969276596425	25261.8722534697	36612.81819829806	25503.12880991752	38449.43018875888	5964.564179455614	18111.499402084613	25347.826221652867	37908.42446051598	22395.50176309129	28616.157758957896	35717.28588124337	29808.129669340367	7123.832219034785	8171.116937323636	9293.768027111291	0.0	3440.9305383869523	6357.42911638294	4810.540604354805	6250.473003825759	23629.26299312603	27854.29983411301	19502.12191448856	23804.061704481497	30793.121019073016
P42-PWY	incomplete reductive TCA cycle	53215.41923913262	17156.378778680755	54413.31200703805	139.71953622118517	64422.25678064883	46813.55729052695	28477.225261817584	34944.4456407097	41189.28321311286	24009.87536861456	82774.0143572801	15535.45748241117	69919.78810287591	53892.110334728495	61239.27366303711	49847.33361508462	43115.36300600504	24694.466711728124	50255.35832912043	46703.18677316308	76585.79711398522	98522.60040686531	77757.78902608268	75406.67103850622	65224.33846789673	129701.95315445692	1840.447014931156	5699.458159656689	49746.5999628685	67519.15878058125	45694.707507648985	47874.14259507167	54035.86283838779	47139.12430952401	40979.62849270536	48966.95448657166	40359.0193694977	162.4011083375554	26166.139714866396	53806.63035680288	49839.10302153183	50002.30782437626	63335.87902975389	65642.22827824941	51029.633586953154	63813.204779245534	78335.52017840692
P441-PWY	superpathway of N-acetylneuraminate degradation	619.548526329897	47.07242068216232	522.8385912943072	0.0	395.6302861269163	282.5262803717909	248.35332458688003	174.30940722314136	799.3825681502199	384.1639113457989	7906.052378316063	1261.6097415036545	16179.783930152704	9161.660322151212	16268.64497552736	606.1392847085067	280.6461496565012	185.614307920434	488.4149032044113	220.40151257739305	1304.4643287687138	3748.601997618093	4799.368191166518	5519.848351773179	3992.709722491708	6346.207453532345	176.83519155017518	1517.5618641045342	3545.982450446684	5441.333314907961	3754.1427651217487	5448.818703373543	9356.320375178257	5552.069738065245	426.3148770468628	980.1509277153456	342.86350442458377	0.0	365.94611326117473	683.4948103993535	350.33881534628705	562.366858973868	2406.436909588116	5700.634592456083	3604.0875844973066	4399.004760602731	5058.701975245355
P461-PWY	hexitol fermentation to lactate, formate, ethanol and acetate	329.55810429294394	14.79345042669106	313.4435287792798	0.0	251.4864725164464	142.57063698451407	70.11164048296116	69.31983318025766	155.66196488190718	84.64996010642736	5451.023282198215	492.3005502058825	5788.956048679926	11617.493248238045	14936.966602086834	218.08385336523867	179.96525405207845	55.93236522433783	207.12658625464567	121.8379299636181	313.68163704790794	2014.9532034301687	2590.119972819989	1731.361729669754	1860.7520580173475	1261.627984813554	117.19582581420616	627.520115417653	2164.9132933306405	3972.580808833149	3668.801841267217	7810.224386682792	8003.264899043578	12331.96197702667	266.9452689385051	425.9086120648003	51.15771905908719	0.0	43.96040294098157	264.6693431665479	299.25393651257554	421.5751619951319	1799.0929366837029	2117.0706971467125	1535.703223938341	1944.5931712045085	2416.918774689852
P562-PWY	myo-inositol degradation I	111.76505139500736	0.0	176.38738381739486	0.0	3.6000000000000005	21.2093023255814	64.75900822111223	95.56098291619487	106.8982362781306	54.82331087228437	4878.361768904758	738.1203499023754	7530.349340786376	7744.984913714823	7634.207672047925	143.14365764431528	48.61736334405145	5.333333333333333	37.22528363047002	59.3990224696219	64.21859828831685	2168.9224879256126	1191.7813901451837	1865.6240626437532	1325.3586507192815	1884.4092357137351	3746.622682341781	9335.460059892825	1520.0124849382605	3061.9219833529028	1451.50072479246	1438.512100526162	2182.9086304994694	2098.1692996951697	142.0785273489121	224.6627225672027	189.74486794443357	1.5000000000000002	36.3109427944987	89.3284895906106	36.22859589041096	98.96601441812562	573.8998341718611	1170.7844644787272	346.975282868303	438.65295498671486	853.44686443267
P621-PWY	nylon-6 oligomer degradation	0.0	0.0	0.0	0.0	0.0	0.0	0.0	0.0	0.0	0.0	1161.6948528316027	90.90909090909092	1844.3753538019423	324.4257859883795	496.6073957513769	0.0	0.0	0.0	0.0	0.0	0.0	118.96147403685092	197.11529026982828	80.76541207008435	74.4812030075188	206.60301507537685	0.0	111.65750240079178	425.0773660971396	741.1557979422914	544.6060974374557	475.5220426157237	514.6501025757922	779.8038981142697	0.0	0.0	0.0	0.0	0.0	0.0	0.0	0.0	217.60922330097088	168.04899497487438	102.69913043478262	251.03959131545335	323.5920281359906
PANTO-PWY	phosphopantothenate biosynthesis I	35204.108555029554	11294.399039233282	36368.514281607386	102.86907449209932	42751.15421109408	31119.469634099416	22263.90746461173	22647.45845809204	27334.933382530155	18736.86725811052	67137.54870512408	11396.457207708489	61766.88700865005	51497.5657600903	59429.55579337596	34995.929571317545	30807.29043011644	18210.244147659952	36201.85333392256	32854.79582818858	50956.36045996932	63447.75646959458	49001.14051772065	48418.79235950777	41087.80450205273	81112.86227893076	7930.261524861955	19413.59310312024	35851.11483944341	53891.88373420899	32934.08173039908	37412.502516548375	41806.04982916576	38243.4520252995	26243.62779163641	31603.12638561382	25623.99543814933	119.5	18319.388892210893	36951.27836599341	35145.271937212005	35175.41604229733	42957.03811622479	45723.19222741417	36981.80608545295	46599.82571828336	57127.96873890706
PANTOSYN-PWY	pantothenate and coenzyme A biosynthesis I	34413.61075564761	11090.83291263758	35951.754314435006	93.96018875001602	42068.862268184566	30475.76112375261	22103.133016308664	21715.36254759164	27034.591428962296	18605.615898159245	66743.18476220981	11272.063774304448	58741.63767161416	51854.5023466416	58886.90269887912	34358.564926871935	30433.006850560683	17713.186668757608	33661.04870786946	31874.170449278783	50350.65409383701	62652.00551555515	47996.24058428479	52652.91408796272	42051.07581505751	81396.49343593439	7250.42630386007	18094.095434700503	33706.74004762635	50878.20497127028	30368.85832036828	36137.06784716278	40712.36406920277	37283.160211860406	24394.802405981263	29056.422331834263	24660.08485656293	115.3921875	17562.282374230967	35673.92140662186	33354.34364609788	33852.7174149145	40820.95623404575	43368.2079607518	35806.67435523186	45173.13733275617	54687.05283471948
PENTOSE-P-PWY	pentose phosphate pathway	9620.895731183498	2621.8814515957506	9832.061544616032	69.37649291833473	11356.47474637698	9463.529892462111	14494.898171940147	6866.69837762794	10553.45516329514	12870.644172923405	67966.50999334456	9421.05343121278	57998.66794182157	50567.94097580201	60139.84730905476	19650.118910768884	19422.758919861837	11656.773292982429	15179.899335772923	16100.71045041649	17678.283063080584	38251.70929833263	31791.580851725816	45083.15878591821	33963.34343278972	51488.08191562636	8015.527472800135	21664.54621183889	27383.7592738628	34487.263067674874	29463.21749143684	31250.07929586244	39245.67134256774	35968.38769237749	10955.575411300622	14056.713943910689	9748.492235031368	14.426496738809622	6964.338337771679	15710.465237445478	12343.997177940702	13098.646772887796	31747.100054285733	35396.66883293213	22663.5818933644	28187.444377782005	35224.30545210549
PEPTIDOGLYCANSYN-PWY	peptidoglycan biosynthesis I (meso-diaminopimelate containing)	28387.54976537368	8491.584718907801	27490.56887717777	114.59304838089577	33246.15677955416	24811.23530411094	21577.06918412377	22291.954727475106	26613.67073159315	18150.56628502339	75700.20544976635	12403.232071516306	65452.58116929377	56813.21257977798	64783.82424956496	32451.2491406616	28829.05400891281	17097.18317208621	33376.54121556243	29531.29778336759	46160.42261905551	68475.461692217	54200.32519073194	60933.55804606356	48212.27125789472	91090.65578565247	6876.5298799817	17517.129398284702	37953.136913925584	52587.243757280914	34945.69147928418	39800.88000255402	45439.19705681323	41210.47183794405	26926.190138180827	33895.40835359419	26677.426548289543	115.50577058972802	16914.465008188054	34847.87643389048	31344.189704811783	31742.586851411248	48242.61830335667	50864.29122107723	39337.45294488201	49650.944874718974	60765.98724337747
PHOSLIPSYN-PWY	superpathway of phospholipid biosynthesis I (bacteria)	40935.10927433004	13161.10712030952	42080.56568401158	125.35100654119115	49698.65908679315	36872.19319792618	26028.125671816368	25304.39377939288	32182.75065785417	21754.870427124733	95206.06508107604	14641.85920222916	78317.2897080033	68375.59900454427	76447.53190662882	41175.306230317896	36940.166416428525	21786.62937344022	42725.90302628392	38810.889545849815	62002.48380243056	82486.85676612286	64891.264086394265	69315.04203587126	56942.97233597933	110469.54902743784	11974.637735616565	28764.101514599384	41623.056704037714	60399.727638650336	36539.33431931536	44306.11332733286	51086.21834008552	46520.93252944772	31552.90159559665	39137.79200690636	32988.74863561608	140.70331684532897	21489.02113565578	44599.03637083979	40852.60251573632	41297.89770799607	54425.00107479492	57872.963953589584	47685.05028514204	60285.23085250128	74161.96482683603
POLYAMINSYN3-PWY	superpathway of polyamine biosynthesis II	1997.680310704432	525.7377074325344	2364.145243236005	0.0	2437.1637762653163	2647.112882553964	1748.9272751448505	1871.9452889753147	1552.478102263224	819.9104074728843	21031.586145674657	3444.44954986942	20560.55710196221	15858.208444352622	17322.01962643711	2352.7635238347875	2696.3215279296573	1896.1239471106076	6357.090357379226	2810.338489043239	4077.729329282764	9470.391759275775	9009.158112048175	12590.726425845472	8999.866605034336	13789.500620166838	1607.1709564536625	4364.480174466726	8328.816820546639	13840.532958005817	6754.040060962454	7374.265365044968	8979.559575491625	10270.709910518875	3321.1151332209265	2081.911706022104	3319.112730248141	4.006985669081304	2084.827109626623	5047.719790916927	5094.584692670337	4442.671237341632	9223.53416071584	9284.514283052073	7503.921967738294	9703.225053225304	12386.496121642578
POLYAMSYN-PWY	superpathway of polyamine biosynthesis I	2083.017938835227	552.5116604031261	2603.220402803612	33.04045685401051	2555.9266975860664	2710.8333904147107	1993.3520915756	1998.7801819296465	1646.9627210895624	838.3098700570897	21913.180540241658	3585.2491719626296	21265.27871767494	16777.47342464905	20401.6926411324	2342.10679343152	2854.949697550126	1947.6424641096853	7694.888655806239	2936.203027649384	4391.291825898272	9908.749860093743	9041.602427873027	14918.537778249494	9374.288090419708	14196.08433486888	1543.2576876067317	4237.432604673017	8128.709861816594	13133.193950741796	7093.701765300274	12021.468959841615	9351.360753239976	10843.127276781228	3673.437826355695	2245.849054801573	3367.0911225750942	18.28640710033996	2713.954176635842	5639.908298654604	5971.791322452616	5223.278329854414	9255.985504763989	9317.742530324653	7718.742618354961	10155.907631389213	13231.415683724355
POLYISOPRENSYN-PWY	polyisoprenoid biosynthesis (E. coli)	31745.219228743183	9468.103772019667	32790.523690485024	104.30238014280856	38024.65151067377	27647.61214809177	22445.79056298678	22033.79637864885	27181.18903187137	18452.91603182408	73012.54720231383	12128.30476441817	64296.23163329128	49942.28257005168	57241.49998832292	34235.88366457765	30225.316743930955	17860.04108626728	35077.52561739134	31572.57348424928	49935.88135140303	68303.62551656897	53313.26615963315	59325.48901991623	47849.48955850796	92204.54696802815	7034.37004373992	17520.5446916139	32600.331414004228	40685.07414746786	31460.55842640099	30866.263374304097	37441.61689857182	34142.00288412325	26298.057576813848	31705.523340536613	25972.44760720954	119.5	17882.92932580408	37195.09479872334	33487.897330262684	33832.48934572904	45296.020919062445	47578.447216100816	38324.12606004726	48197.00008418866	59023.63709560764
PPGPPMET-PWY	ppGpp biosynthesis	402.1992117678007	51.98478880348739	932.0859883196908	0.0	211.42571212446703	2450.4285563148514	3405.782021236149	946.217931455211	1305.4421949525104	7652.483717179083	25372.999183070944	3191.501930405513	23773.8160344436	17657.61578616615	30256.33247333795	7420.68523470924	3537.097651609528	7987.001317848406	3471.5528788111924	9484.543313416272	5796.311342775189	4946.40029948194	5757.70627863804	9836.021891555582	5358.991096336931	8806.759660256354	4883.749809500262	13726.245523569469	2639.54261125174	5922.579198536776	1595.2228118394794	1344.6023454369613	5332.4369744594005	2597.01978085411	2102.986838764069	3701.0793778539496	3707.35963504965	7.192193634718365	864.2373559364169	3479.75489433033	1031.6834422513086	1867.819285332984	1873.2329238219384	3015.9208785321985	1339.597956685015	2150.322702342856	2534.429260000481
PROTOCATECHUATE-ORTHO-CLEAVAGE-PWY	protocatechuate degradation II (ortho-cleavage pathway)	115.28790834332491	21.30109863935451	241.3073230635351	0.0	79.55389715761905	1419.5972580808143	110.24467333069563	239.87732420455345	283.3340844290771	84.22476414480712	26755.249103680933	3054.088354067368	25347.56111146614	16272.630860699952	18849.760137688867	186.97971217116404	83.78666811740267	89.77189349356446	498.0414138788568	146.8080750670991	568.6096367731215	6258.593782796049	5492.451433769934	9258.058001734722	5998.155678572454	6370.644499913934	9689.001909595088	22767.36919919816	5143.111106079296	9126.74452498452	4659.520815848576	6392.217156638226	6276.767167363332	8068.636685657336	246.8815501335209	509.8517100254162	1243.346631857809	2.333333333333333	62.26603411493088	130.40087435444067	784.7566370012804	332.60598145721866	3504.893513811939	4103.458918095814	4258.778818034329	6285.8011013523455	8448.204242955318
PRPP-PWY	superpathway of histidine, purine, and pyrimidine biosynthesis	5159.843204578297	831.1263382632884	4580.018919422695	37.34808479922078	6068.025959424119	8699.349148339104	5927.679363325582	7408.045947361467	17651.02951857762	4970.48822415476	53640.75085749247	8134.824692753089	41990.89842235282	35498.37795326838	46002.700846683285	6721.2172634362105	5039.137112348488	2712.2829944391674	5585.533406011471	3906.2306343085615	12243.31202417284	35939.68062778525	32377.68346674848	25085.961339422814	22963.375341658204	48434.52234717162	4299.496742859253	12733.123379862993	26554.9159580624	39656.69266499304	22747.117235469745	27222.08481348258	37584.23998828158	30132.020982359645	15457.332668758028	18185.816729445472	12110.583864287844	19.552264720588795	3309.1244872740376	10029.75668807682	6233.885829007307	8006.723448233481	31125.25937992064	33168.82750238089	24717.80108194272	31415.749859536118	39460.10068013953
PWY-1269	CMP-3-deoxy-D-manno-octulosonate biosynthesis I	25821.884504090413	7632.811720970525	25753.38642755996	78.5	30661.37651785036	22257.60413474299	20960.332632483456	19160.610007057487	24190.11510659202	16636.33347817984	40216.86214306545	7689.507508601153	42358.70079161773	25876.544675670983	32584.3557856504	31185.71914738746	27687.938605823307	16425.419708477246	31493.588719959203	28170.01136676655	44771.99275976699	54617.0063372773	39791.91442804176	37026.26215833764	32783.75928672974	68481.96848128739	7087.291256661909	16197.223718973672	19078.07593525998	20430.586330315648	20176.526527177142	14408.077934910943	18279.861995118987	17788.439493491922	23975.11556916021	27689.182617858525	24200.671353887108	119.5	15981.015741404915	32687.275711255515	29699.155440183204	29769.73253353225	32263.484445371785	33770.78751893782	28796.717289703945	36136.88730565894	43144.62156106228
PWY-1361	benzoyl-CoA degradation I (aerobic)	0.0	0.0	0.0	0.0	0.0	0.0	0.0	0.0	12.878843486993908	0.0	0.0	84.68729363113555	572.8981351455484	0.0	123.25573680031414	24.936401448291477	0.0	0.0	0.0	21.807277111866927	0.0	0.0	8.933340898611505	16.976990162185434	254.0749484694676	0.0	17.974800763222614	1693.624748816679	0.0	3.589220672067936	10.565690331370764	0.0	11.47383964075359	37.24005776221889	0.0	0.0	190.95926384292488	0.0	0.0	0.0	0.0	8.078791412364216	0.0	48.43151755389196	0.0	37.397052042564006	80.40897532184687
PWY-1501	mandelate degradation I	0.0	0.0	0.0	0.0	0.0	0.0	0.0	0.0	0.0	0.0	0.0	0.0	0.0	153.25259344845236	122.524889714082	0.0	0.0	0.0	0.0	0.0	0.0	0.0	35.305154882985526	115.4809809273789	56.55956716087496	19.813234753052896	0.0	0.0	0.0	0.0	0.0	0.0	0.0	0.0	0.0	0.0	0.0	0.0	0.0	0.0	0.0	0.0	38.61692924738512	35.12810669159253	10.458950419485475	38.37657765775687	49.29440363778824
PWY-1541	superpathway of taurine degradation	0.0	0.0	10.119777963793194	0.0	0.0	0.0	19.71896040086209	132.7246877387924	139.3046027202614	31.011919428562614	1883.175972680559	402.3899059701399	3061.323700864103	1097.1777233285347	1242.6338445067204	32.1967678107284	25.32290662245611	0.0	9.490743127504055	0.0	25.85308761700349	1109.872402629634	1040.479238581044	1952.5781773115468	1100.218876601176	1563.3767125160275	109.36701937168397	291.1395582146975	1323.7654456737898	2103.8249329941787	1279.163020683408	2864.062250709871	3568.5568516072203	3704.896188691836	67.30895166256997	182.43987302721044	589.8678553910598	2.947976878612717	12.890592388793756	32.26621260291775	0.0	13.020076922701286	1857.7307461297853	2069.2739141795614	3026.2162383980503	3677.2739241649374	4416.955522265264
PWY-1622	formaldehyde assimilation I (serine pathway)	216.2016398678437	41.574041545618336	45.01398570898708	0.0	170.56856694612256	514.6314761110358	140.80326578503423	47.03094683315776	71.35921063729452	98.61571769720015	7062.724311633202	1071.8146382795194	7900.708481156523	7261.13992330481	4350.259335976661	331.5107048615976	1180.6301154094667	453.6095377430509	7217.441637818758	702.5951204814583	1104.882611797143	4457.037462513316	1305.618430363535	7767.699410691924	3046.3294378589544	2808.9409828946373	69.88794854589312	245.11498837111787	1476.9609782315704	2992.634476172094	1238.3350853807574	528.8648488189493	857.9528071501383	1596.9017871764927	2393.9462233913514	211.7977028973804	207.19805953583665	20.220287862427096	2083.372538244646	3608.066145396625	5024.048384439123	2907.2961803347994	892.6493961373826	756.3384310256502	408.3451550307199	1151.3641842453444	1232.8717699566616
PWY-181	photorespiration	322.63731567420604	0.0	74.15134451401472	0.0	92.21814039782411	2613.6668896758174	2567.3091040707054	1060.9488341263109	2353.0465628428365	2339.404242016404	33408.71622686366	4792.738503584352	30953.72757907972	20974.161972187165	26196.365146934306	3535.007955955793	1910.9246700507729	794.9263462076312	418.071747600992	1174.904967403657	2310.70534597535	15022.60197673051	12347.472599030943	18486.89634958898	11048.452230494642	15682.03047479998	1980.833807765321	6427.522793697502	11863.08236961555	20215.294707231387	12226.201804094586	12244.342248535448	14328.747539728452	16900.52087734328	3800.852729360935	3422.5379809424267	6070.591007921778	15.051847233329092	1218.7055604893678	2164.9488960308145	564.2820119510559	797.3183609573837	6966.493970871552	7239.092101319877	5605.124344211506	8392.894564669788	11078.338503755116
PWY-1861	formaldehyde assimilation II (RuMP Cycle)	3246.34857305418	828.365960053541	5479.500300863127	0.0	4798.85920064578	2731.625775216168	83.79123588311037	594.1359436525784	863.0557985959629	351.6956234874299	4095.772886875307	754.8372522017181	4176.475827112635	13079.26248230048	18789.89437680786	2097.1613120001634	1613.19437913905	913.6805414038238	2621.755611515129	1793.8858036955587	6382.373150586377	6525.815945634826	4898.544569291169	2372.913038460741	3403.569538433713	8300.562927529782	23.88653419801008	99.52005540646928	1605.3828910342504	2309.4444232120923	1573.3985037887703	865.1859093950461	1174.0599621957856	1750.400317498644	1604.4944162990516	1173.9546990212157	384.3093542903455	0.0	1330.8317675174271	2957.5204592350037	2123.5511811211863	3304.593819448609	1767.6540882891618	1357.833130878749	9897.02343961433	15021.077838618536	12969.284464540704
PWY-1882	superpathway of C1 compounds oxidation to CO2	0.0	0.0	0.0	0.0	0.0	0.0	0.0	0.0	0.0	0.0	1715.1453174177088	161.10643479967433	2319.581255130721	1830.330158608317	1639.7888663463254	0.0	0.0	0.0	0.0	0.0	0.0	337.18025911209673	340.19916217409366	1024.493003141272	511.7299341461945	103.38645838497962	0.0	70.50986478801993	195.4019724903738	828.7238744751521	155.79910525514313	34.71738431029838	130.68727411016903	246.75793889494105	0.0	0.0	0.0	0.0	0.0	0.0	0.0	173.3872555461219	79.49052383391964	14.288843393352192	31.60070838179499	54.50688357141928	152.21211704735077
PWY-2221	Entner-Doudoroff pathway III (semi-phosphorylative)	0.0	0.0	143.0403316840134	0.0	0.0	0.0	0.0	0.0	0.0	0.0	0.0	0.0	0.0	125.66070375895796	255.2935643018425	0.0	0.0	0.0	0.0	0.0	0.0	0.0	49.40636304375575	174.7586215684575	0.0	0.0	0.0	0.0	0.0	0.0	0.0	0.0	0.0	0.0	0.0	0.0	0.0	0.0	0.0	0.0	0.0	0.0	13.4915069262639	8.996975743300606	0.0	0.0	0.0
PWY-2941	L-lysine biosynthesis II	0.0	0.0	0.0	26.666706261341798	0.0	0.0	0.0	3.9994960878901966	0.0	0.0	4851.670768586956	714.7952749242327	2431.6268929748544	21011.251161405504	17690.860837289627	15.99486710349468	105.73968148017175	0.0	0.0	0.0	0.0	756.1536756902518	502.6799147746382	1498.1074081058148	520.5381356127139	622.9167425079743	0.0	0.0	6097.18932783308	4766.185107671528	5882.78886377844	5965.507329723264	4496.381086719734	5102.181986033754	1429.878425664528	2645.471005551529	590.4201505329928	0.0	319.97417085160623	643.9898491240403	31.97924194091226	175.38016843658932	7615.901866320392	10433.59415614706	3077.5250547218498	4170.148334291261	3585.7449543967423
PWY-2942	L-lysine biosynthesis III	36841.41051763546	11633.47652724311	38321.67388332293	117.50898972436798	44649.7592452786	32837.014797374766	23781.275285666397	23885.756243271444	28891.69198439958	20401.13170836261	87287.56097175994	13892.032205599888	76574.13177789772	64220.02545709927	73913.75478799474	37426.57972196273	32314.56069146546	20121.070704277136	38500.78425062271	35485.70239136472	54263.08818763725	74560.26208579175	58251.31393378326	61314.91642620751	50152.3102738356	95632.46632528125	8273.39799855361	20831.82302044365	44297.30303690681	61575.520773296026	41555.7836622188	47040.38255932476	51555.20374388398	49028.69782790227	29505.79070350662	35659.236376654946	27723.875438803338	119.37178038018624	19325.335475118314	39293.38306023682	37000.176696166	37365.04735715432	51883.30542687409	56157.61253371612	43597.56798327613	55237.17245130161	67843.57103383949
PWY-3001	superpathway of L-isoleucine biosynthesis I	39182.07474081786	12190.251219492578	40189.003501453306	126.57764091081351	47382.22354298392	34498.07469259255	22978.950194253117	24734.71580005289	30251.68572824733	19567.67407533507	89358.10717051591	13942.5190226563	78148.14109659762	66099.1607625222	74575.0385774951	38557.03760298852	34107.146007706964	18996.125821511218	40718.14971118316	35303.33664166343	58167.36331819164	79902.49232381266	63419.08313857943	71829.60267962706	57251.84166099242	107656.61352261312	8773.633963420478	21435.45242636708	45211.15586126236	62471.5630158204	43420.87549906486	48213.656877443726	52869.12134561506	50048.8558566877	30408.30825676232	36847.39369530818	29299.70182784633	126.82919234776377	20564.342838203414	42177.75266875714	39505.73617684419	39818.79655378723	54724.600746386845	58778.85094277211	45814.47921828469	57744.14223610048	70928.97198123245
PWY-3081	L-lysine biosynthesis V	18.428026535870803	0.0	29.98408060766912	0.0	28.199048182789102	38.98945839889033	0.0	0.0	25.29063689809372	12.631172883428896	191.69058366446552	9.798096066439758	429.7183302744483	974.5271541763984	408.91628885878697	51.49362867471863	19.490771265456583	16.648337306905102	45.685790383042495	20.496974369907026	204.10477519329064	404.8284014392394	260.467812782985	244.3249868018765	251.35131929017703	922.8380548734748	0.0	0.0	17.20677218277918	0.0	0.0	0.0	33.69963146540591	0.0	12.579858292506222	34.79329651649401	19.3799271841388	0.0	18.558367917348644	61.78651042980082	74.5802355536994	118.10144621217653	93.78736083100742	148.50554856139627	165.83160342327287	158.6516610584316	310.44408154697686
PWY-3661	glycine betaine degradation I	0.0	0.0	9.9860650584073	0.0	0.0	52.3218652881007	71.46260503513892	261.27849211036266	327.22398205562905	24.837177525992875	7869.082877251745	1428.9802726593434	21743.63326708402	5105.545588292936	7635.732143060646	19.955871271408387	64.62386637898658	0.0	0.0	0.0	14.98979308728596	1016.092265020681	1968.326297905109	2396.966270324625	1869.7473836322988	1442.382172699795	707.3472844217372	2645.550962792968	2818.660674272422	6556.879010903142	3082.880170812354	3592.003470727354	3073.709479286842	4889.693530697023	239.6505326963258	647.6875790104353	0.0	0.0	0.0	34.952943138525946	0.0	0.0	1801.838967063802	1156.9911177379824	824.967751309857	1808.0182098565651	2852.8682054207816
PWY-3781	aerobic respiration I (cytochrome c)	38979.080599682085	11166.33683971189	46492.2278941217	198.74229242778668	51733.4526359789	43097.51567038301	57231.00342622698	49248.1670767576	60311.64095622697	47292.1290503811	210396.20076213736	33374.76199535518	183408.74621642585	165783.09252740483	178160.1763215331	76602.23674104598	66439.05421609427	42577.6190882809	76283.57823715586	66924.67038017145	116140.9575480535	160895.17574854617	119186.55114497348	158230.07843195376	114894.35523605744	211014.1462536301	21078.17202766521	55232.28142062882	76984.33725444318	111602.03858713002	70775.34513469756	67839.20601863782	88953.54425795733	76349.3920732044	56436.75351801768	60014.12905128088	66044.33469711099	312.5309152934763	38766.82380344974	82530.24507633399	66210.57401960144	64328.547336493	103923.61052743768	107546.96249674376	94643.6515858138	119526.92383933386	145069.97186714775
PWY-3801	sucrose degradation II (sucrose synthase)	117.80870283074096	0.0	189.25990840015672	0.0	174.84024668982977	59.26632338266487	0.0	0.0	0.0	0.0	1426.2757516263557	584.7654577162174	4244.665363571691	900.6334651085728	149.65499898346042	0.0	0.0	0.0	0.0	0.0	59.8763713840371	4907.715361591112	149.48834448324115	754.8853601984879	460.0823890124423	2343.006649925172	0.0	0.0	0.0	119.69507509386264	178.87830279709286	0.0	253.51949502384545	179.1076442591162	0.0	0.0	0.0	0.0	0.0	0.0	0.0	0.0	149.4395593773093	134.57311635453104	414.52542425657725	1080.87855884211	695.1791424049461
PWY-3941	&beta;-alanine biosynthesis II	0.0	0.0	0.0	0.0	0.0	0.0	0.0	0.0	0.0	0.0	18.772322941253197	0.0	52.96559817472504	94.69015869101275	0.0	0.0	0.0	0.0	0.0	0.0	0.0	0.0	34.51050507584248	21.0302339090811	9.041176945665647	0.0	0.0	0.0	24.4036272642347	51.90740240054463	28.44475500112541	21.335063983411064	34.34266414195975	37.99735653791255	0.0	0.0	0.0	0.0	0.0	0.0	0.0	0.0	4.995580702517193	4.874523746202671	4.997629136294612	3.0692490574156093	13.261291151043723
PWY-4361	S-methyl-5-thio-&alpha;-D-ribose 1-phosphate degradation	0.0	0.0	0.0	0.0	0.0	0.0	0.0	0.0	0.0	0.0	1868.4569063105207	254.5714120590941	731.1173455646018	7155.417987942557	6974.313132069778	11.784782335171952	71.15840722688161	0.0	0.0	0.0	0.0	617.3414027180941	327.41220983081234	488.2383896641831	189.0924868182332	177.66067907763957	0.0	0.0	248.0349222343419	220.0102256716009	63.55990731270158	63.476693760415074	121.01369543947813	325.9605581884562	0.0	7.154681205007082	0.0	0.0	0.0	0.0	0.0	0.0	0.0	11.187272894556948	0.0	10.770846299115798	0.0
PWY-4722	creatinine degradation II	0.0	0.0	4.495443183187598	0.0	0.0	0.0	0.0	0.0	0.0	0.0	83.9025704207542	0.0	0.0	86.85559622172649	0.0	0.0	0.0	0.0	0.0	0.0	17.969354190271325	0.0	0.0	78.90086342140444	50.930518884439294	0.0	0.0	148.5383048941293	0.0	0.0	0.0	0.0	0.0	0.0	8.975582292733236	0.0	0.0	0.0	0.0	0.0	0.0	0.0	0.0	0.0	0.0	0.0	0.0
PWY-4984	urea cycle	157.09370699660585	24.96772697228996	362.9084381545637	37.89266340779242	229.28747610733149	358.8623337115843	327.64435483228465	603.6506072281974	586.4532887503474	276.92421459080987	44523.5005844832	5752.456186129785	35153.76067986819	33962.608305260066	40383.10587939953	592.8086193022403	598.3392633938979	507.8610385130012	441.7453407792812	510.0033207545504	1968.74067627527	11088.761939382026	10096.973525012416	12173.899992989987	9210.928973603042	12375.684248931855	1034.6116334107487	8043.63813193645	10334.862853000295	14635.07698662104	11376.322455125595	14604.537832779708	14494.949447957692	18287.820580205105	521.4768193015517	491.4441600373824	563.5253375632765	0.0	62.373589700432575	1017.8230642377384	380.05150894080975	672.3007391990642	11557.09063686006	14772.576189368729	10896.842036135087	13395.648572744572	18287.354004907625
PWY-5005	biotin biosynthesis II	789.7004622500841	175.00364136146118	601.0301578436095	12.78623411938422	970.9518559376056	721.2312097535955	1048.884205484982	960.9239238649336	437.0785646180571	178.66483597565394	359.0868586434224	229.63737366705985	708.2471602542371	229.34930721598056	1923.5561371145004	539.9077407085394	868.2414044040942	562.3707949947108	806.1944254094061	818.2685719056631	1644.412172614948	3931.853011018027	5186.291113600732	745.6628051030126	1007.8727268686696	6772.956355853313	4.798093661780249	0.0	94.47602621844096	129.24737945831296	49.07170480739371	131.1636079223099	15.589952006632013	59.849085686602365	225.26452486002543	130.32391232154376	1361.946209975449	0.0	334.9510135427481	1686.1884328441922	848.5783111831404	1314.9407535961536	3630.921782971823	2872.5928402667546	1511.6672024516129	1633.4952123689204	2008.613639527028
PWY-5022	4-aminobutanoate degradation V	2683.0257976095845	593.9518242005915	2964.159940786724	19.158665231431648	2787.910790643079	3069.141776456554	1557.2085968705796	4494.012627632703	2853.0402008817487	1193.9639375810566	34581.665793060754	4418.867428107541	28283.54127698587	28009.628846319854	29893.10031807088	2488.966365939541	2136.322735354669	1400.9212991922775	3781.328700963625	2417.4328219432823	3397.9312605330724	10779.274725936037	11796.954799352628	18415.890726259127	10057.731115257588	16890.761658268657	8435.543987177143	19729.097321514742	9284.422998436146	12695.458135237364	8116.926705787484	7880.802647772635	8208.262536448652	9488.65872848558	5266.56796750078	3392.4307745146534	2254.296127609085	4.11764705882353	1854.8343576932737	3588.417363290472	3449.571597360307	3272.8325250861626	12324.725392945737	14032.959189731666	8512.279157172958	11011.810829079594	13336.76874542098
PWY-5028	L-histidine degradation II	24.68598644411137	0.0	55.71425877366101	0.0	14.908828769714711	104.73939236947646	143.3133584702263	421.6522809481745	248.15719633715912	93.0555507031244	20327.92009178284	2772.1266629951933	18463.28695924629	14801.758614604923	21944.224896648284	329.86695114451487	307.45164981011993	94.3558267530114	127.77670458911678	162.54549969717965	159.53181247509886	7292.172817488973	4480.289334833986	8051.19166243798	5274.016932135853	7141.371449870879	6780.414963425977	15869.676789491356	2238.948853170939	3423.1778024861324	2410.1348585130363	1854.416773146993	2826.232818889793	3517.18208797365	281.62805233167643	430.1560160942214	866.7849852890089	3.2591344448385957	86.35802463270738	303.09890722663704	93.30090130162375	231.41007766966908	2678.595443895661	3473.515596975048	3742.311514311455	5428.354059170871	7582.914605140227
PWY-5088	L-glutamate degradation VIII (to propanoate)	0.0	0.0	0.0	0.0	0.0	0.0	59.114329495688935	104.6222632208791	190.10639443983047	56.97264784378595	2376.366169060392	418.96767245736777	1512.035490698101	984.7745588960216	398.55402823522047	0.0	0.0	0.0	5.120209041180178	0.0	0.0	1602.4341965231883	2618.5024400519696	393.9842161874424	191.9773942426452	759.0660182262814	0.0	0.0	390.77082639993847	561.093498305637	479.4648738981606	510.5445120791194	382.2823954329672	663.7751696667463	93.6124206489353	53.6882706842633	109.9179399083518	0.0	0.0	0.0	0.0	0.0	218.44937638111597	176.44347897450413	59.98267302068002	11.91933724813506	31.12052065686601
PWY-5097	L-lysine biosynthesis VI	36555.20537565185	11537.503131725396	38074.43974291729	115.96652099741274	44377.5248072146	32530.29733953352	23483.68549222635	23592.934154989864	28573.01989375336	20074.86378562423	83328.09332046163	13299.882362105696	72853.74985864594	60065.61712778969	69978.27248414204	37078.09991243408	32100.33372569127	19825.064596182103	38181.60645400855	35110.54962335571	53872.232846738894	71985.12198365807	55886.04715340004	56952.5958859395	47635.74222881216	92113.18180396874	8411.348652417391	21163.270535850763	42022.31226928222	58442.19700671856	39239.46694199093	44675.66410649965	49143.85325350532	46148.63071117002	29026.547537768616	35010.51687059455	27445.49781545261	119.39008062017028	19211.86012006597	38954.4392491886	36745.18816644091	37109.92245880394	49507.99765393992	53363.3746390699	41907.45818506036	53036.73549207374	64954.4541910471
PWY-5100	pyruvate fermentation to acetate and lactate II	13795.0139604205	3529.289138510922	16714.876965883414	96.01281283994112	18342.7328064418	12639.595335985416	11567.464218848636	11927.820864118668	15329.092276919611	10776.12415387406	41467.11357874231	7098.894448083925	35704.47234691963	26352.05961775577	33807.17718938572	17946.502631839114	13088.6498985764	7125.350773066847	15635.661609701789	13161.554112667916	21105.15431956801	33166.86781244539	26460.966927315243	23730.79394694644	21233.89930145767	40853.11911317804	356.29723474303046	1993.2908820776036	30852.147091434083	48323.65243488581	28368.82449746401	36393.901730850135	40968.22322769747	35989.81495561392	14745.61667904183	16012.874838369238	11954.105602695365	53.599820345834274	8779.622646520607	18930.649470842865	15625.663090842016	16204.061480827017	27261.53220453283	31452.1507703026	21645.49861429959	26781.61689526502	31681.08199059778
PWY-5101	L-isoleucine biosynthesis II	51761.677469742135	16757.769032364904	53630.5359440599	138.04857504025486	62866.809175473405	46045.502747142375	29164.690946568186	31073.956250921347	36939.3851764769	24895.416347000148	119508.18424466462	18439.7739983509	115107.77538578452	87449.76540913641	99208.08513296934	49634.22635394453	42976.60746998045	26297.98025406954	53578.09713688283	47307.538157807816	74094.13702913474	104650.95516887931	79154.94490604116	95190.69171495528	73205.8208844601	133125.04852500162	10787.268982389343	28198.50644270401	54378.09436395231	78315.27486514019	51232.14194919924	57437.36974067802	67380.09430743253	61949.44437240595	38267.54175363596	46209.80535350182	37650.441829832576	161.01252646244149	26291.062746881285	53454.84757368379	51070.01942640489	51163.442347980286	65290.55434729008	70701.12135870194	57561.35980033298	73495.04001057617	90817.65908041075
PWY-5103	L-isoleucine biosynthesis III	43484.52006554693	14011.63222931856	44907.07740481772	119.40267958823368	52731.02003634841	38689.1228146428	24998.38892092151	26257.02737740867	31518.80443834969	21356.59491850956	94101.20819694288	14321.398519876391	82636.94490341058	68894.26240277357	77587.86144766264	42293.066934957824	36913.36597071722	22164.055646017656	44517.32986537508	39819.33180525302	62888.67097934122	85308.79782356558	66059.25085193953	76677.99384730274	60435.28671924533	112003.8781834058	9124.152998222218	23348.34962623792	44110.54950582772	61996.5649544131	41901.61289029216	47098.48763089036	53703.284558253166	49781.56393452654	32379.422975460435	39407.97886744588	32151.808719936456	136.29829540185114	22064.539024378304	44967.67562476854	42794.36143128188	42884.15495975471	54840.88213701357	59007.91207177909	47426.16356074136	60409.02485561767	74092.4517398654
PWY-5104	L-isoleucine biosynthesis IV	49360.67790815917	16192.543610011144	50261.0294990003	141.53439860419687	59669.49131334667	43910.20164387314	24327.670892940023	30109.25885410866	35755.269128054635	20782.3079024236	77744.16083818219	14404.873273859495	66925.05547206897	47961.13981769691	55537.0619896349	44811.76799700461	38301.401838165766	22828.71979137812	47858.70329808799	42733.96349803545	68722.76193979994	100188.6109291532	77817.49201153411	83296.4011669973	69440.49910213647	128571.49462307592	4404.680597978564	13048.85588268013	54384.78443729664	78808.15049923648	50460.14552226941	57450.61957478346	65216.437332195645	61563.39422455921	37251.20567881918	45783.88644802845	35889.66408671345	136.29829540185114	23627.20679563389	48092.94978163623	46463.36043420109	46225.61776038333	63217.84664375767	68141.46197579383	51465.95341027237	64630.53818836203	80684.21872343289
PWY-5121	superpathway of geranylgeranyl diphosphate biosynthesis II (via MEP)	32034.28066966577	9781.599467829434	33003.0479248883	102.69077029284318	38548.0607801685	27909.270988453554	19769.057439896893	21725.834630052937	25823.678174321663	16487.34825123539	70816.00065916438	10845.124006651811	56751.75961421477	50483.15009588725	57264.4170857265	32581.11365728886	28108.788226664696	16488.052643535033	33794.576947592446	30349.282863622782	49019.97135377454	62861.61791353149	49305.86760838417	45067.6609618027	41168.96722731886	82774.04302157626	6892.7594884282125	17057.067600546812	34879.59176153218	47613.08281353832	32570.476442523526	37301.96308047989	42809.75579883054	38323.67431267662	26376.654369705982	31760.424134453828	25327.738549646096	112.62060825475749	17805.683405128686	36775.8996405542	33191.107209433874	33430.34097178303	42994.90889892369	46002.41577942872	35667.16395183148	44611.85022165853	54662.380645274825
PWY-5154	L-arginine biosynthesis III (via N-acetyl-L-citrulline)	3045.4400997453545	622.5418426150724	4369.371690974127	63.39754125520976	4442.633444797242	4419.938118037439	2283.983907314155	2784.3056619317817	3947.409163152616	1513.44389111661	52498.78146177034	7114.8480430736	46619.52774657834	37513.755936238245	47451.09487562045	3386.374785833082	3328.7332727009307	3104.7374781397943	13064.615334451408	3934.1296569958754	7463.096621511921	23439.31071514603	21711.254585875697	34682.182599172294	19997.38669879366	31897.794327850508	8335.987984450912	20387.084782613845	22891.89801038734	30132.609857179374	24420.82586611343	20581.315023980245	23975.088384298724	24602.69576349868	6360.80974009047	5651.794105108412	4850.802848435442	28.05951959644256	3940.973614941095	7272.548389766437	9155.812531351872	7481.4184798250435	23681.418552807678	29768.295303554303	17544.723088709492	22150.41813575732	26746.951318509404
PWY-5177	glutaryl-CoA degradation	1418.7885719525757	356.67348277016896	726.2106435821885	10.954972785749629	1366.861874645885	929.3237203203116	1745.906862481422	5696.550897218444	2843.0903049466306	931.919103582563	1697.1188664834513	617.7395872638589	2360.4013624858985	1537.3667806144765	1655.4739759610368	2422.5329094660174	1569.4956168517529	666.6594774284189	1541.014892391367	1165.327718114791	2004.207572128124	5416.610677194796	7469.951000221961	6911.917824716542	6945.76556877114	11231.835897639538	0.659988461931055	0.0	13342.97754538851	25818.468881046854	7431.42333678437	7332.988879368367	5358.470367904043	5005.967403451682	10014.689088857383	14325.316823472387	7611.852843716574	3.807314897413024	1330.7075001948765	2969.91801626826	1935.341203490287	1082.430354856376	7552.358302175157	7775.012906872642	2593.5332411493014	3471.8929955046324	4348.187527810511
PWY-5178	toluene degradation IV (aerobic) (via catechol)	28.46016662320264	0.0	83.98666581639	0.0	0.0	14.362794820940088	0.0	0.0	0.0	0.0	3144.178212738825	224.85539314040423	4279.177832098852	3500.536460286792	1510.8103568326544	0.0	13.072638614696544	0.0	0.0	0.0	0.0	684.7654235650178	282.9108977449252	607.8998667884094	374.12136817962255	452.80093218335264	205.9829081032586	1233.2405421717551	484.64050716295776	780.9367029585792	411.6564801782762	809.8613604444403	676.1150243596435	720.0020024591671	0.0	0.0	0.0	0.0	0.0	0.0	0.0	0.0	65.95726165558021	119.9422952880468	30.235800168574908	0.0	204.80829744324475
PWY-5180	toluene degradation I (aerobic) (via o-cresol)	304.4260156452505	13.236606967828656	379.4587555770111	0.0	113.51883556185425	141.44002560478157	77.00698670821365	130.98024565936217	183.5846026777028	100.76373017382632	16601.3180325535	2102.641742883061	13887.234903890349	12658.94820243279	14724.618465377258	210.94793250193405	253.49164938626336	209.84859408795964	339.7923565913032	274.06550381186133	443.7372629175304	3037.4983166976585	2437.271190846721	3913.168436092481	2194.972369234649	3016.1887162840567	1462.7636666212377	3434.069853372017	5332.293838284857	10246.930769643202	4457.191319598584	7799.928511724409	10297.967643373826	10770.46384804224	594.5222947215215	387.39262858633145	179.55075050469156	0.0	191.29015848427463	469.6100733544406	320.94082107194	386.800805016808	1595.0250836015932	1792.301929325521	1148.792878382678	1613.9842564484843	2126.413225857822
PWY-5181	toluene degradation III (aerobic) (via p-cresol)	0.0	0.0	34.632482485739345	0.0	7.064490343068847	41.32311910629468	37.64192223360031	63.48853159525007	22.57473286340359	33.11291238026434	7670.789834513974	1254.8927090550535	7059.252799668123	6019.358180577548	5511.082810518453	29.57587694525898	38.249898673663616	0.0	18.02965989001727	0.0	17.99246081068634	2036.9901969802288	1314.4716599949156	2397.474808640226	1518.0836631984505	1408.0904914262294	5464.361601364307	14268.375507136618	847.2733223416071	1647.5616238735024	634.1619500341883	767.7815716117735	832.4963651151904	1425.578309729126	39.06787746041009	54.85274609074326	708.9370674110626	0.0	0.0	32.55163363733165	0.0	0.0	421.21421395813087	355.50645212106974	402.4869960820201	611.1691206749739	936.6963606670832
PWY-5182	toluene degradation II (aerobic) (via 4-methylcatechol)	304.4260156452505	13.236606967828656	379.4587555770111	0.0	113.51883556185425	141.44002560478157	77.00698670821365	130.98024565936217	183.5846026777028	100.76373017382632	16601.3180325535	2102.641742883061	13887.234903890349	12658.94820243279	14724.618465377258	210.94793250193405	253.49164938626336	209.84859408795964	339.7923565913032	274.06550381186133	443.7372629175304	3037.4983166976585	2437.271190846721	3913.168436092481	2194.972369234649	3016.1887162840567	1462.7636666212377	3434.069853372017	5332.293838284857	10246.930769643202	4457.191319598584	7799.928511724409	10297.967643373826	10770.46384804224	594.5222947215215	387.39262858633145	179.55075050469156	0.0	191.29015848427463	469.6100733544406	320.94082107194	386.800805016808	1595.0250836015932	1792.301929325521	1148.792878382678	1613.9842564484843	2126.413225857822
PWY-5183	superpathway of aerobic toluene degradation	0.0	0.0	0.0	0.0	0.0	0.0	0.0	0.0	0.0	0.0	2418.687592958897	0.0	3101.60106143219	2227.7312839298093	592.6272614378624	0.0	0.0	0.0	0.0	0.0	0.0	860.7741307974834	310.8088286892342	619.8355829503669	474.1827710105186	587.1996035063701	55.4700765463653	1599.1036204411464	0.0	310.38765415942845	20.965270112994297	210.654863289006	185.752307064954	338.0032524828818	0.0	0.0	0.0	0.0	0.0	0.0	0.0	0.0	23.47476576038524	104.72419353081114	0.0	0.0	188.88135276488308
PWY-5184	toluene degradation VI (anaerobic)	0.0	0.0	0.0	0.0	0.0	0.0	0.0	0.0	0.0	0.0	254.4924153416283	0.0	564.6037998406127	0.0	461.5573152623196	0.0	0.0	0.0	0.0	0.0	0.0	0.0	306.58640383480906	92.05930802343408	56.62291261320412	0.0	0.0	0.0	141.4703528577368	217.663571097529	126.55844200222604	169.22888836109723	164.473712360356	270.93046129925574	0.0	0.0	0.0	0.0	0.0	0.0	0.0	0.0	0.0	0.0	0.0	0.0	0.0
PWY-5188	tetrapyrrole biosynthesis I (from glutamate)	24811.619834687917	7132.993515341423	26024.478077260253	93.57265667188008	30451.587589803	22077.58005536499	20371.551115111903	20638.79938617442	24894.35855622398	17011.44981811284	74602.96257682353	11258.344420373576	60450.14595079983	55017.51837210721	62643.85947983208	30827.36309589547	28522.53025661748	15820.075218747232	29418.09983209992	25872.506106506207	44713.82455707751	61149.0264792511	47025.565162017614	49516.75668821224	41210.81420147407	78387.38110683562	7604.707346503699	19637.733629251903	33820.63048878223	46504.15951274794	31348.43917201204	33232.38722393934	39286.14297474653	33467.534053736985	25359.482904866	29818.707157918023	25179.681841824506	103.4876896237912	15118.987119967682	31899.089831237503	27230.989999553552	27142.43787562099	40420.70121151501	42622.43543696306	36085.81087208027	45709.75249280116	55721.15064529139
PWY-5189	tetrapyrrole biosynthesis II (from glycine)	20176.28025632759	5519.749883096998	21366.24895451623	93.65734265734264	24764.71456638581	18148.606348893125	19777.93152910136	19946.55444967525	23826.512648366806	16379.907856212903	71669.76035031569	10721.033827517203	57880.29639504958	52419.18434480232	60862.89970191967	28390.78863309506	27192.32478987221	14601.609619090445	26489.06173913583	22629.33728187153	40962.28605116104	57673.04344360506	44022.26500013919	44823.93329135605	37966.97441385822	73007.63104293797	7626.67167403617	19479.018859919004	34394.70241541488	48728.58538967583	31167.6932737846	33460.303242228765	38951.888482610826	32422.33356850231	24558.505302786667	28672.388979297924	24282.932646532507	96.9872755795712	13726.88057717528	29328.077828449816	24150.569126857023	23971.53322287662	38994.2766900624	40930.41443078086	35207.537257262426	44448.34307305083	54063.663657828816
PWY-5198	factor 420 biosynthesis	835.3651525957652	184.64526880448076	1404.4915111638134	0.0	1167.2569155920355	749.1559266274548	241.89096235075652	265.4051208279091	238.0514378362969	188.39519532518125	45.95757055284739	29.697205835677305	33.954780450809274	280.8457025079376	164.64053103002013	411.6648779488231	405.88254124074354	195.622009569378	555.3091945020612	502.9912405417448	1349.7852770534168	733.823349352762	665.3581752341164	208.7318307921963	175.32712348964955	915.313789681241	0.0	0.0	77.8564449446229	87.20175179839548	115.39408447550863	71.34122286255281	62.77596803456297	81.16933278762806	260.5268280086185	406.01690233606377	49.29333115930213	0.0	360.8939920563186	613.5869322754161	599.5253530047315	870.3817714523241	411.3497206575091	283.94772508159053	154.2237977386981	144.5022546018329	344.59762657885545
PWY-5265	peptidoglycan biosynthesis II (staphylococci)	0.0	0.0	0.0	0.0	0.0	0.0	0.0	0.0	0.0	0.0	0.0	0.0	0.0	0.0	0.0	0.0	0.0	0.0	0.0	0.0	0.0	62.95201590244794	0.0	29.132208031535257	54.31072848318385	0.0	0.0	0.0	0.0	33.57799296791192	0.0	0.0	0.0	0.0	0.0	0.0	0.0	0.0	0.0	0.0	0.0	0.0	0.0	0.0	0.0	0.0	0.0
PWY-5304	superpathway of sulfur oxidation (Acidianus ambivalens)	3816.0	901.0	2517.0	35.0	3949.000000000001	2697.0	3262.0	8046.519999999998	4662.92	4070.67	11945.41	947.0	6641.35	13331.98	18519.91	4270.5	3124.0	4665.0	3640.0	4988.58	8444.0	17022.0	13617.62	13480.999999999998	12638.42	22822.34	117.66	416.0	17694.12	33934.26	10265.66	12227.32	11926.98	10469.94	12616.76	19524.28	10688.4	29.0	2712.0	6921.000000000001	4049.0	3925.000000000001	13484.0	14226.0	7732.0	9283.0	11448.0
PWY-5345	superpathway of L-methionine biosynthesis (by sulfhydrylation)	6584.531338374065	2021.7704792391064	9988.689099943262	49.293019515418926	7649.483901716087	13202.881554200012	14744.186766077788	7149.790418470737	15314.457626029289	13261.433112579614	56794.44465462461	9185.661592851942	55552.36140937711	45420.17008488854	56769.50689029355	20066.44396784618	19525.0893397788	12831.683006453186	22603.25086901019	19016.00833143125	18373.0062588426	39328.40981995416	28141.504879036143	39367.8259074418	28214.236897364037	42493.94162990679	6053.414920143152	18434.073031417996	22151.69192111045	28424.50360141436	22817.175244057576	22450.84253533308	28616.78841059904	24858.388897598765	10467.407160558849	12135.728326144606	12356.886732397912	65.09373604606527	7975.319790726914	17066.272783186847	17615.675932171263	16796.549551665743	23867.492001596493	27654.71848030861	22648.4536257026	29025.653044475428	35208.81474176964
PWY-5347	superpathway of L-methionine biosynthesis (transsulfuration)	4045.70362815467	1127.0368181466004	6194.76256076962	61.74681887097051	4509.554926063297	5608.02108782904	2772.908764096261	4420.717578708899	3448.8221206282283	2901.9534881764844	59665.17213870985	8219.136793258092	49259.62323317362	45909.35464428928	55635.638699346535	4438.47751600645	3207.511208300675	1848.00436642416	3028.7022032390287	3109.2433047426366	5563.096377296181	24174.72721601987	21006.259502701272	32933.72740878597	21712.78881585637	31466.872404221023	4111.598051171977	14381.58594707338	24083.668623297905	36441.90879922015	22003.520202413318	26744.878209556085	35495.4092212652	27826.94525865109	4466.001575328399	5032.304857223169	6899.422088045869	0.0	2057.7486647343767	3543.687633162394	2586.365088682436	3585.3636931172487	18393.79928022803	22655.396205280344	14618.849833912484	17155.62990853524	22915.24999437222
PWY-5384	sucrose degradation IV (sucrose phosphorylase)	352.93262693125496	28.572668968919583	678.7978137129097	0.0	249.0605443436401	1835.9663754489295	1734.9289926558354	1161.4217931580413	7553.110199272014	1031.968164587102	16394.827373917404	2318.9128580137503	13407.7230418379	11607.723274417418	21308.56553991032	1443.4694905710664	9118.707537954177	576.9201443313541	577.3130408512399	810.6705372363358	929.8822314432724	11470.190139632585	2949.102393335404	5129.746858273506	3039.244569591108	5481.175437951762	6856.063341557167	15792.952146437226	738.5769475171472	1136.490934531184	529.1415600979202	509.373579111572	8337.038059595905	464.1766752288899	1681.9648023679215	1286.662733092093	2564.9392534371937	7.072463768115942	519.9927076804859	554.3238162228932	594.8258626673995	1370.2736816528488	1852.9630660919595	2445.4528129751648	4297.217737071273	5737.92118516758	7369.398842883022
PWY-5392	reductive TCA cycle II	0.0	0.0	0.0	0.0	0.0	0.0	0.0	0.0	0.0	0.0	765.8806958969002	52.38653938000572	286.3874497659556	932.8218919705686	519.0363772529454	0.0	0.0	0.0	0.0	0.0	0.0	80.43008519716209	157.11061157690972	292.9690019030739	320.3392038192524	0.0	6.980439047799313	103.84361483786556	122.28186123696976	279.26988005002124	62.92951080241031	94.37496315720216	188.555854402366	299.8184836122922	0.0	0.0	0.0	0.0	0.0	0.0	0.0	0.0	115.30646092374694	205.9389080030444	73.40389515846446	48.96766200526715	400.7256717481584
PWY-5415	catechol degradation I (meta-cleavage pathway)	73.22680145337642	10.531871753450863	294.4897966193902	0.0	81.79638393624379	102.38082890394956	57.6243536266693	109.6002837121674	116.37956395541966	73.48144796309117	12220.541178392925	1369.9020926403357	9711.326553587149	10056.551474945289	11373.103356527978	198.15443058048817	109.90731476252289	34.32635154259836	133.42441995311515	202.24274097645645	189.5430048772442	1934.272277053654	2108.425081764305	2537.9374333509554	1699.4754940913076	1645.143246573372	236.29789539888816	1874.7221658646656	3622.478335654133	6408.421034782847	2818.979030564604	5177.702947099866	5003.83985795142	4902.0832557590375	227.8607554869596	292.79940333023046	168.40281997563582	0.0	97.90343060632048	240.5898500788008	130.05030742187657	228.93394298962983	1400.7130667980064	1465.4107123708943	868.3258462259813	1299.7322137222586	1606.7747436477196
PWY-5417	catechol degradation III (ortho-cleavage pathway)	56.52555178476912	0.0	260.5206369900542	0.0	0.0	623.9536759314026	240.8393201082324	44.38254669205527	4.338684064708686	63.54886355183883	3931.837730958794	576.1615162602925	6911.139075014707	3878.659395482816	2534.258564775945	140.70593324302365	158.67830484598107	5.105086430347229	13.892359075274586	7.891170431211499	10.564650890771754	2157.413698124002	898.5783553199793	1294.6773243261875	1308.4993543889398	1867.5979510094392	5918.0200127427415	12661.697124582846	548.709342750504	984.8246438324172	528.6274671321189	522.3357983802065	652.5882719400524	747.7468161486751	26.55482776456685	29.8701119286486	719.5522290581491	1.5000000000000002	83.29432975750476	50.0637076926574	0.0	0.0	317.8627777470334	695.1452910087119	301.9133660927877	461.613808294475	753.4421645124698
PWY-5419	catechol degradation to 2-oxopent-4-enoate II	49.02118417968372	0.0	107.12717518679231	0.0	0.0	49.9288782861582	65.58683061738326	106.38853719191628	95.68664432223886	36.35822540092757	9726.417300309362	1353.359947606707	7606.505759098035	9464.80639993806	14483.295785550696	187.94681057261604	69.26333046768971	9.969256507819509	65.52023025551972	147.2499509334401	98.4437581935666	2677.61463785493	1436.3634880131517	3190.196343503625	1352.368023421237	2104.657493152124	24.44315527511368	1327.372430063249	866.689388700992	1037.194436715283	906.6893147294122	864.3452950081444	839.7821868221253	1077.0282649045446	186.30867331369808	261.6083191081962	129.94280223041088	0.0	58.65434704411402	163.29056650550277	61.424204592729325	176.45977178384285	784.9697435826063	857.6550801614188	565.2288591950887	1109.095321247781	1239.860990628617
PWY-5420	catechol degradation II (meta-cleavage pathway)	77.62520627237916	0.0	157.59971043494423	0.0	0.0	68.50029335561821	61.83173134585697	121.57562762456904	110.43213804496636	49.29953633840728	10920.213522724624	1392.6074518934618	8395.0817314403	9707.864211594626	12340.770526832825	202.41511241352	83.50969114891338	14.608613758928188	84.1916254739538	162.3308223841344	125.86293934372878	2162.558064492526	1651.069423992189	2704.852719081525	1456.0774132069705	1779.0436448317466	42.27718029179058	1829.125207780923	1323.5407899487552	1658.165966115375	1300.027872582972	1368.9415117859487	1317.6626335136727	1645.055468269285	208.57253392802	296.1059519866065	153.3115042125745	0.0	70.38069046045283	188.3825860554822	79.65138993952014	191.9450277137464	961.644886601404	1037.969701575938	654.4839973214428	1155.0406907196298	1344.248145148773
PWY-5430	meta cleavage pathway of aromatic compounds	38.28421406924924	0.0	106.374633813734	0.0	0.0	31.21565425314798	0.0	11.95566623396766	0.0	12.65104479685758	3677.174681198617	329.69899965632874	5559.60742051981	4380.871762215848	1918.1676540460048	18.5026773542487	13.510713580760788	0.0	0.0	0.0	0.0	924.0915168642792	353.03503913396645	741.840238501761	424.4365624875489	609.2858089723022	55.07703831105992	1218.0366441702176	536.2875625036985	811.6713766834685	481.4446309591319	510.00931657878886	610.5581913760332	762.9152283346024	0.0	0.0	14.227215933873389	0.0	0.0	0.0	0.0	0.0	141.05022900178128	256.09344321116833	39.62920404245453	0.0	258.82953441453327
PWY-5431	aromatic compounds degradation via &beta;-ketoadipate	56.52555178476912	0.0	260.5206369900542	0.0	0.0	623.9536759314026	240.8393201082324	44.38254669205527	4.338684064708686	63.54886355183883	3931.837730958794	576.1615162602925	6911.139075014707	3878.659395482816	2534.258564775945	140.70593324302365	158.67830484598107	5.105086430347229	13.892359075274586	7.891170431211499	10.564650890771754	2157.413698124002	898.5783553199793	1294.6773243261875	1308.4993543889398	1867.5979510094392	5918.0200127427415	12661.697124582846	548.709342750504	984.8246438324172	528.6274671321189	522.3357983802065	652.5882719400524	747.7468161486751	26.55482776456685	29.8701119286486	719.5522290581491	1.5000000000000002	83.29432975750476	50.0637076926574	0.0	0.0	317.8627777470334	695.1452910087119	301.9133660927877	461.613808294475	753.4421645124698
PWY-5484	glycolysis II (from fructose 6-phosphate)	31175.717061698728	9638.25735157066	33113.9387034214	108.10517617000684	38120.03711532295	27755.00476317051	23253.26188690192	24157.30735559345	28671.1168286257	18901.49450247488	66141.15305702337	11166.708654257984	60052.2550347389	53034.76379044595	59163.727627878834	34638.204489124946	31288.489476809	16971.244650475553	29901.187613459624	29557.20282558032	51073.8029959968	70933.01277410696	54992.19209738675	57332.27538501226	47704.8391989396	92794.59296923246	3161.6218531931927	12607.607928022131	41847.34774289661	61864.69434902137	34718.97877685162	39645.759973399945	42648.89952886299	39966.45955262267	28653.44377545174	32827.2608803919	28466.86330503442	123.19965319476631	17062.318692362205	35632.958253345925	29796.690540907864	29791.60244545625	46613.90628783697	49801.44163033463	35363.48030082657	45196.42467524739	55155.64498679026
PWY-5499	vitamin B6 degradation	0.0	0.0	0.0	0.0	0.0	0.0	0.0	0.0	0.0	0.0	0.0	0.0	60.94117647058824	0.0	47.40248962655602	0.0	0.0	0.0	0.0	0.0	0.0	0.0	0.0	0.0	0.0	19.0	0.0	0.0	0.0	0.0	0.0	0.0	0.0	9.999999999999998	0.0	0.0	0.0	0.0	0.0	0.0	0.0	0.0	0.0	0.0	0.0	0.0	0.0
PWY-5505	L-glutamate and L-glutamine biosynthesis	14897.656105408128	3551.1689434943464	18021.09903869408	73.08743896979098	18882.0582320237	13636.596438385446	5384.744006906999	7931.696537682541	9630.470475631462	5143.321307374971	37908.505736777865	6889.074031060844	40117.30510761763	30855.084529005337	29251.909476651253	14278.62438569276	9911.705909011234	7421.87722974753	19191.79118685819	14590.541164949123	18429.51025079813	41315.73728518866	34011.495598497626	36581.12335260177	30814.898495627447	57391.89465794662	1641.4971436817586	9026.5166666599	17694.988715025247	34603.04379653959	16513.935137022334	19292.22266563517	30057.41511808884	22005.66635685376	11653.168485986587	13208.544740961685	5509.698553219855	37.79560766346762	9959.225097907987	18356.46742383426	19632.371549839496	18280.68936032838	30314.1602246924	31803.648580213387	26817.75260626235	32051.64401803331	40698.4429130747
PWY-5507	adenosylcobalamin biosynthesis I (early cobalt insertion)	288.62934787689926	0.0	291.7582123826988	0.0	0.0	188.1644835670316	163.24715538710126	389.1312700874798	398.4041018258922	263.2851203289921	9707.985907700042	1139.3277283262196	6714.786809844783	4178.234493775721	6271.764584704563	126.39631466846834	138.0042504719197	0.0	46.27938634743405	45.72887973812105	144.9368695214431	1969.6501921044876	2510.625644928484	1115.0527821891617	2243.421393387447	2193.0146867364715	248.81331050063443	898.2816732104499	8068.267841315876	12175.267696074472	7801.472333678958	12516.306820323076	10827.68759823573	10724.26890921348	1161.8169435289708	557.1480403584081	425.30746198259226	0.0	47.64995922380616	116.60332984043625	159.4562923650997	0.0	3560.774288063348	4531.926356421111	2158.2017297302878	2845.6892532065244	3956.3837992652952
PWY-5509	adenosylcobalamin biosynthesis from cobyrinate a,c-diamide I	11050.43925843643	3752.231845356976	12439.268907625976	39.72969053726983	13969.578188929743	10648.777903402852	11083.943733067268	4297.662986733456	4624.328105215354	9248.849842888252	26948.099451381226	3761.082390096816	20662.774150737456	22401.170850855488	24803.0047976038	14224.1788854068	14433.08647679076	8072.47067479948	11644.883850425536	12221.507561511153	13847.857561063358	22538.70868159384	16546.550696059276	14419.458562762304	10582.238282662429	22377.69870590872	6546.629475254679	15642.704806737189	13851.534178888644	20254.40437649509	13119.91190107047	21559.181051638447	19434.67647242534	21126.431997930267	6486.742148747041	8185.986689611677	9294.564577471478	35.75284279042181	3820.6608501011888	9646.866609601408	9807.915139050556	9690.010692008636	13733.910092793338	14653.235313825182	11868.066296124654	15024.544244599005	19833.607926907327
PWY-5529	superpathway of bacteriochlorophyll a biosynthesis	0.0	0.0	0.0	0.0	0.0	0.0	0.0	139.72981159148887	171.0748025103686	0.0	2547.4417996222965	426.61224306838335	2359.371526496688	1023.755190631652	2530.2439182872945	0.0	0.0	0.0	0.0	0.0	0.0	131.37160847418107	0.0	43.62726772759049	460.3682976595733	373.6164740772589	0.0	461.3403250877404	780.8742069297589	1880.7055421120976	368.740739775776	899.3785641055534	840.2908004386533	975.558017919504	0.0	0.0	0.0	0.0	0.0	25.297834897796857	0.0	0.0	126.25437990414008	97.59409501583605	88.98505884325762	138.10644917791504	179.96459938476372
PWY-5531	chlorophyllide a biosynthesis II (anaerobic)	0.0	0.0	0.0	0.0	0.0	0.0	0.0	132.55821584051054	159.02165038743524	0.0	3131.9602097098123	391.6803349928617	2178.554702457302	923.2851923532309	2749.9209025840114	0.0	0.0	0.0	0.0	59.10239018324043	17.960225511472203	655.8340356633003	829.5923441838831	411.2406859977358	1012.045586431669	958.7849480370916	31.058454255692396	442.9487678820629	756.3651800096188	1680.6800932049562	739.8822973705417	1093.2002063165585	869.2813725701427	1257.3400390232282	8.978505715669892	0.0	0.0	0.0	0.0	21.68744540791973	0.0	0.0	246.2003355225505	139.22917328570384	173.96905564629128	177.3195225832428	302.72195459330214
PWY-5532	adenosine nucleotides degradation IV	355.1959320646398	127.36933530884384	727.6744240872226	0.0	511.7164357199799	344.90883168884744	26.47191578047197	59.67724160998087	167.59008134810688	103.23231860168714	31.897884890423686	0.0	16.989137473226148	105.24492220031492	5.005886734701124	284.9299222620753	225.54093813248468	113.77225643649967	302.50786765086616	231.3440553133925	840.0064045869043	910.9171592778706	591.4199467329977	173.64240095302813	355.70987516219964	1049.6095170799135	0.0	0.0	48.14644440640895	32.70448728966821	46.78854668921953	49.40780919732007	31.19214961703758	35.57136634975925	66.76061579931026	120.93029797077446	120.381064264228	0.0	201.40510023639783	289.6562061142919	313.4394903523859	433.225339427358	103.1710177663872	65.57764404390002	20.378921238520757	20.65403262928417	109.96015399046354
PWY-5647	2-nitrobenzoate degradation I	18.231707317073173	0.0	0.0	0.0	0.0	30.687830687830683	0.0	0.0	0.0	3.6206896551724137	6639.925073714558	885.0311591995302	4479.06555457613	6446.965610278893	11122.729659399463	0.0	0.0	0.0	0.0	0.0	11.915887850467293	512.1163465937442	709.5344412590279	1861.3657630385428	695.2994175329807	592.6445443821113	12.117177097203728	500.37713665454015	133.99650307572702	248.02558646399004	140.7353214046342	85.15500959772753	117.06055271643328	111.46969645010456	0.0	0.0	4.889416468824191	0.0	0.0	0.0	0.0	0.0	309.7339728684014	289.17721564718187	217.5677455777192	407.5273950797495	453.3041839607463
PWY-5651	L-tryptophan degradation to 2-amino-3-carboxymuconate semialdehyde	37.68949422099335	0.0	30.282157397918397	0.0	43.51320735900848	85.4301260023684	9.566647637542204	91.43421986454288	74.85669720801654	32.01480703540742	11392.797520514529	1456.8803770408651	7701.853697042612	10319.530360366423	14801.885563370755	46.9774489051597	101.8810853518307	0.0	34.4952364882716	50.62440474395312	66.15643001526333	2023.0039602659483	1619.376046410718	3128.576715434565	1295.075699328375	1189.105698394622	160.99043687070818	1133.906439472946	1330.497757884734	2809.3922916925926	539.7929753367505	540.8553623571943	1798.5861850836432	935.427534807597	163.41686246031333	227.53256458685567	111.07314016952296	0.0	9.562044514374666	123.48410513499208	23.82981183855403	36.0350055880968	1717.389934456678	1364.4907609722352	728.5890771103747	1119.721701153622	1631.3459712486433
PWY-5654	2-amino-3-carboxymuconate semialdehyde degradation to 2-oxopentenoate	20.27118644067797	0.0	0.0	0.0	0.0	31.140939597315437	0.0	0.0	7.156812339331618	3.818181818181818	6498.9593698525305	885.9815243602247	4571.448496619743	6462.320209635854	11083.491608671333	7.232120451693852	0.0	0.0	0.0	16.339522546419097	15.813953488372094	570.0610422206173	740.4439485706955	1883.8869310102225	761.3678025583082	821.4588446645141	12.794376098418278	546.5476785388488	312.29352758496645	426.2675181905621	337.8330323426919	253.32240920111312	305.8372947260464	408.65804241054207	0.0	0.0	5.803126737934869	0.0	0.0	0.0	0.0	0.0	336.23049683850627	409.1412382324417	240.49819719872417	449.4290055909888	496.92557914755633
PWY-5655	L-tryptophan degradation IX	33.33940687845346	0.0	0.0	0.0	0.0	55.42552187785745	0.0	0.0	0.0	7.964938823438089	9344.791324311556	1193.3361516086268	6534.527781712228	8557.417294757688	12161.860263552104	0.0	0.0	0.0	0.0	0.0	25.292139111624344	941.7002595525096	1160.4377396331963	2409.604099902028	1059.5123973104885	959.8298902052386	27.84751337475106	911.4170071060316	296.9893014279713	551.9318336993005	287.44390815612115	186.5010074495557	265.8081973842579	247.5813620384158	0.0	0.0	11.278304855095136	0.0	0.0	0.0	0.0	0.0	598.2919062990861	558.5116644336921	396.5963114080549	701.2238406470967	817.8414969924731
PWY-5656	mannosylglycerate biosynthesis I	0.0	0.0	0.0	0.0	0.0	0.0	0.0	0.0	0.0	0.0	62.144605187809056	0.0	0.0	167.4518890578632	88.60486345342336	0.0	0.0	0.0	0.0	0.0	0.0	0.0	16.642629900633302	9.987601093837355	138.42871414743	0.0	0.0	0.0	3.330622246933253	11.913012325751232	0.0	0.0	0.0	0.0	0.0	0.0	0.0	0.0	0.0	0.0	0.0	0.0	0.0	0.0	0.0	0.0	0.0
PWY-5659	GDP-mannose biosynthesis	33774.25777477258	10949.371502035932	34866.54743760401	108.39911178064504	41198.04929852779	30064.06346186125	24054.357183519893	24736.978804787977	31694.88017637057	19802.67593339541	81344.53004181648	13890.47566257278	70802.60628100354	58216.62261494381	65529.356214251166	34961.0216616639	34685.099379583065	17913.221809759758	34816.783067953795	31486.429449970365	53264.96111175891	76347.78846755534	59095.85053893912	64868.15269942725	52933.544516152186	103875.12799462002	9983.382211852706	26647.8726318312	33714.53711759746	42797.9256453419	33486.10856515536	33342.63197097168	43782.20656016424	37777.47453435249	28147.493757002307	33398.13478649921	28665.23773935221	134.67829512553988	17840.7847706572	37876.55899072223	33425.46629834253	33808.71505241849	50070.74898187179	52636.16012497813	41642.21344226132	52486.13288863648	63736.66134325192
PWY-5667	CDP-diacylglycerol biosynthesis I	42233.2419384987	13659.854944673609	43321.17052443967	131.4594677055952	51327.55366305747	38229.47685802965	27809.209569966224	27659.214882272656	34370.60874970114	23074.07842308154	97047.1269612022	15498.440722390009	86771.19756882443	72247.34884104799	80264.99399681199	42922.27135526037	38648.400225300014	22726.23592721969	44602.35617472313	40337.42842737182	64641.49321452808	88640.80569274447	70060.64501743109	79366.95885797149	62674.325233594456	120085.8980120914	15338.4611039198	35695.21519248738	45257.88131173704	64636.574803640906	40472.12782781548	47422.84111744957	52851.929481999054	50190.11527162043	33666.77836700471	41174.87283320461	34478.45450151998	151.85384387236775	22334.801211980543	46365.15685824486	42649.04369609507	42732.438255802925	58795.00145696136	62294.47676590906	50713.97531842302	64413.82854545293	79479.79011834988
PWY-5676	acetyl-CoA fermentation to butanoate II	273.2421406631356	60.77533466791665	280.52589676560854	32.553672382474595	116.7867848427922	925.0670966483576	1645.4066399933834	1858.8084925230985	2031.3378231924405	859.4339406878405	22900.046027995595	2157.8075763240777	14263.452405916014	11371.980111647992	9516.40357966284	2049.628919528663	1416.8465373190627	600.6213569318616	5400.329170742251	1351.411344085555	2243.08809537013	7001.877955350567	7474.605249115317	11475.500213304822	7248.519162046371	11278.010697685211	384.56110598690816	1367.0488842501925	12911.594122116196	15097.33250344427	14460.30271687291	20911.53916401492	20153.68166830224	23512.55787821423	4214.850218408862	4364.468136872949	3572.8533637881	17.370161919906888	2105.3778064303187	3925.114142390453	4172.8235138673945	2603.5497232157127	10885.372581952492	15137.268822665772	10050.211752721438	12165.745875099388	17290.90713491585
PWY-5677	succinate fermentation to butanoate	113.90284320218716	0.0	185.99124068413752	0.0	0.0	125.2388842297679	13.506548670051007	31.01691104915735	47.874670638556815	37.42419124746792	205.67428018803983	12.41345438795684	424.5218136101604	389.68364240368055	415.7848435890384	70.63893347082869	48.645731763242814	24.38463415811881	36.43960272205543	60.68032355921886	73.96992888127733	102.37713483653992	424.84199389169993	836.659589926626	322.093543435785	246.8161011297769	0.9857671992203604	0.0	117.9172042125291	177.84296957198572	136.35751129780934	286.911755630937	1362.19927519028	169.32932230384088	132.22926695919895	167.66575642806274	16.576792011849534	0.0	48.64581471781292	64.48230198238967	18.978558729639754	5.847653365967207	78.69386421957611	137.15729979661876	41.96037904020673	17.053644734743614	191.39041756783664
PWY-5679	clavulanate biosynthesis	0.0	0.0	0.0	0.0	0.0	0.0	0.0	0.0	0.0	0.0	0.0	0.0	0.0	64.0	10.999999999999998	0.0	0.0	0.0	0.0	0.0	0.0	0.0	0.0	0.0	0.0	0.0	0.0	0.0	0.0	0.0	0.0	0.0	0.0	0.0	0.0	0.0	0.0	0.0	0.0	0.0	0.0	0.0	0.0	0.0	0.0	0.0	0.0
PWY-5686	UMP biosynthesis	35161.40136867928	11019.579607721877	37145.16313924343	116.43195231332577	43449.79592425538	31780.76799305037	25481.967830149835	25045.36452087917	31213.40200888877	21250.39433550309	85123.69821356994	14037.204957979977	74433.67225718847	62934.21349345588	71906.62248160847	37939.185166071424	34377.82507735179	19649.21208102356	38073.283582166005	34011.59135396387	55749.99078828007	76486.90079815195	58997.346244569446	64251.98670631605	52233.6947934473	100366.47019859952	8209.75746502721	20587.213358764424	40791.141038502166	57504.4199971153	37805.12266860222	42857.55174132748	48227.94598104479	44842.42712870482	30237.154122451644	36328.87215741574	29173.90804237608	125.68439681775214	19135.9583911679	40617.04880812992	35935.8487114881	36380.22848057945	51228.28856284078	54993.27149577523	43238.48944172813	54704.76709897706	66948.84987585312
PWY-5695	urate biosynthesis/inosine 5'-phosphate degradation	13611.606904025572	3812.2973771917545	12446.8841256772	122.25090557275544	16438.39603266854	12915.083783876968	12878.664665076849	19473.51312280997	19504.11215843298	10646.14285850824	96656.2571869947	13281.250300264772	77895.91658130112	62582.37249526126	70339.2903466624	17309.06439653081	14848.294842498037	6629.986739739115	15355.635860774766	12548.86329342509	34258.966927258014	59800.99896200776	48814.96237272446	56977.589262862704	44484.99660241744	85514.85872394871	10128.444948447455	27015.90122501391	42277.28003638095	61674.40204784822	41195.03126042984	44886.51545490522	51729.45077770112	43989.23938434971	22043.890452575943	29399.72817453584	22551.388399065647	88.55298498678451	10109.0347459883	21009.684224630517	15861.647976708628	15735.342766797054	48127.863239395454	52333.60088034554	38141.356029400406	47148.729680874494	58994.00739499891
PWY-5705	allantoin degradation to glyoxylate III	81.04479494387138	10.114405947538224	181.65685883159875	0.0	84.75333790488484	717.8635889681478	39.8231309614776	56.41147581139347	32.02258276693707	45.62720580123917	5449.106804746119	731.1134799404232	8086.576034711906	5428.510103942904	6284.24370221677	68.39030916577669	55.070567462889024	18.751450022196117	47.29203701002787	44.1496120349462	73.765544865738	1792.4823945375942	1256.0940805992277	2104.4217656548494	1488.2001468799538	1429.261074192285	559.898222710098	2192.0191676588274	1328.2819048247372	2864.7070975938045	1288.8662560612768	1708.8507582528246	1835.6930688355903	2175.5614809379617	18.71307116026016	78.66459766372257	108.16545836508136	0.0	32.76444065968358	52.62419047182832	56.77519181585677	73.10181375983463	486.2438165269323	759.9944581639074	314.7708292546423	518.1818702953185	773.5155991789305
PWY-5741	ethylmalonyl-CoA pathway	38.14786908860105	0.0	58.86512048312748	0.0	6.745778872386015	24.709945974222254	667.8309451090169	1225.3704265548038	1866.6746698424008	547.6297835760472	11298.784240283503	1332.7056520092492	8237.569667062193	6770.839610751866	6120.733073091596	200.82775315010284	687.7884371665787	261.9100314901966	5138.77155746905	455.5806052604469	748.4138228335994	2670.447055687275	1749.754273065735	6723.65686154317	2737.365822506494	2063.069194292602	43.721671776444666	357.61404248167497	2097.971873267621	3745.35874670454	1782.5877576080843	1898.827855151238	2056.921995773586	2796.5733419659696	2701.407494031588	173.04431160628408	253.0058571481207	17.268998126738943	1641.7242624319035	2788.8908162153853	3564.685488273209	1993.2069537906127	1047.935218708518	925.425397131251	619.2509799436349	1098.8484022070272	1668.031384447091
PWY-5743	3-hydroxypropanoate cycle	0.0	0.0	0.0	0.0	0.0	0.0	0.0	0.0	0.0	0.0	17.56579811290239	0.0	56.22570404040573	82.57903384207312	284.1760748237493	0.0	0.0	0.0	0.0	0.0	0.0	0.0	0.0	0.0	15.22744740205507	0.0	0.0	0.0	0.0	0.0	0.0	0.0	0.0	0.0	0.0	0.0	0.0	0.0	0.0	0.0	0.0	0.0	0.0	0.0	0.0	0.0	0.0
PWY-5744	glyoxylate assimilation	0.0	0.0	0.0	0.0	0.0	0.0	0.0	0.0	0.0	0.0	17.565463900138266	0.0	56.00994311789602	83.2195002180721	284.98083550105554	0.0	0.0	0.0	0.0	0.0	0.0	0.0	0.0	0.0	15.188191296281602	0.0	0.0	0.0	0.0	0.0	0.0	0.0	0.0	0.0	0.0	0.0	0.0	0.0	0.0	0.0	0.0	0.0	0.0	0.0	0.0	0.0	0.0
PWY-5747	2-methylcitrate cycle II	244.8450768310052	27.44014494665158	413.4331266721954	0.0	143.5077859735394	1053.9662437534078	5986.209269020196	1313.8712887930894	5784.3151730036725	1081.1992734764426	15521.588279722464	2157.178813095913	13710.756959527602	9745.056139631472	15415.160090838534	760.166728446772	1942.7269070834836	541.9118444747527	602.5417382562207	468.6186806632115	959.5641982811647	6101.040308937284	3755.825131422466	4738.033312629936	3202.0874737516547	4642.837805786765	6544.208348158387	14399.756530338927	2998.652082024605	5566.079644971887	1891.6379274404817	2592.37344791099	5329.521472714678	2760.7897596508687	566.8411836860511	490.6114610786333	1943.2083948253237	2.614785992217899	246.8053115429604	423.4016731789064	590.8900988821811	802.6830066439052	1601.7960023015353	2521.7582414047884	2975.1465783621597	4611.108079099847	4532.000757757757
PWY-5837	1,4-dihydroxy-2-naphthoate biosynthesis I	286.5953734404598	38.56662593987167	345.96577193450264	0.0	220.41284695356012	209.92289826163776	281.3983084627256	471.03538463048	537.7440155934194	347.9301044663165	10057.032972176166	1418.124201750051	8582.48696247699	13996.228432522435	12993.90799788325	472.9853025696594	282.9515542973192	137.07145558761812	316.4685993753377	300.0689629704638	960.8254740286416	3319.000611003254	2478.480463261535	3959.750173463945	4653.008050509824	5223.340122794285	135.44719842755708	1198.4594246420318	2488.7620545052014	3273.1617163296924	2276.1682488538027	1656.6438750582963	3700.770839442344	2775.916126832295	436.5211144901153	774.7521206563231	563.2947211795314	0.0	175.95266167584873	875.106270304934	361.9148394494986	490.5216247274017	3987.02734608611	4257.247449226257	2323.9974847241942	2834.843650702463	3918.768406710376
PWY-5838	superpathway of menaquinol-8 biosynthesis I	948.523272803022	130.29700540540904	1143.6748664224776	0.0	739.9351105173288	699.8218548045621	916.8629755846052	1497.343192164734	1728.042908044108	1096.2239673764848	21357.12748419811	3354.674546767553	19115.980302660144	25829.69026003323	23851.44465055755	1510.875943343665	938.4544803325224	449.1202829933328	1035.103285252593	979.8401178461244	3011.9276343380534	9455.99775734135	7244.420238885553	11750.878489490462	12678.294541289137	15195.805068253498	328.08550036904603	2405.294518666658	6373.731676289502	8150.72859098623	6105.5187264757815	4571.371315779344	9211.78198148888	6904.391847234722	1387.6357106742876	2301.7116622211333	1556.478121632562	0.0	575.4549904191798	2706.1678374898283	1178.559916889428	1572.718932021327	10232.282521425886	10784.975853842896	6105.806989485223	7492.157099369738	10071.011931918854
PWY-5840	superpathway of menaquinol-7 biosynthesis	922.5261690783208	128.68400836797326	1090.8432593581529	0.0	725.0611900966081	687.2208224937797	913.960195592431	1476.5328173541398	1717.3067893772666	1090.9246893168338	21089.479612165844	3274.2932518435787	18523.687212737324	25813.10014434662	23772.392627353045	1492.8978246060854	935.4881064969252	448.0503297461408	1017.909010368897	974.3278424629004	2928.753356025483	9272.09518285733	7142.419341566532	11607.877796795992	12389.735569420787	14931.851292893478	295.8611281712974	2218.1998606143584	6376.6455014039975	8207.402384796927	6076.121400717264	4591.651398094446	9259.160520599666	6922.269740244068	1370.5377935015429	2269.5894671076526	1528.0267309307596	0.0	558.5327843871563	2603.8504621014663	1140.5141411891466	1530.975308877057	10019.38026196773	10603.83627023341	5936.373724644376	7296.777366797763	9809.226901105912
PWY-5845	superpathway of menaquinol-9 biosynthesis	737.4799982892481	59.78183639861921	809.0814969215858	0.0	573.6481243092426	496.7541638452639	582.687265469772	975.5084634100804	1208.1791461483704	607.8306407082688	13391.07798644653	2214.474536959491	14560.66158555111	14988.658737030408	15630.742147833984	965.043521936365	674.2182798496092	234.1430084566716	705.6678674028517	468.4788223836471	1922.7040402194525	6359.456216770795	5731.343786223477	7913.643652073901	8089.246066113838	11643.913170705062	192.02305706681213	1449.924202310467	4161.124232466991	4727.197377270186	4120.415938235019	2369.196740872555	7204.2212532691765	4005.470898307423	997.5793955955482	1542.5844100344211	568.0718377443399	0.0	279.8385259933156	2226.934271708299	782.4849149231644	1283.1299763722504	6513.722467162973	7993.469296315307	4468.436305905441	5479.838029428679	7078.1248640002095
PWY-5850	superpathway of menaquinol-6 biosynthesis I	737.4799982892481	59.78183639861921	809.0814969215858	0.0	573.6481243092426	496.7541638452639	582.687265469772	975.5084634100804	1208.1791461483704	607.8306407082688	13391.07798644653	2214.474536959491	14560.66158555111	14988.658737030408	15630.742147833984	965.043521936365	674.2182798496092	234.1430084566716	705.6678674028517	468.4788223836471	1922.7040402194525	6359.456216770795	5731.343786223477	7913.643652073901	8089.246066113838	11643.913170705062	192.02305706681213	1449.924202310467	4161.124232466991	4727.197377270186	4120.415938235019	2369.196740872555	7204.2212532691765	4005.470898307423	997.5793955955482	1259.6074706724148	568.0718377443399	0.0	279.8385259933156	2226.934271708299	782.4849149231644	1283.1299763722504	6513.722467162973	7993.469296315307	4468.436305905441	5479.838029428679	7078.1248640002095
PWY-5855	ubiquinol-7 biosynthesis (prokaryotic)	3318.375167942236	925.7889655845954	3187.613491115169	26.67618933148841	3197.750760606128	4268.945073332417	14031.010616408936	4688.077365615443	12764.61687350783	11663.425930735748	40490.112552399725	6728.8865515444695	42002.81417902998	26821.07716653191	36388.52833804786	15460.575146167344	16473.00227036802	9867.29923519987	13632.204830499742	12095.091732141826	11856.803679297258	29703.955299371308	22007.931116213185	26760.14097535647	17637.009649049938	30940.46983348568	7874.024105763399	18250.03909614073	10689.36972599114	16575.816333785955	8704.69839714682	8231.483714783533	11897.404115750633	11550.608030254947	9406.030403658471	17057.317538443327	14385.692829703556	29.62602319016165	4307.317990084193	11040.373703618225	8534.262747606928	8619.482304948027	16651.007960019982	16658.983154404214	16720.5964771547	22515.20938503415	27109.0525490788
PWY-5856	ubiquinol-9 biosynthesis (prokaryotic)	3318.375167942236	925.7889655845954	3187.613491115169	26.67618933148841	3197.750760606128	4268.945073332417	14031.010616408936	4688.077365615443	12764.61687350783	11663.425930735748	40490.112552399725	6728.8865515444695	42002.81417902998	26821.07716653191	36388.52833804786	15460.575146167344	16473.00227036802	9867.29923519987	13632.204830499742	12095.091732141826	11856.803679297258	29703.955299371308	22007.931116213185	26760.14097535647	17637.009649049938	30940.46983348568	7874.024105763399	18250.03909614073	10689.36972599114	16575.816333785955	8704.69839714682	8231.483714783533	11897.404115750633	11550.608030254947	9406.030403658471	17057.317538443327	14385.692829703556	29.62602319016165	4307.317990084193	11040.373703618225	8534.262747606928	8619.482304948027	16651.007960019982	16658.983154404214	16720.5964771547	22515.20938503415	27109.0525490788
PWY-5857	ubiquinol-10 biosynthesis (prokaryotic)	3318.375167942236	925.7889655845954	3187.613491115169	26.67618933148841	3197.750760606128	4268.945073332417	14031.010616408936	4688.077365615443	12764.61687350783	11663.425930735748	40490.112552399725	6728.8865515444695	42002.81417902998	26821.07716653191	36388.52833804786	15460.575146167344	16473.00227036802	9867.29923519987	13632.204830499742	12095.091732141826	11856.803679297258	29703.955299371308	22007.931116213185	26760.14097535647	17637.009649049938	30940.46983348568	7874.024105763399	18250.03909614073	10689.36972599114	16575.816333785955	8704.69839714682	8231.483714783533	11897.404115750633	11550.608030254947	9406.030403658471	17057.317538443327	14385.692829703556	29.62602319016165	4307.317990084193	11040.373703618225	8534.262747606928	8619.482304948027	16651.007960019982	16658.983154404214	16720.5964771547	22515.20938503415	27109.0525490788
PWY-5860	superpathway of demethylmenaquinol-6 biosynthesis I	495.1828942551192	39.92808054726749	543.5779769581973	0.0	384.2011048845615	332.98416070591287	391.7165246325701	658.6100994504158	816.8190162210301	409.5843801993292	9537.628979900022	1567.761450704627	10499.795976180165	10943.623084033585	11389.97858917249	649.2889897905071	452.7166754674256	156.77999636516648	473.6253632658738	313.8605927545768	1297.4733320374503	4361.653575272466	3942.262502066001	5464.282537239959	5646.922954641442	8049.469841538175	129.1697127120368	993.0429698830268	2890.491961369304	3258.556898327004	2876.006380980053	1625.822542090442	5153.415175279354	2793.09451659197	672.2571299748231	848.708195326068	381.1410489000989	0.0	187.51890675664512	1513.6664813194557	525.6898810081515	866.246889923405	4548.068827509956	5640.454732920822	3100.843598446176	3797.478441060545	4918.188553767253
PWY-5861	superpathway of demethylmenaquinol-8 biosynthesis	638.1995702460424	87.2146954860907	770.849625288278	0.0	496.23729046200384	470.1576362431235	619.3484104844164	1017.8492882218012	1175.422835376806	745.1341597067969	15856.116510913598	2453.218269567408	14146.066654109089	20253.38765292613	18274.514226578453	1021.853600123832	631.9271248206321	301.94275441502185	696.9329420481496	660.0060552019291	2046.674773000359	6577.601533999573	5025.16038046426	8256.914909195122	9093.49952910359	10624.670497266718	222.1151161958352	1677.5900559594777	4528.507557251071	5760.229566118964	4360.284601196312	3225.011527947721	6726.317492679938	4980.301530424121	939.0890901242224	1564.692957302693	1056.0736588878726	0.0	387.7179356071306	1847.1821834769764	794.8923010789158	1064.7913034583644	7342.93479631915	7768.809453201144	4301.579289809758	5268.390834054464	7125.110970110872
PWY-5862	superpathway of demethylmenaquinol-9 biosynthesis	495.1828942551192	39.92808054726749	543.5779769581973	0.0	384.2011048845615	332.98416070591287	391.7165246325701	658.6100994504158	816.8190162210301	409.5843801993292	9537.628979900022	1567.761450704627	10499.795976180165	10943.623084033585	11389.97858917249	649.2889897905071	452.7166754674256	156.77999636516648	473.6253632658738	313.8605927545768	1297.4733320374503	4361.653575272466	3942.262502066001	5464.282537239959	5646.922954641442	8049.469841538175	129.1697127120368	993.0429698830268	2890.491961369304	3258.556898327004	2876.006380980053	1625.822542090442	5153.415175279354	2793.09451659197	672.2571299748231	1041.8748119375866	381.1410489000989	0.0	187.51890675664512	1513.6664813194557	525.6898810081515	866.246889923405	4548.068827509956	5640.454732920822	3100.843598446176	3797.478441060545	4918.188553767253
PWY-5863	superpathway of phylloquinol biosynthesis	327.09873471664923	44.04898083850302	394.77146434264495	0.0	251.6830074598399	239.6357638712912	320.7192395130064	536.6424118298157	612.3556661469254	395.9392313317756	11233.553512291071	1585.3409340274604	9538.309403012136	15317.819794867006	14295.21302757343	539.1795148111052	322.7598492501832	156.4000153127374	361.1026430442087	342.3567829717844	1094.838409553201	3762.624537017905	2812.389287864164	4474.890369441181	5238.437690860989	5918.712471410276	154.35517827194164	1354.3209531484351	2815.00943416	3702.898254749846	2575.5733713682444	1881.402606866864	4181.58629617419	3138.789688304476	497.61102732202335	882.1291284221895	641.4314689246464	0.0	200.78993608108684	996.436050157173	412.9079831131015	559.3145626826979	4494.621231563693	4797.68738851997	2628.843257160468	3206.9364697004576	4427.990377840839
PWY-5896	superpathway of menaquinol-10 biosynthesis	737.4799982892481	59.78183639861921	809.0814969215858	0.0	573.6481243092426	496.7541638452639	582.687265469772	975.5084634100804	1208.1791461483704	607.8306407082688	13391.07798644653	2214.474536959491	14560.66158555111	14988.658737030408	15630.742147833984	965.043521936365	674.2182798496092	234.1430084566716	705.6678674028517	468.4788223836471	1922.7040402194525	6359.456216770795	5731.343786223477	7913.643652073901	8089.246066113838	11643.913170705062	192.02305706681213	1449.924202310467	4161.124232466991	4727.197377270186	4120.415938235019	2369.196740872555	7204.2212532691765	4005.470898307423	997.5793955955482	1259.6074706724148	568.0718377443399	0.0	279.8385259933156	2226.934271708299	782.4849149231644	1283.1299763722504	6513.722467162973	7993.469296315307	4468.436305905441	5479.838029428679	7078.1248640002095
PWY-5897	superpathway of menaquinol-11 biosynthesis	834.4770847166238	114.27011437174971	1006.4912581299708	0.0	649.5821988521105	615.0197679113513	808.5391578766931	1325.9300377259117	1527.8876015053247	971.3252576587784	19933.239315982693	3093.0884511930926	17739.62996875314	24704.175288100854	22691.56224521446	1335.6625672263374	825.4964611186982	395.555818225772	911.9946788166968	863.5092032355036	2669.993525382304	8499.316545401633	6494.165388030427	10543.931671188777	11513.300346380654	13644.239540477676	298.5721885111123	2232.9627573861053	5823.280123950169	7482.396086382435	5548.615461541835	4141.783959184091	8492.498073724166	6338.128827901858	1228.0223886393917	2054.400133596795	1399.0520005370574	0.0	507.0839113695437	2404.1555183026985	1039.1602871959633	1389.859509030664	9335.001497695052	9852.594965796125	5540.533918044499	6793.460595721541	9163.92842933732
PWY-5898	superpathway of menaquinol-12 biosynthesis	834.4770847166238	114.27011437174971	1006.4912581299708	0.0	649.5821988521105	615.0197679113513	808.5391578766931	1325.9300377259117	1527.8876015053247	971.3252576587784	19933.239315982693	3093.0884511930926	17739.62996875314	24704.175288100854	22691.56224521446	1335.6625672263374	825.4964611186982	395.555818225772	911.9946788166968	863.5092032355036	2669.993525382304	8499.316545401633	6494.165388030427	10543.931671188777	11513.300346380654	13644.239540477676	298.5721885111123	2232.9627573861053	5823.280123950169	7482.396086382435	5548.615461541835	4141.783959184091	8492.498073724166	6338.128827901858	1228.0223886393917	2054.400133596795	1399.0520005370574	0.0	507.0839113695437	2404.1555183026985	1039.1602871959633	1389.859509030664	9335.001497695052	9852.594965796125	5540.533918044499	6793.460595721541	9163.92842933732
PWY-5899	superpathway of menaquinol-13 biosynthesis	834.4770847166238	114.27011437174971	1006.4912581299708	0.0	649.5821988521105	615.0197679113513	808.5391578766931	1325.9300377259117	1527.8876015053247	971.3252576587784	19933.239315982693	3093.0884511930926	17739.62996875314	24704.175288100854	22691.56224521446	1335.6625672263374	825.4964611186982	395.555818225772	911.9946788166968	863.5092032355036	2669.993525382304	8499.316545401633	6494.165388030427	10543.931671188777	11513.300346380654	13644.239540477676	298.5721885111123	2232.9627573861053	5823.280123950169	7482.396086382435	5548.615461541835	4141.783959184091	8492.498073724166	6338.128827901858	1228.0223886393917	2054.400133596795	1399.0520005370574	0.0	507.0839113695437	2404.1555183026985	1039.1602871959633	1389.859509030664	9335.001497695052	9852.594965796125	5540.533918044499	6793.460595721541	9163.92842933732
PWY-5910	superpathway of geranylgeranyldiphosphate biosynthesis I (via mevalonate)	583.7468301993177	222.80762657299616	734.0168163442986	0.0	712.9490536802911	450.0967625666029	282.08989006384326	55.61649220467597	251.5954150867513	104.31304003336666	1036.4703225055732	27.136722564040557	1391.917712342335	2760.1200706356844	6539.9417570816895	342.52594853109423	254.01994511801703	120.55505796473886	311.8192574678334	257.7359409249813	1054.629836031383	2596.721521783838	2696.214259620906	1678.6268355095788	1476.8022353816443	5910.900865364593	0.0	9.298517934345789	2048.221839325734	1188.4179653468343	1819.489059491882	562.7782924320377	634.6518108152494	572.8991206203727	580.24625449114	598.1748331956751	113.84616941664927	0.0	215.9533947333325	303.75883780925074	379.82951526216846	498.0044024976954	364.474365519312	370.15193908827297	265.9569764371952	295.42947991002234	343.10334193683696
PWY-5913	TCA cycle VI (obligate autotrophs)	12887.984948217078	2864.211873502401	16552.820011416774	106.3877159309021	16871.090562111203	12138.736838637731	15020.861073507496	18542.69050450704	18749.450038232164	11026.830418906831	47886.23551370511	8132.455066371443	45599.27132567853	38711.490830813695	47470.20189903359	15701.943156052095	15058.67015449291	9956.611771918591	19783.292165142066	13061.68450967174	22702.048452937823	41031.64114168494	32254.7833430004	30976.67740785812	26871.603071788468	54881.44544108647	7326.72955365684	18293.84577871108	32001.013345025483	38365.77482535716	32504.924976949955	29351.219806095563	39406.03569732475	34618.8960614844	22439.895080251983	24416.123627166427	18056.325406514414	89.61075120978718	10653.139414636767	24064.922417795828	19206.91086345305	17244.118148872945	36176.10942786448	40926.02415739774	24776.36897406679	28440.83721565525	37034.978805008046
PWY-5918	superpathay of heme biosynthesis from glutamate	3636.115047410611	901.7556336251524	3581.1030317147447	66.38345735865555	5472.151817796428	4674.45900016029	14964.677162644595	7119.728151432162	15652.029557329011	12835.532492512137	53704.00742258324	8415.627206777759	48752.22658444988	42855.43358357047	48417.01399786516	18307.5643086962	18941.38621998532	10828.70387778602	15978.65014408624	14063.292047186773	13607.8741005234	36372.158189851216	24534.58276387281	34071.37360720125	23849.595431335914	38991.852679644966	7148.425556830774	18016.80085100101	22985.10898170568	29029.64549964977	23144.167057062205	21936.02760505355	28985.02987426981	22718.74134519033	10375.176560501275	12366.890053337776	11174.423232941568	44.96400707046806	5482.007563038112	13363.24187692718	10540.76162943329	10941.447819962645	25620.71443452033	27121.59912020702	22217.08311558777	28743.35252350889	34766.114291801205
PWY-5920	superpathway of heme biosynthesis from glycine	1227.608630987875	213.4044725906417	1732.0288556130135	16.23997384798486	1170.217404153356	2354.809242352196	3351.5249370018264	3756.637971518508	3895.690295430241	1929.558324968718	42742.68642439414	5123.727065913891	34041.62713404695	33131.66005965842	38712.87929163246	4712.0195142898265	3469.06688607617	2955.152233063626	10611.953567760114	3256.790678141181	7904.991600369516	22446.368101946944	16228.134816394791	20747.408110180226	15405.61774500804	25807.530678712028	326.48069870117814	3660.708986232653	17405.35632739459	22211.767048374106	18410.860010284458	14840.804058086942	19082.862985307616	16919.531903332398	3558.349128552377	4536.122247893319	5707.762747367511	28.08348960008913	2742.2546957395625	5517.730005866904	6493.818812016574	5313.914938106019	17995.812118006663	19277.78394407629	16249.444800255556	19139.59112668201	24297.75539549629
PWY-5941	glycogen degradation II (eukaryotic)	0.0	0.0	289.5573780075755	0.0	0.0	23.485645230181	0.0	0.0	0.0	19.962344814979687	7795.631788585645	982.0468206587008	9193.994381068696	2991.2750392258504	4452.293349180073	0.0	0.0	0.0	0.0	0.0	0.0	2242.9510519771798	2195.943505020714	954.0676041919374	959.004313428734	1984.667298267979	126.2543309081145	687.9244134339589	2032.8303831450107	4092.689866977989	1322.4225856140415	2544.7526419654205	2140.784660174992	2704.464266697089	0.0	0.0	731.6933531435245	0.0	0.0	0.0	15.982477701016812	0.0	661.7272071348467	495.4583451345196	680.2327672200581	581.0326464402601	836.3091891210341
PWY-5971	palmitate biosynthesis II (bacteria and plants)	851.6634543678139	73.96339651633247	1760.446578560552	0.0	486.4288477442807	1613.0818263996862	2519.5229586451824	2481.368923021998	3687.9538601239374	2037.9698371236288	32746.13241544689	5695.381619621719	36291.7112190472	31910.24390388708	43840.20069491901	10770.605908434134	13414.40655751712	3365.3384660926813	3455.612429293788	4174.791077485623	5641.599807799195	19434.961824702717	24062.57659783163	28920.08601445518	20887.46878366747	29003.08883302397	0.0	394.7806076234649	7248.411615201289	9004.39302981497	5278.506522570087	2642.052988427268	1661.7540918374643	12170.21438948769	7159.072238455113	5951.844421511425	0.0	0.0	3062.7332858669656	3745.451288029	3248.6357241325004	3035.755918014292	11991.660558279074	14114.215549635448	8459.106853065698	12955.348283498066	13567.985396409134
PWY-5973	cis-vaccenate biosynthesis	27100.365977759226	7705.767286490879	27277.127015739872	139.88465456391995	32619.76794617094	24813.64908485703	26247.661202423064	23332.46167796401	31726.77226749001	21697.73277415296	100118.0230669818	16786.157602569398	100617.45358139476	79100.54075586499	92803.17880997476	36527.819000135525	34441.577029623215	19531.432795332454	40474.63836985852	30889.99719479753	52381.38514476999	88248.22217665943	71106.11610294273	81163.4725827355	65659.71282376046	117159.0898295146	11274.462838714817	28097.240509796346	47341.15871427431	69635.42331371886	43750.93790257556	48805.831927544416	55521.05881543964	53942.46086441168	29333.10401555743	31259.424439987783	28172.27427669579	148.0036112359444	18199.74986285697	39183.91177620674	35536.65770123005	33654.118937450585	58001.580632947625	64114.74019496197	54847.6274688701	69977.20365997822	83553.78831682196
PWY-5989	stearate biosynthesis II (bacteria and plants)	683.364703794265	50.52246910605434	1592.9690000473297	81.95214499206652	396.35466712198655	6027.516841856757	12625.519522391363	8538.50248565222	9445.210312781091	10931.157017074764	58976.85841315895	11576.044609184652	61696.66728079113	41907.25161772184	63626.22531381147	12707.810572899709	17832.01472951943	3938.470810105122	14737.313961448042	4057.527867123644	5938.141961554933	35719.798191437265	25701.415298462056	37013.37444679606	24309.39326947257	35495.41205993762	11662.17300316235	28796.875706202965	11678.965046168278	21072.14324490902	9734.631588827331	10757.846042297637	20534.83786016809	16041.28611531408	7261.32118427432	7567.6407433805	11782.088467971917	86.85903066870114	4187.450337885052	8675.575517754027	8929.70640516801	7808.731133641378	20348.377225870907	21236.18875267979	18369.524502828943	24265.158294264445	29503.557358970465
PWY-6071	superpathway of phenylethylamine degradation	156.7225627798799	17.2123519538066	262.2577375250389	0.0	131.0781592048318	148.75567276006203	16.85717635300138	33.443502108419715	22.237267051994976	45.6348951953277	6352.368217976485	1198.5034300459631	3642.9866548699897	4705.394034253128	3996.756281719557	110.90590196583474	126.2982923889827	31.57681902851435	70.07748339235226	67.63024085458589	104.2075082697135	965.112696491484	1135.6187796839806	1438.993378277131	1507.4315294497412	1263.8707687997455	56.93835335611125	851.3048396967565	864.6240631007599	1702.566462228822	586.0787247320387	886.3319781073972	867.8213152035909	1403.450018077558	62.60642564935537	69.93758052798155	16.419022729068427	0.0	54.6352101791796	74.67063097760042	76.4391842089776	92.79719292610493	498.5932975138222	415.33204946259474	503.3717949849976	752.0243247364517	1123.3322967804595
PWY-6107	chlorosalicylate degradation	0.0	0.0	0.0	0.0	0.0	0.0	0.0	47.09142857142857	59.14492753623189	0.0	714.0893546740579	155.39931818181816	1196.954097945164	449.2862786268253	253.32163043478263	0.0	0.0	0.0	0.0	0.0	0.0	342.0941026216808	430.6680734332137	78.76238240052577	310.6336917843982	423.7553043381412	30.702531645569614	208.38748035620745	214.33527352586648	614.7594278002011	281.8406020477263	249.51441578148712	365.3256070587676	468.1987455595027	0.0	0.0	0.0	0.0	0.0	10.479956367602943	0.0	0.0	111.56743311961088	284.3613315269983	40.19412587412588	62.51337931034483	93.72237460815047
PWY-6121	5-aminoimidazole ribonucleotide biosynthesis I	40687.31750267968	12838.77515205312	42411.156539354975	120.33175260548602	49428.62067336006	35922.314270776726	25543.218198706807	25975.520120465422	31990.08257274627	21307.453108969683	84152.50157016482	14103.111373877626	73182.79800238456	61039.60914327487	72062.15153235104	39945.168877085634	35821.78127395073	21236.891952677124	41410.33074119969	37841.97703873324	58585.585502412345	74948.39554923608	58344.423837546165	55015.68894480521	47465.50972938493	95289.509578899	7718.365334905903	19772.707550681167	41482.62433142649	57887.14894779248	37754.54956882354	42439.702573071176	49065.55505080692	43820.131232907246	31322.338238337397	37672.48311540259	30806.660554131755	134.31832492329772	21104.326022920053	43488.77336141899	40182.60923531869	40505.14425440528	50825.10896737198	54467.501432166544	43363.01310810138	54502.568750634025	66789.0128496707
PWY-6122	5-aminoimidazole ribonucleotide biosynthesis II	41951.071686274736	13220.364342127368	43722.49827526026	122.76271660145332	50941.26133668386	36979.89643856854	24766.8516607529	26552.64850495212	31647.56908415125	20806.57003554144	83245.14170789452	13892.101244964617	72126.9677499119	60545.90402941276	70326.40141041919	40461.88908492717	35270.96027784893	20836.188280559218	42857.30638188952	38217.310433163984	60429.65552557503	74927.4487488767	59269.33435515608	55445.40502064762	48341.7136954607	97055.48627837808	6997.061238601912	18053.236063238168	42469.21283051766	59358.72536728174	38710.27597646396	43041.128402822615	49143.37356343867	44452.78092633464	32429.084523668364	38961.31126778734	31037.47789194938	136.13839514413897	21865.28782198489	44775.80715710323	41667.21694334381	41942.5819212061	51204.56112868692	55052.78988428217	43055.40326746027	53970.85708644464	66300.12391142007
PWY-6123	inosine-5'-phosphate biosynthesis I	36807.52225303187	11650.980190419472	38194.15104365684	111.14248340939416	44738.59121687297	32529.625473837557	22546.859098263016	22544.35901723255	28333.39857779822	19034.692287852515	72748.24456638152	12150.104888466049	63057.25263245	53214.13913140127	61023.746062699385	35918.23570412578	31678.22794591172	18680.554274235332	37384.2464069762	33902.16422686723	53293.16547331128	67132.26269464895	52638.892300520805	52621.33915091154	44642.9450218111	87858.56226730238	6883.791714409021	17232.02293823954	37302.07338249908	55142.37228177872	33459.65761928864	38606.978097156985	43142.7472989784	39375.706013829535	26539.103089095544	31147.392283352707	25644.497132769982	118.3212723284972	19059.42230224874	38844.19321487682	36395.74781741762	36783.44844427816	44890.464146516	48455.67585460814	38048.65956059502	47942.16921260086	58558.21080674788
PWY-6125	superpathway of guanosine nucleotides de novo biosynthesis II	34893.483002713336	11305.14560546912	37404.67809985216	94.31954587658517	43215.054266472536	32042.01404402504	23867.52719986485	23122.2540839626	29534.09515942934	19972.6322171331	84741.73559601737	13578.146922331764	72859.58473279238	62857.34357109659	71408.32333272978	36542.361015260205	32770.48530550495	19240.60601138041	37658.35871050428	33719.04821906597	53457.14814267252	71728.00019303961	55991.72971287751	64441.325012351794	50913.11651841304	95610.89284983816	7621.7815094260195	19530.8314632356	36268.154526222825	51874.60602571147	33763.170304129526	36020.42955066345	46431.97122567564	40530.92749466715	27488.388533528767	31734.778878373163	26096.570491451173	119.5104744909788	18203.31240552578	38599.3482053932	35034.28068605717	35202.75756607006	46494.01479097166	49311.84957024239	39375.88222250757	50158.01056029752	60563.43241383108
PWY-6126	superpathway of adenosine nucleotides de novo biosynthesis II	37343.31035524842	12107.26854847485	39682.96376453005	107.302108432432	46142.990022897706	34461.538610707445	25658.84674479788	24416.39135306954	31820.099786185005	21628.44727315661	86320.42229603308	14211.906632748756	75658.06990610817	64782.12851137896	72818.1062056695	39458.25218027385	35405.8988742826	20680.7658860251	40247.54757027196	36200.92353197053	57779.24132883764	78779.52192455724	61586.09687555611	68919.36934590222	55415.33956915658	104940.6611900573	8442.70161785385	21795.072338021557	39956.36654106772	57651.97204015915	36516.199140675206	39819.79988515681	48115.0076580247	43586.39737024011	29269.126245252268	34540.83173607323	28803.610902632496	129.08788386193592	19345.527136554323	41237.87798884238	37350.4090549327	37604.25201078194	51129.84661781658	54246.54526355042	43211.84009326503	54918.63959437285	66434.59021392219
PWY-6141	archaetidylserine and archaetidylethanolamine biosynthesis	0.0	0.0	0.0	0.0	0.0	0.0	0.0	0.0	0.0	0.0	13.515722643128552	9.279019214430845	0.0	54.17175495818581	76.6538598791418	0.0	0.0	0.0	0.0	0.0	0.0	0.0	5.218737904033248	0.0	0.0	0.0	0.0	0.0	3.312405446429715	0.0	0.0	0.0	0.0	0.0	0.0	14.141701999499434	0.0	0.0	0.0	0.0	0.0	0.0	0.0	0.0	0.0	0.0	0.0
PWY-6143	CMP-pseudaminate biosynthesis	0.0	0.0	0.0	0.0	0.0	0.0	0.0	0.0	1.4129244249726176	21.455461314506053	0.0	0.0	0.0	0.0	0.0	0.0	0.0	0.0	0.0	0.0	0.0	0.0	0.0	0.0	0.0	0.0	0.0	0.0	0.0	0.0	0.0	0.0	0.0	0.0	15.372779596460918	2.538034084702452	8.938041396952165	1.605095541401274	0.0	0.0	0.0	0.0	0.0	0.0	0.0	0.0	0.0
PWY-6145	superpathway of sialic acids and CMP-sialic acids biosynthesis	0.0	0.0	0.0	0.0	0.0	0.0	0.0	0.0	0.0	0.0	99.63639148789824	0.0	0.0	0.0	0.0	0.0	0.0	0.0	0.0	0.0	0.0	0.0	0.0	0.0	0.0	0.0	0.0	0.0	0.0	0.0	0.0	0.0	0.0	0.0	0.0	0.0	0.0	0.0	0.0	0.0	0.0	0.0	0.0	0.0	0.0	0.0	0.0
PWY-6147	6-hydroxymethyl-dihydropterin diphosphate biosynthesis I	22287.77203066021	6859.52998790779	22569.351190071084	64.6444365192582	25768.22054258798	19598.458298049045	18172.355765400007	15599.222782461373	20982.857037158086	16333.095836117773	65637.24747552506	10909.57572568088	60309.23571276957	51152.22655090068	62730.98437367681	26044.797506322517	22065.347335525108	14785.121077490789	27097.030178250763	25032.824030231543	27548.054255572453	42847.60350198396	31320.073764518216	41100.064951359374	30636.806082306048	51016.70383190657	9096.162613463775	22169.12683966834	31195.436423458217	44871.47849692715	30217.76603255424	33347.10402465674	36245.47765198011	34870.3456605551	18553.29883575507	22788.67660053164	13625.298816700397	67.26570814465474	12654.78949209844	25504.881550375147	24661.32244707518	25050.725127825557	31674.83855083886	34129.91762538135	26206.55041032838	33061.190616778724	41819.75813202206
PWY-6148	tetrahydromethanopterin biosynthesis	378.3801805791052	63.551471679547184	704.8098001197737	0.0	279.7370374797117	485.2099993009841	21.555067875935283	50.13725833789856	116.7523418508856	76.0346104764963	23.594211123154903	13.163195151702505	27.175446992068764	120.37154951029096	100.9793844259378	391.7319292207516	360.989530899669	174.5407438119818	441.4602774030596	380.05041339365033	1212.2581839773318	186.35479220947545	136.98950490578682	55.09534834984904	94.30805542731586	320.3374111819268	0.0	0.0	17.96811412777366	11.992180582804876	16.74793253877748	14.350568936142745	25.16443095008704	28.69134981334538	28.728806439716276	99.10649997802425	85.99648209273946	0.0	281.33811484784815	426.5786788910541	414.2338179242442	612.3855268492877	50.16256475843737	28.74384976822631	16.783133696650083	16.787442500030313	71.79319407741217
PWY-6151	S-adenosyl-L-methionine cycle I	1209.648761168888	345.0503866662214	1551.9351479664383	28.80738700793779	1397.8491131100238	1814.1904311617568	1090.216051885247	1298.4662270258625	1099.6758552937308	783.9449384967777	28357.0484793098	3505.169153485584	24509.47393545652	24715.38824410764	29376.71554517332	1478.0659034467662	934.9779596882382	581.7751592304243	890.6229948864606	943.585356625328	1879.3312178912915	14241.201899225916	9022.530673885662	11536.646906026765	9984.652799681397	13749.04924781024	2718.9303229946186	8890.879338200195	7275.656392493577	9787.460668144353	8624.173166248196	14499.086580865867	15736.833113202774	16231.175179328076	1581.0355818175613	1177.724578709213	4093.796711220479	4.821453775582216	595.333751285858	1048.8404248557465	722.3268736889129	1152.6872926617489	5546.304847479829	7523.10974960606	7792.971855228055	10765.247421593567	13627.47429201532
PWY-6163	chorismate biosynthesis from 3-dehydroquinate	36392.8890116632	11462.980137044911	37960.47254646573	111.40402776088555	44330.64424440119	32501.41252493441	22640.31722479945	22928.175902019306	28182.716613574565	18994.844648089973	76167.14640378076	12560.06325875614	66995.0311920409	56123.341959547295	63812.55653080656	35692.224345168295	31307.44898241059	18427.49987055748	37025.809635313046	33591.511596633296	53123.030123652265	71018.93665708625	56155.264373273225	61853.20393021387	49577.85568607929	94712.4490660334	8923.20342184675	22269.445265318045	37610.634648917934	52221.876331905085	35014.35141501147	39871.99712100085	45639.11570057385	42194.94863230625	27505.13771363756	33138.310658980816	26752.94467808367	125.3752121532288	18891.713783802792	38158.35287499693	36053.43746772629	36462.08519287061	47312.46140458633	50449.118901926086	39202.59902358413	49457.74376566384	60629.38768459091
PWY-6165	chorismate biosynthesis II (archaea)	630.9482608440476	54.24268158851316	637.8686743738531	0.0	467.9669604776892	325.1097003689809	22.03733433880932	26.06161079965436	45.85418342485504	77.17048807341092	21.16069858716009	1.5945315843039711	44.0027832235296	146.06756063758704	12.893690393655625	195.4283442237665	130.67198337483484	70.6523870291277	189.03607318384005	176.21140112790093	252.49738696816303	84.31164063457622	373.7236134340539	62.38395479593003	144.18168074509012	86.92107661108322	0.0	0.0	49.18696683173452	39.27441370216089	53.55963266294143	46.64209825425883	1858.026710363536	92.47663253304772	68.17402832648565	117.96916195783194	38.84257256755812	0.0	131.60113577697234	207.14758716446696	245.9299712185241	298.42214499437955	43.25437279870828	188.70162346443595	54.06440877139867	29.01596544935706	49.26728966886425
PWY-6167	flavin biosynthesis II (archaea)	1845.6530921041965	346.3105896656587	3434.0688897903165	0.0	2898.3680163497875	1563.178406919974	33.29755384211009	114.13519748293236	117.59866345877016	80.45418628388191	46.50015977494808	18.31280808434568	0.0	145.94617791476398	134.66252759554976	875.2100634446741	796.1054492084186	239.0618220475669	1017.5532671529006	1052.4057475434886	2608.9125528756445	774.7148717026126	776.2336004602082	65.6485376570282	192.67692346118284	1262.6566437128176	0.0	0.0	12.714747461087272	0.0	47.98179521876259	0.0	0.0	0.0	182.72553640335383	167.82387490302213	37.408430388687776	0.0	901.939567010318	1176.9414607436506	1386.5378955763729	2156.787990620241	276.13285257073346	179.54970117296818	45.39803967686058	67.0644024875237	160.65812423483558
PWY-6174	mevalonate pathway II (archaea)	472.6542273224391	181.39021297305823	864.3299199628234	0.0	607.3292860581563	335.34538598099806	20.31526477632282	23.965969566267045	78.08435976843369	69.2731363942804	102.395479796946	18.81501369801122	40.49012831505686	382.8275910204016	259.54191683953803	233.20688514444055	173.4466586345362	80.126781719315	217.65030180167352	181.09219987253024	745.9369805595126	1371.731737229161	856.9685915881457	237.17167665014685	462.91185197695927	1586.8765070120576	0.0	0.0	229.62666796426345	116.46721623272842	198.83507786408285	131.61616864599452	103.5138846229954	184.44017518965808	54.72460141522057	118.13933238482488	68.00617718902566	0.0	154.40229993331042	209.27803861125395	276.53307427643153	378.9419309024832	61.85974932497151	37.97345835947769	34.37919779675437	13.909924062261968	37.94704780665538
PWY-6182	superpathway of salicylate degradation	55.83140911128085	0.0	125.411435812879	0.0	0.0	91.12453854965426	121.91549236928005	46.63133572947195	5.014704528680032	49.2214994360282	4297.647107372326	615.6429581548657	7444.821529853182	4146.340607806563	2784.0725700596363	129.94198315569753	172.86802868584465	5.950495966766759	16.20088580372971	9.192769455753648	12.284842838534177	2224.154564846325	981.9768575583944	1444.8419524364197	1429.3624050210742	2033.1548127434376	4504.158469888943	11412.04019395509	608.2357717834507	1100.284084548426	585.0703963564843	582.5583367412138	728.273111863069	831.5106816405909	30.835603320934805	33.2417722380246	667.8246245174151	1.707317073170732	95.89785990663384	58.14255588530014	0.0	0.0	353.6852021304894	738.9805666655119	342.516887787001	523.6167087554275	850.8722597944593
PWY-6185	4-methylcatechol degradation (ortho cleavage)	0.0	0.0	25.020141265706755	0.0	0.0	68.22156303599185	102.1469333356928	32.384939019631496	2.303513607277773	46.948360247355005	3993.749657021241	545.9384070727315	4716.154234783677	3904.128706477869	2358.963985083051	112.56325487574316	167.00994574954788	18.16210952218093	10.620649986287852	8.923098356088047	50.99326275978097	1454.0018331974393	779.9047142253203	1247.247263719794	994.5414815801068	973.5123065149528	4108.612427279068	11005.364611036077	456.63035407877607	842.8811942409628	358.6198800874626	402.3786913729847	460.3162975478969	701.0454840001804	12.905306394439869	24.907969174247476	655.5612485523084	0.0	0.0	65.73418376815559	0.0	11.31390554395678	259.48925954352234	223.3795801692091	260.2497798583248	398.6050267738862	599.7991708601818
PWY-621	sucrose degradation III (sucrose invertase)	352.93262693125496	28.572668968919583	678.7978137129097	12.952380952380953	249.0605443436401	1835.9663754489295	1734.9289926558354	1161.4217931580413	7505.113398198941	1031.968164587102	16394.827373917404	2318.9128580137503	13407.7230418379	11607.723274417418	21308.56553991032	1443.4694905710664	9072.442084263645	576.9201443313541	577.3130408512399	810.6705372363358	929.8822314432724	11470.190139632585	2949.102393335404	5129.746858273506	3039.244569591108	5481.175437951762	6457.8428170049065	15315.466477138272	3930.1798391996967	5217.679406859356	5020.815455438069	8457.479346395266	14305.310505867312	12126.424720073424	1681.9648023679215	1382.0724494923677	2564.9392534371937	7.072463768115942	519.9927076804859	554.3238162228932	594.8258626673995	1370.2736816528488	3772.165927683305	3347.305302107996	4297.217737071273	5737.92118516758	7369.398842883022
PWY-6210	2-aminophenol degradation	15.841059602649008	0.0	0.0	0.0	0.0	12.54054054054054	0.0	0.0	0.0	3.818181818181818	2052.218247942303	363.3680949957962	3313.03998709426	3557.9758989977563	3368.58917838505	0.0	0.0	0.0	0.0	0.0	7.953216374269006	463.2909105127428	623.9972585751118	1378.2261865850792	610.3797075320291	535.5667117215048	10.612244897959185	442.3845258615884	85.0533947717528	198.89759999960435	110.89552383668904	48.47905072897024	96.84285097071984	80.01596535873966	0.0	0.0	3.954022988505747	0.0	0.0	0.0	0.0	0.0	259.78516553650337	244.73941823958847	161.24801692226333	191.0322710285839	326.42958679607136
PWY-622	starch biosynthesis	107.65645610416264	0.0	269.3712322169189	0.0	167.26631459444934	94.2301142486038	35.71688249276951	0.0	35.92255581810299	58.75146554975451	0.0	0.0	3486.8705001190697	619.6250388380902	321.24433377544625	370.5900661203541	190.000949002356	111.80031201365615	254.4740180518269	103.2243337198109	407.903521766126	249.6547035987541	344.72743717401147	440.7473700995069	722.0199186622717	374.3679967800823	0.0	0.0	1191.5798229683214	1661.1126833539656	901.9503815986347	576.6322613340164	2548.399197321821	914.470346359783	139.51289265057216	395.4738072036345	35.798110796133905	0.0	57.66604955293384	253.02135722141628	201.45140876340676	309.1361007206236	0.0	129.47130534051735	95.1602785728161	59.74928261201613	59.80348260569808
PWY-6263	superpathway of menaquinol-8 biosynthesis II	4001.1615118883424	1177.305274790182	3029.831471806855	61.92410440207743	4666.27491678672	3876.80859009306	4798.928731012921	8155.93526691243	6415.31016721115	2707.518762067022	28372.590394278297	4362.933928728005	22378.376165489368	21259.85895574232	22211.54905874495	7006.665432810984	4989.746877476194	3024.840432795261	5800.734741639772	5303.98739094088	10929.09240671264	25456.546588936515	25015.523880183027	21522.885104655143	18488.608797047047	37038.75713418972	169.46974073998302	396.2206203415994	19900.097921169865	30135.322020739783	14621.74702236875	15060.687026388568	15217.51268174247	14424.691375777038	10580.409523110398	14625.049844433825	9512.62155686876	13.44787266666007	2508.8768833702247	7718.626284111496	4732.56857198803	5668.830445680683	23037.98046292534	23648.34496544348	16504.25420035797	21074.74208820244	25483.865574146887
PWY-6269	adenosylcobalamin salvage from cobinamide II	13045.607435369178	4882.377607299617	14770.015209191117	40.55884529977794	16841.756701768427	12578.937979025222	11170.45206509843	4299.772061915448	4675.332609192715	9307.0396785473	27035.49645391407	3791.0372379375626	20706.89622782121	22479.185244979915	24877.618233043628	14414.103794451396	14600.539771807757	8137.458914846326	11765.47649255558	12522.879205738644	14342.297021016191	22762.3807454378	16745.712930470767	14487.325075583452	10637.630705822072	22686.84920687082	6579.686957622207	15732.282404534908	13816.065080425584	20144.70773490604	13135.832724158909	21623.06720025336	19550.08672364644	21240.945438982853	6454.71756292885	8131.13876430033	9291.813096852084	36.1365622838063	3852.039529029691	9754.200610860767	10004.251954041198	9876.014084958706	13870.352598781192	14797.265208805142	12069.578335813989	15214.002163605288	20084.879038489384
PWY-6277	superpathway of 5-aminoimidazole ribonucleotide biosynthesis	41951.071686274736	13220.364342127368	43722.49827526026	122.76271660145332	50941.26133668386	36979.89643856854	24766.8516607529	26552.64850495212	31647.56908415125	20806.57003554144	83245.14170789452	13892.101244964617	72126.9677499119	60545.90402941276	70326.40141041919	40461.88908492717	35270.96027784893	20836.188280559218	42857.30638188952	38217.310433163984	60429.65552557503	74927.4487488767	59269.33435515608	55445.40502064762	48341.7136954607	97055.48627837808	6997.061238601912	18053.236063238168	42469.21283051766	59358.72536728174	38710.27597646396	43041.128402822615	49143.37356343867	44452.78092633464	32429.084523668364	38961.31126778734	31037.47789194938	136.13839514413897	21865.28782198489	44775.80715710323	41667.21694334381	41942.5819212061	51204.56112868692	55052.78988428217	43055.40326746027	53970.85708644464	66300.12391142007
PWY-6282	palmitoleate biosynthesis I (from (5Z)-dodec-5-enoate)	682.0648288842913	50.49455504831133	1586.4338201791898	79.43429584232973	395.9976681250682	5922.629840141438	12406.1936495418	8301.700807357192	9295.239793788942	10740.0378298608	56934.56589462159	11222.83637367124	60393.50369323714	40765.30704734114	61786.47086191677	12488.779660359369	17458.07916791921	3915.030686308383	14597.209643878276	4032.613610650041	5901.517251203642	34903.307831709746	25154.504654805514	36031.30758758331	23756.3906045135	34819.92433219523	11686.862605603808	27982.48225359138	11512.373736485031	20783.863500169995	9599.707881210888	10659.032712160208	20083.35858974403	15855.479157236432	7125.053880760236	7409.569576343587	11438.396649370336	85.22968736829688	4143.510412898043	8591.426931779726	8844.373295649882	7734.547897725727	19899.951719156063	20790.08567387877	18084.900493805817	23877.06497116462	29003.77976067861
PWY-6317	galactose degradation I (Leloir pathway)	1624.0283964503897	322.2324491930757	2105.339817210307	61.78658191778054	1645.1298414043104	2706.731514757056	3758.198611798908	4788.577171632284	6101.657254563347	3247.4403934222423	39286.611524404325	5394.19657663641	27027.463969110235	29951.983172989487	33310.2718049865	3228.3794708621786	2438.2353037424177	1745.0465337334228	4818.167500004585	2850.925947841502	5813.025733050918	25118.68429844877	20996.869281466163	24962.550826112	20324.374379690224	35186.301224234296	391.09278841285646	3055.805064206484	19961.360936039524	22574.32123283525	23854.593875234084	22521.054975206785	29678.725581962564	25642.445452443284	5674.348938666462	6736.610458237224	4077.984716722396	17.377798822972334	2048.550859220932	5822.300495753075	4422.460103402809	3940.4336684242057	21329.19423212988	23945.639474884792	15492.454276413268	18589.68933834627	23282.662972305698
PWY-6338	superpathway of vanillin and vanillate degradation	0.0	0.0	0.0	0.0	0.0	0.0	0.0	0.0	0.0	0.0	3289.82840696154	290.68630163647856	3554.329254385622	1510.8304706028846	2226.455988591963	14.148341401814852	0.0	0.0	0.0	0.0	0.0	819.4662109442397	636.8010635282445	761.9245814832899	849.319190884107	785.0339663368532	83.25851799559914	644.6736468232149	273.42325841666803	706.0634573706378	266.7912570141924	392.10809809777663	367.00504453068646	303.4537745759894	0.0	0.0	40.05837617399141	0.0	0.0	0.0	0.0	2.461475208106386	121.9994048090028	106.42437051041009	66.23684395365393	152.58594597620677	196.51817798061293
PWY-6339	syringate degradation	0.0	0.0	0.0	0.0	0.0	0.0	0.0	0.0	0.0	0.0	0.0	0.0	7061.286118835456	2603.714876491258	0.0	0.0	0.0	0.0	0.0	0.0	0.0	1660.328324448801	1581.133976351401	0.0	1810.2223159101009	2622.097799726379	609.4761518618795	1600.0345888966604	0.0	0.0	0.0	0.0	815.2388784589274	0.0	0.0	0.0	175.329250573502	0.0	0.0	0.0	0.0	0.0	927.9226722948804	936.338396662511	2616.268628047693	3818.6564596248736	5394.458536207987
PWY-6349	CDP-archaeol biosynthesis	657.2650210959144	174.5473282442748	1108.6630460090723	0.0	909.75805619773	511.9843450627573	16.353982300884958	38.29888420588201	107.69181739964468	71.85917004636269	60.958978873480106	12.34236316112078	19.22391216094969	237.88337794312795	107.94618019808472	307.60581006834985	279.1611715546378	100.66471392848106	378.2792893176804	306.0434262532684	1065.7303978561029	827.5778434774448	608.2074308643607	258.1086175955351	282.39477397298987	1301.501874798838	0.0	0.0	54.01596329957574	39.7879928598749	54.941243325111664	33.58620549044817	28.696383841689443	36.25847602289519	85.05386717688522	99.41296309996594	72.21471978392978	0.0	238.20744040013145	371.8086341034538	377.76604150884174	569.9368634571679	95.26448842301224	90.08616397011376	38.28262253784781	58.59710813804598	116.83922785010166
PWY-6350	archaetidylinositol biosynthesis	696.8495650253723	181.22956229440075	1179.8930646011286	0.0	974.1635179150854	545.9329473175007	17.11111111111111	38.98598731735606	104.64339556113026	71.26853566255252	41.44092746996196	9.883274058294145	13.005895670781976	173.51807297938035	81.11135340717445	329.7395510737639	295.0471967094483	107.00021714906916	405.3584790072432	333.23832585204786	1118.1466722668845	818.2607806413877	616.9345462608293	234.61725958726512	271.1780225969048	1291.9278402685904	0.0	0.0	43.20817233966606	33.74914766584808	46.60361728497441	32.02386648829564	26.73661923003741	32.8978319846527	86.70422356049636	104.386233108389	70.64642995061077	0.0	258.5767851461231	394.3961587190574	409.9610268512819	619.3351296345518	97.23403003647208	84.89729912935607	35.97929680399486	52.47152345566727	106.98602176835112
PWY-6353	purine nucleotides degradation II (aerobic)	3815.350085115483	828.4674246280995	4295.4272795840925	82.81049213628341	5377.02174329035	6019.830060413452	3587.5859499957924	7838.279645518513	6568.349545730377	3396.136039858179	73327.0694521951	8969.11851581462	55252.74498735478	49097.71773290174	52173.05880453057	5249.845419875801	4046.768618976339	3003.912980537879	7488.751252064924	3542.765836012784	8635.807550896523	35455.36271941858	23724.906556468803	40028.232269542925	27852.62725923368	42761.557084253705	877.6181570671977	7205.682576425281	31217.433051160693	42214.80959726532	28620.11366086293	29023.29693251379	37169.37274281818	28409.09761936581	5979.013376579662	7092.408859567753	7280.305028369604	7.3783327883753245	3104.567792843025	8030.6023549650035	4676.468713826458	4884.575205089987	26196.941957180494	33303.01160425239	26005.751930900344	32067.74206338932	40469.13032785071
PWY-6383	mono-trans, poly-cis decaprenyl phosphate biosynthesis	90.66603876034094	0.0	182.26182198368824	0.0	0.0	7.988954905229624	11.98690532028206	15.973842407583248	83.39722257938777	0.0	23848.08761446836	1921.4345003362475	11695.379754004354	12616.038909192535	14267.21050396676	0.0	0.0	0.0	0.0	0.0	0.0	2160.027975737168	2007.09106638841	5069.851785492713	3314.721951978059	3139.566656319837	152.3764872810481	1800.8285855458955	3045.517598693603	5615.8937596478345	2650.51795515278	5170.727971561517	13162.4297847353	4326.335557893179	7.994048216649835	0.0	19.891108051386727	0.0	0.0	0.0	0.0	0.0	1023.346390921212	1401.3905628576124	918.2850209332385	1348.920965504159	1725.4148518252623
PWY-6385	peptidoglycan biosynthesis III (mycobacteria)	25367.32600812449	7315.007982633941	25341.162082193867	111.97574206637726	30232.9539082242	22445.57665966148	21029.946135530157	21605.41247121703	24440.599766187686	17757.78104983858	70313.99135262278	11412.363740470695	61013.98332575066	54087.63666152535	60843.60399917388	31237.110321018587	28141.85561192856	16460.938051177458	31471.56171315265	27420.298286100773	44497.99873879452	66275.83801871323	52156.03663254455	58566.95983549725	46431.35474187377	88625.67930966654	6875.78903021407	17472.974399645907	37430.88467873818	51789.43063468047	34410.689825351124	39349.3203170438	44766.41587690212	40613.04101322712	26089.837763373027	32925.83815329779	26255.36565100238	110.76054788887298	16141.176765816295	33503.31171130639	29169.168253611755	29458.022171624183	47255.33246124943	49729.64863091764	38024.90606032866	47722.60647432745	58920.705815056295
PWY-6386	UDP-N-acetylmuramoyl-pentapeptide biosynthesis II (lysine-containing)	24560.73409018789	7148.050577094727	24177.635202407186	113.0626640380284	29115.303992706853	21760.58818855058	20537.222374266683	21168.28738159241	23917.6979251769	17364.652503006168	70732.37877290431	11369.944852608844	61125.10875869039	54614.8775865553	61221.46258787715	30445.25865182564	27439.639272308432	16023.419343793134	30487.63794969577	26632.83246333631	43269.85244588245	66169.34514419979	51913.191261912485	58248.08223757531	45986.60346766234	87886.29580884107	6847.053946330991	17410.923480929727	38163.20258929498	53018.72518758666	34879.169646259616	40199.03271921074	45722.48019251092	41261.72811523607	25676.848465565472	33091.017268110656	26215.5448135032	108.38007328244365	15555.746613594629	32206.971660455467	28129.129612513687	28463.180453991223	47508.78025172433	49876.849429980255	38051.41842168279	47761.60801045492	59024.36562566828
PWY-6387	UDP-N-acetylmuramoyl-pentapeptide biosynthesis I (meso-diaminopimelate containing)	27990.32901647957	8419.799260946746	26820.0113294962	115.94120862026224	32654.112247517416	24493.030775903728	21331.209209260564	22135.0155616308	26280.80804461772	17968.770729118183	76319.02287166727	12459.461970042834	65906.90866388085	57494.47652938295	65409.71320281751	32071.3092379054	28488.925799258686	16884.87504305884	32956.28596714391	29138.76548927196	45611.64346036262	68722.69464089465	54541.12385375507	61434.01679850734	48389.7050023208	91417.35161291595	6882.031315791562	17563.967572024485	38439.97638021172	53315.67373500009	35317.37857608348	40273.86680057213	46182.05292238535	41612.68539273317	26851.46682089668	34174.586762045976	26788.478425781945	114.54858787301768	16618.55285461859	34201.01801495115	30856.292007102264	31249.968298053165	48651.9069349428	51180.3221359867	39468.58586735662	49832.29293105048	61003.4291396935
PWY-6396	superpathway of 2,3-butanediol biosynthesis	76.9498227796485	0.0	127.60302197802196	0.0	0.0	34.89983022071307	0.0	110.85907597717755	137.69839277320648	34.98432601880878	7101.213030345111	994.4890502158172	6463.9953122525085	6671.954948491747	5170.232347032069	33.861486486486484	54.720000000000006	0.0	17.255973489273373	4.915625194193067	60.59199924469372	1362.18381723209	1502.0424292683847	1891.7850301721355	1688.2832342323063	2317.8792882284665	186.0493961188764	2186.9743348553648	1777.2416033429236	3102.408990609331	2188.2405640877923	2866.607993947799	2806.296269880893	3377.05965444505	403.1183452499722	241.35076065401444	116.53463960811756	0.0	20.903225806451616	40.46481177994313	0.0	0.0	1171.8220290005968	1262.6061450074546	883.0362665492975	1237.5013911194685	1934.0483057601775
PWY-6397	mycolyl-arabinogalactan-peptidoglycan complex biosynthesis	49.12608734312433	0.0	72.04498328241158	0.0	0.0	4.166199262563761	0.0	0.0	0.0	0.0	187.78155781359536	0.0	61.2003411874505	675.5049492238305	256.1746159172849	0.0	0.0	0.0	0.0	0.0	0.0	81.70223957885344	143.72355498324822	253.85701185843496	90.62554348881407	48.39295740855649	10.340123578095856	426.25791486092174	393.0658593112588	234.6816654426889	380.34314386416446	981.4278139265908	343.1908487422841	312.33798335957107	4.172221230847094	0.0	0.0	0.0	0.0	0.0	0.0	0.0	0.0	46.05647555259818	21.08247933360614	0.0	21.31939510914436
PWY-6404	superpathway of mycolyl-arabinogalactan-peptidoglycan complex biosynthesis	169.9098546007967	0.0	259.6032577388644	0.0	0.0	14.928981005041797	0.0	0.0	0.0	0.0	382.6944528047197	0.0	216.6352106584136	1679.8844930614334	930.4516115863712	0.0	0.0	0.0	0.0	0.0	0.0	224.52488804938253	245.23169834517404	898.3038980836305	153.60684257531355	102.15650940891418	0.0	0.0	1200.0916366098547	755.5772138614125	1200.295002564736	3128.111425979939	1138.542057657564	1020.5484999268488	14.94883543641726	0.0	0.0	0.0	0.0	0.0	0.0	0.0	0.0	160.29716432797895	0.0	0.0	0.0
PWY-6467	Kdo transfer to lipid IVA III (Chlamydia)	27289.800000000003	7989.4	26675.7	92.0	32166.49999999999	23181.78	22228.77	22793.2	26588.17	17318.739999999998	42068.93	8092.699999999999	44111.40000000001	26782.75	33276.55	33035.8	28761.7	16897.5	33138.8	29296.08	48452.69999999999	62579.44999999999	46658.63	42090.6	38640.54000000001	79696.32000000002	6578.57	15485.3	23617.470000000005	23721.37	24272.07	17671.8	21650.61	20758.82	29855.09	38370.83	29900.93	134.0	17300.75	36508.2	31583.6	31483.700000000008	38788.33000000001	41374.9	32881.6	40926.54	49344.05
PWY-6470	peptidoglycan biosynthesis V (&beta;-lactam resistance)	0.0	0.0	0.0	0.0	0.0	0.0	0.0	0.0	0.0	0.0	4603.3451093803815	390.33641174423497	1282.4064783678675	9301.697123954646	4018.8674016891314	0.0	0.0	0.0	0.0	0.0	0.0	994.8254088661693	488.3213494108386	1255.6747575561524	1003.535921809152	786.9876127690461	0.0	266.00686977369	443.4656415092247	641.5008710577436	440.3433877361792	581.7272769898277	674.8474021214853	867.6790174677612	0.0	0.0	0.0	0.0	0.0	0.0	0.0	0.0	0.0	0.0	0.0	36.168527619096864	0.0
PWY-6471	peptidoglycan biosynthesis IV (Enterococcus faecium)	0.0	0.0	137.9159346578059	0.0	0.0	0.0	0.0	0.0	0.0	0.0	17965.419897917083	1904.416669764751	11026.530120923377	17316.98153634898	7024.148425037218	0.0	136.65223258356275	0.0	0.0	0.0	0.0	2923.098756498472	2556.6981865948937	12167.781240595334	7499.087244505297	6672.001870061873	141.43235638059986	932.9210061484448	2320.0934289840657	3376.358728180594	1705.1637637541116	1686.3094785997057	25681.500988359865	2604.189363020964	0.0	23.967613104809278	344.3740504161896	0.0	0.0	0.0	0.0	0.0	181.3391196224464	1607.824155884725	0.0	499.7527692654346	0.0
PWY-6478	GDP-D-glycero-&alpha;-D-manno-heptose biosynthesis	4296.969535335413	950.554698111349	3709.532737351012	38.917218129604194	5546.45350881296	3492.044011019252	2246.583100079109	5945.702764787597	3502.3747664834686	1282.2527795856363	16857.220192308592	2806.517873204325	14014.520926859605	8556.302353421292	7028.803480755006	4168.730651964522	3028.930183471227	1582.212217514839	3541.089757420756	3219.367250884086	5541.074056737329	12430.03266447451	12260.635040657962	10886.992181996937	11485.908521505267	18371.136782769918	0.0	208.55662890918592	9564.006902795116	7832.901581240891	9240.327072941776	5252.508235965261	6095.625863438774	5797.998661544763	9670.71117870699	13763.12127920145	7715.282640544814	3.9269406392694064	2413.657730069921	4914.502961855304	4009.9340166546262	3642.461322758325	13641.698668778034	14283.388537948897	7645.417274961643	9134.280488446992	12827.408513586506
PWY-6505	L-tryptophan degradation XII (Geobacillus)	31.471122414260694	0.0	0.0	0.0	0.0	29.629851201665424	0.0	0.0	0.0	6.7512970172323525	4610.765935851439	732.8042494497322	5698.459549497201	6392.555314636044	6741.253331443429	0.0	0.0	0.0	0.0	0.0	16.81281129521874	822.9695231235825	1104.3894204628511	2151.3588585881234	1027.876124926073	907.0391427013546	23.246249405255085	868.8690104554996	184.09277948391508	410.2993935237706	223.88910469145645	109.36448883221486	194.27830870956325	167.11121067485908	0.0	0.0	8.70319180481661	0.0	0.0	0.0	0.0	0.0	511.07903319999866	472.9759152327219	334.68464033026515	436.6812037428672	675.1830377178998
PWY-6507	4-deoxy-L-threo-hex-4-enopyranuronate degradation	326.0522172425861	48.02884999806316	339.96347917921526	19.88571428571429	318.2872439777387	376.03153607449184	354.2526491889301	478.0285687391657	1290.3426372092922	310.5766288446691	19091.565892723032	2691.2919498945685	17348.955892886923	13951.623360511652	21247.471001972917	385.1229913242137	313.1171857406856	44.32315515263497	260.15746366256246	185.03688802268172	698.302731397429	6290.523460084561	5143.763728650335	8385.217810629603	7333.191972490685	9985.6751446352	119.53578648154443	1333.7811003715844	10650.030321312075	10351.849599794396	14012.721750595529	8969.733633952761	13273.008008243434	9330.463808213592	1163.8465284232193	1330.2721591628565	346.93442712986507	0.0	172.79658099372776	892.6597582510453	296.72594479611456	407.257542533582	8113.757453850813	11964.605089216391	4958.91501010312	5735.733078693739	6820.722119924038
PWY-6519	8-amino-7-oxononanoate biosynthesis I	854.7365320863998	84.2220180921195	1765.32077359744	37.54668702977614	597.7426904086377	4303.369352415808	12958.84984240827	5923.918807806986	10537.466209290542	11224.00387944869	39922.04769765359	6867.381671958589	39770.81267169259	28639.102964279264	43468.785477262216	13513.576165647935	16664.387322755487	5237.696751856808	7845.569839634495	5594.68131516964	6619.816644970464	30779.404576297333	19896.4485890956	24107.424396296257	14286.559516150062	26685.702839849964	10258.74264108523	23863.038911547177	7145.0142976759735	12779.033173214024	5020.202097860431	7313.9919577678465	13496.557143355594	10735.19584719243	5723.6838236053845	7281.72821331034	11294.993202001902	57.6666534840389	2665.609213178464	7524.094212767602	4027.263033951373	5566.629204357668	14690.803932880674	14945.786975790355	15134.643642047107	19882.63421948748	23632.87351007192
PWY-6545	pyrimidine deoxyribonucleotides de novo biosynthesis III	16660.719731512832	6522.041650116744	18952.63576383037	69.8014580274139	21954.02031720616	15881.687752757549	5740.86733687802	7830.22506178286	10018.8338519156	4544.745259459156	39214.49508360384	5609.407565259209	26961.374348335543	26021.56563498857	29127.25792941848	8814.512049113806	7278.173134653459	3995.537842311716	9529.502500726	7978.782748345408	19284.263553258603	41538.90605082911	30132.532121031654	23853.513150720213	19438.849458328248	45214.7758897016	399.7790009577209	2365.8781985546107	24712.025832704712	39403.75985732676	20663.58835325012	27821.20556759657	28688.467248423727	28370.982163904195	10038.147661932384	10632.282324222031	12388.338669604149	48.12537774246999	5081.939138024223	14337.979668205116	10466.249559980266	11393.031847147664	26064.28769528905	27808.88874877777	22032.588293010267	26506.890646034703	34947.832047590346
PWY-6562	norspermidine biosynthesis	87.75248003662026	0.0	237.9748168562852	0.0	0.0	35.20896248537697	223.77267549634877	16.169902125944876	0.0	58.8271522638423	3493.796189676418	565.8512063600864	3595.691646681558	4753.27848653691	3865.579292470125	128.42608327561825	88.8631262867894	0.0	6.887738235867479	0.0	0.0	967.5370477025816	626.4281112622929	931.0876692376336	630.1749051087888	815.3553470707708	245.27892997367888	1382.1558688274056	623.3543027383381	1159.895448847408	380.9003080195906	1275.049436066035	1593.7363709851138	930.0374570098284	15.877377162623738	0.0	170.95524345718064	0.0	79.87323697926033	31.58846329429758	0.0	0.0	187.65181035575227	437.5969298197789	163.35668461409608	431.6996294719706	519.7932851853166
PWY-6572	chondroitin sulfate degradation I (bacterial)	0.0	0.0	0.0	0.0	0.0	0.0	0.0	0.0	0.0	0.0	52.222730739893215	0.0	0.0	20.776466390193168	0.0	0.0	0.0	0.0	0.0	0.0	0.0	0.0	0.0	0.0	0.0	0.0	0.0	0.0	30.485293574450427	33.49860055115428	0.0	0.0	48.68121252780677	26.039224318045424	0.0	0.0	0.0	0.0	0.0	0.0	0.0	0.0	0.0	0.0	0.0	0.0	0.0
PWY-6581	spirilloxanthin and 2,2'-diketo-spirilloxanthin biosynthesis	0.0	0.0	0.0	0.0	0.0	0.0	0.0	42.44705882352941	53.0	0.0	97.41206587376516	0.0	48.533308233855415	0.0	0.0	0.0	0.0	0.0	0.0	0.0	0.0	0.0	0.0	0.0	133.80058566406672	0.0	0.0	32.08196721311476	0.0	0.0	0.0	0.0	0.0	0.0	0.0	0.0	0.0	0.0	0.0	7.0	0.0	0.0	0.0	0.0	0.0	0.0	0.0
PWY-6588	pyruvate fermentation to acetone	83.93378227885556	0.0	99.90274675836436	66.60940405560967	9.999209966776954	23.994187755565125	262.66746044444454	562.2092344993798	443.5329813809968	163.37152356416152	23296.927131777076	2172.7755429038125	13488.871392174598	10585.295275907096	8564.865691627208	43.98006507999022	125.7842120315939	0.0	0.0	0.0	0.0	3102.385511243549	4982.3708410017525	2079.01155434331	2533.6594783544983	2836.673364235274	106.2769875903688	631.0833132225696	16532.582299072175	16756.823208233953	19458.01553708905	34142.193851099066	28285.79646949299	34584.93883595685	1103.0948957107207	735.3776986166594	598.3697538127736	0.0	7.998706433292582	41.98285756538064	63.9576105235617	0.0	13002.766424597232	16883.44446982389	10288.56977716884	11781.33510938352	18217.79125656091
PWY-6590	superpathway of Clostridium acetobutylicum acidogenic fermentation	2222.983041457398	391.6758920215944	1419.285470669638	68.75938968536659	2128.919468649269	2145.325697762016	4064.128841450892	4501.984498262772	4984.778496176813	2726.484159376166	29235.098879228724	5052.084547912833	24905.74621896841	15095.477504705806	19960.068530482546	2417.2499437793767	2011.7046624761529	815.1356568429271	1993.1691139115587	1886.8204116314537	3134.98518788804	13977.157848557556	13578.275721257629	10791.007933502342	10295.35931539033	17516.83279780709	232.407875381459	104.91247893362318	24023.731031281703	34232.96656324369	22009.39821893842	29539.54559810412	27143.383561252664	28275.68762965641	4356.202096101151	4169.591219299847	1751.3892964255767	18.08898979822281	863.6211205067558	2221.3717911643344	1766.534633271075	1919.50741400915	19763.710119775915	22600.815411149208	15189.529966158803	17665.959142468186	24272.013387725005
PWY-6608	guanosine nucleotides degradation III	5623.95977084814	1314.243272561268	5420.0503275668025	81.38244322897397	5777.907812062672	7702.941460150297	5124.867888176133	11539.33912244785	7278.886801929654	3300.49306880066	79492.96064644921	11484.993181895908	61388.49916146496	56173.05220372429	61580.18554178748	8110.955423229942	6154.992727171025	4398.062120849061	10479.945762225703	6464.176802116669	10562.687242473605	48769.23300390645	32791.095458260344	49205.56852655634	35415.40505812907	55099.14180851075	9767.54894817114	24010.28085084444	37274.14514540946	54778.23985279624	28194.75336114805	32079.46499186232	32827.03414241588	32688.92279657156	15302.022975557788	10885.713754343196	9267.576935585565	38.39346110484781	4865.704240509544	9393.38078718132	8338.58014081283	8051.98403114552	33029.576463479054	37066.73816560339	31083.74661850713	38784.13223389456	48198.46460472087
PWY-6609	adenine and adenosine salvage III	10514.896804191712	2891.4259211610347	9383.5675462763	126.4080459770115	12644.630350386433	9981.062208332383	9980.476411154475	16447.637843575714	16212.581815920435	8237.542091419402	68465.27564188642	10160.90023569016	51419.764825031234	51222.60245299011	54854.38252188908	13309.672689928995	11589.821445166464	4891.375679219666	11873.696074604	9413.23123895504	28753.08239913011	52528.86354806418	43486.35716292806	49862.63085819008	39054.3274388048	76470.0990080128	489.6163386542068	4214.27696077276	38713.80630236516	50457.61602871958	38050.73429175156	47971.53992888775	50927.55988728594	47247.08647499267	18396.398584531376	25217.93468609621	19247.59419778135	75.23680649526386	8188.688969828034	16829.526862120725	12486.600574543278	12334.82422068222	43480.88908175791	47590.29588689006	34008.654460807295	41483.90660001263	52390.56824497719
PWY-6612	superpathway of tetrahydrofolate biosynthesis	16155.940978413491	3820.878905681953	20001.65489914463	53.19035319226601	20196.640048859477	15594.174129500236	19814.798253342557	16897.900758477725	22668.37848970445	16387.66690641146	56135.27519829758	9524.575162048675	54302.335363707134	44888.96818771717	55078.42536057518	26006.309977847694	24815.89917118578	14134.423182536591	24816.04083487977	21863.71815691873	32459.42093158249	42305.22395740842	30564.079028861503	38886.78568722298	28405.315702956486	54111.03442676522	8075.461360539747	19976.327227796384	26655.084353928545	35824.390097702024	26224.993216787643	28911.21522316792	35572.165501141455	32640.04797629466	19902.549646867923	19082.48096770022	18656.509208134405	91.82016901152846	12651.080007321723	26872.9633914714	22375.751438403408	22070.63766331944	30140.55319094568	31966.148129219127	27532.48356199256	34581.033287490645	42269.35684738245
PWY-6628	superpathway of L-phenylalanine biosynthesis	1961.86241818852	282.64179002503744	5240.697074758647	33.299571859882825	1066.470912772728	9152.042615313823	18277.261766705444	6710.73954435991	6327.409146757281	14425.919919881762	55119.54566195085	9128.090705594725	52244.21028199655	35018.267540181805	40277.597749122055	19993.50065217705	11911.31786036842	14475.893031827589	10884.949455744683	21767.206343433267	17394.267727731247	44340.54595277677	24747.7127491192	27957.851157740984	21837.75027615426	39683.83960165794	10069.339446061242	24384.22638996227	18307.30290031569	27136.464464169105	14867.362738435531	21335.04553253954	25601.47587614836	25067.97410763361	8137.992960236855	10725.259612945794	16044.984729517624	50.07896704789879	3772.591617869048	11186.28356535389	3805.669613588721	6558.640192708389	28212.866714910364	31658.8683653028	28624.54592113613	36984.7665071948	44302.22635108708
PWY-6629	superpathway of L-tryptophan biosynthesis	1101.6973580701908	88.20618303336506	1055.9915612199109	0.0	756.5330189085287	536.9256497382008	55.08022733043574	44.32685622997956	77.81249913234157	165.504923479928	0.0	2.399582129512199	0.0	262.91480797529283	0.0	325.01571194618253	211.16878755648	119.3233931421683	307.3595510139328	285.85930301021585	395.8027864261184	128.19627842699018	590.8692500447232	63.54185529949923	227.07356571533097	131.83749513340032	302.4178227552139	1758.435655972461	9.59785427744354	14.396576419845266	19.190568248011488	14.395157444249532	4974.648072167608	9.598000739978248	119.56832230011852	232.6586510063597	67.06011797070609	0.0	213.87594532467733	341.7290043089098	405.2063733803726	482.7551011909112	65.91817108966787	303.17799797695983	85.0345000108786	44.36451702135257	75.51557745075236
PWY-6630	superpathway of L-tyrosine biosynthesis	1961.8272941047476	282.640666175904	5239.896172968979	33.121731513963624	1066.4582297406955	9145.563657407238	18236.466145715694	6706.858591852803	6322.688559448143	14409.96283651373	54217.02334612948	9002.165257830147	51553.78247099443	34666.787385355354	39498.0949825654	19969.88780315662	11905.835289031847	14471.612890681714	10882.37920167581	21753.637847933067	17382.74836672759	43964.74753982271	24666.80362297511	27818.35348205337	21764.67450266676	39538.10392193986	5868.4146379907625	20419.129022699613	18239.802111762285	27048.71099521262	14821.91724312916	21215.64082884783	25449.052185613084	24919.12545910976	8129.009422512898	10710.65820649681	15969.644048008386	49.721867617526286	3771.161101047102	11178.77080491894	3805.376214804095	6557.442993424256	27983.62755344188	31313.422877188976	28324.34663603569	36623.242656697046	43851.94066049362
PWY-6641	superpathway of sulfolactate degradation	63.78028289321588	11.86522636195571	93.86480962713313	0.0	34.38600006575706	54.56331657752717	6.816660096654791	32.53154646725217	86.15381892930402	36.06029540060335	1769.2536861464007	294.9733397587292	3732.3497820846487	1045.9705320815526	740.2592304499391	43.324155574489	32.87505727890823	7.329430738571466	47.22750367134529	28.55770344629685	93.67542947658777	1252.469935665432	919.7234657009528	677.6138175922321	681.8978625843811	1047.041669870587	0.0	184.5712387511396	955.9753184893956	1516.767574861828	895.443744379664	1022.5506572044566	1263.5073306796194	1770.0313379356578	51.82254716758848	100.25250212583173	62.48961183083888	0.0	26.31762563304877	42.66419564589709	0.0	24.50687295384113	530.0971665755944	382.8367472413916	284.5390078886145	490.6878322540493	788.5391625730834
PWY-6654	phosphopantothenate biosynthesis III	1680.2469788427911	395.6082583431535	2902.661825296468	0.0	2454.666487450201	1349.724704933769	27.978098325042545	83.76811190558286	163.21827290621758	119.47003046706136	36.32710144392812	10.992982190799829	11.338642674352158	143.43449272860056	81.27155787692519	763.5357011840779	701.2779265724454	232.0151647802909	943.6772919912432	871.2156049127491	2501.935829659732	1453.8154739682511	1122.3195074083546	279.1384896594649	382.9137465020331	2116.896132675022	0.0	0.0	34.98002318975556	21.99555193425936	43.96183540459565	33.97970977943774	20.992824887690027	23.99036191409213	141.44115528478156	146.50017453769024	105.75720455877926	0.0	710.6093891033532	939.1479282764706	1093.5469143625005	1670.2595184568436	199.31500878295216	137.73193418207464	47.95398769693288	73.91397356461997	159.67626831782843
PWY-6690	cinnamate and 3-hydroxycinnamate degradation to 2-oxopent-4-enoate	158.36650202857646	8.07272727272727	186.6576248129506	0.0	69.81818181818181	53.46269368295591	6.410185185185185	5.429982466393923	9.471428571428572	24.347629712579323	515.667510059919	0.597494100979946	196.4396554036961	1457.2255448894557	405.4339620688503	32.662861378799114	24.92448979591837	13.214285714285714	34.230617726051925	50.97358934636239	42.71441095006319	94.45318684749016	195.3638800199693	784.50020035778	104.99744946802896	111.01803106043025	67.16615376160905	774.410097927608	289.8899275849943	201.26571502234293	318.25062706512927	780.268985547067	955.1487259058812	268.21420538537944	14.73684210526316	22.4796208697656	8.331871505952552	0.0	19.63636363636364	32.58823031329382	38.53817787418655	44.39999999999999	19.038168788391346	59.60444623802655	20.10185820733128	26.976812319054225	42.57779800430221
PWY-6700	queuosine biosynthesis	29911.74226163949	9228.652617959076	30556.439243130146	81.0504649934804	36154.88023865479	26212.43983557524	21040.93316646481	20100.101949927124	25263.82402459221	17228.559841028346	52850.47681806455	8959.876220123757	51690.05130049566	43593.99775511337	50883.87973505615	32982.505116598186	29133.222705042685	17373.70914571086	33989.06448448076	30453.847073831166	47856.65697962383	57576.24833630723	43144.46509063989	49260.7764841234	35955.27026132478	74461.94061763256	6676.948052723248	15915.7284062639	32455.306496637568	48871.56749923864	28017.332279891005	30266.84011686292	27102.021385455293	27321.825040248004	24864.189276971552	30041.983078486133	24886.941960839944	109.41378338831784	17229.922702308777	35697.24929877305	32361.624273040477	32729.67690547496	34326.79299128227	36511.52259139228	32458.935070552823	41336.135133223695	49637.56601236037
PWY-6703	preQ0 biosynthesis	22543.35086697031	6601.826783760525	23861.764300729486	72.30886037506643	28217.778789084005	20339.70894911703	21495.088141978187	20057.00539387839	24183.980473693253	17083.675066504653	50617.19434058691	9008.862609527674	46584.7843928294	41470.55783732001	48092.12956886093	30641.439749321307	27999.204194842605	15924.709934645884	28628.66426011978	25421.559431427217	44774.7197402406	60315.13286227796	44323.549168735866	41990.17249307101	36875.324094674	76627.55942666471	7924.98062358045	18165.37635454568	28061.61132560826	39908.27667550467	24982.010935224167	21572.90219043048	24607.85846715316	23903.38399349923	24933.42719554904	29090.319451157404	25192.23821038133	107.90756604996042	14661.128225577191	32026.10946512206	26323.32280581608	26601.28629356063	35651.55360414284	37127.51739389374	33212.59935695338	42036.2022788582	50148.37918444495
PWY-6708	ubiquinol-8 biosynthesis (prokaryotic)	3318.375167942236	925.7889655845954	3187.613491115169	26.67618933148841	3197.750760606128	4268.945073332417	14031.010616408936	4688.077365615443	12764.61687350783	11663.425930735748	40490.112552399725	6728.8865515444695	42002.81417902998	26821.07716653191	36388.52833804786	15460.575146167344	16473.00227036802	9867.29923519987	13632.204830499742	12095.091732141826	11856.803679297258	29703.955299371308	22007.931116213185	26760.14097535647	17637.009649049938	30940.46983348568	7874.024105763399	18250.03909614073	10689.36972599114	16575.816333785955	8704.69839714682	8231.483714783533	11897.404115750633	11550.608030254947	9406.030403658471	17057.317538443327	14385.692829703556	29.62602319016165	4307.317990084193	11040.373703618225	8534.262747606928	8619.482304948027	16651.007960019982	16658.983154404214	16720.5964771547	22515.20938503415	27109.0525490788
PWY-6713	L-rhamnose degradation II	0.0	0.0	13.608056928726793	0.0	0.0	0.0	0.0	0.0	0.0	0.0	0.0	0.0	0.0	0.0	0.0	0.0	0.0	0.0	0.0	0.0	0.0	23.108203830784618	13.267269372926377	11.591231013163492	14.613131080770222	20.69788763059751	0.0	0.0	1.9451983425379489	2.921298250163735	3.671940505267763	2.297458514078796	2.4589089412930774	1.9627742298380668	0.0	0.0	0.0	0.0	0.0	0.0	0.0	0.0	7.707455577944678	14.385916801581857	6.541636208576999	4.756031557692709	10.836373310468112
PWY-6728	methylaspartate cycle	120.22080604334936	0.0	187.702960021325	0.0	37.99470992290997	75.56857399564781	291.1312723999262	976.396566070997	845.6048072379306	646.0208736128461	23909.64179004833	2128.667832395398	14722.34595156877	8885.834705162926	6358.082443765633	162.92287165593362	178.91729272307126	92.74326018991414	22.453013805550565	99.08277965315796	0.0	4308.329575920973	4246.570307667405	3771.905871483437	3324.457652666443	2354.1076676232888	123.50643514539472	796.8535245839023	12214.0815249583	16257.912680080844	9461.616057018584	9972.476749455112	9824.085937197604	11714.715076069337	2489.5881667988306	1529.4842674324527	724.2026464381453	12.03230398282266	328.4260162623494	193.52854741637083	400.4304333551668	12.419046098140264	2384.5661604687166	2712.536743275983	1130.034160613904	1777.7582665785685	2757.703606127629
PWY-6731	starch degradation III	0.0	0.0	0.0	0.0	0.0	0.0	0.0	0.0	0.0	0.0	3007.7207933890563	64.85003054418955	177.09105633901677	609.5776260720434	1266.3049351160696	0.0	0.0	0.0	0.0	0.0	0.0	43.68394024736018	548.6684769442896	471.93813754379374	316.82845795769833	322.2512730708519	0.0	32.463605184878915	34.34804138179848	44.29801986778308	31.718375291008822	92.71480820810292	67.10562066938046	57.04274599498014	0.0	0.0	0.0	0.0	0.0	0.0	0.0	0.0	22.39079237049915	39.73786285045706	103.97455538167604	42.37238622657045	69.73172267368415
PWY-6737	starch degradation V	1580.6273912802776	294.0737418344713	2517.9071472684072	81.7268351383875	1563.2232235660383	3056.114902141795	6986.144533854063	8691.882945744559	12702.240719224486	5606.017197727148	47457.7286303701	8235.905275632445	41878.71894604276	32847.58284780666	36592.25670351039	4041.645365068546	14780.632504493156	3000.924832039261	8923.710156955101	3808.482947470507	6793.691692730355	33537.26962100043	27341.604302576656	33628.352792561	27080.1633819134	45987.417628299685	7710.339266652617	17393.694651258986	30125.88073519949	36228.260533951645	32465.59453272019	32264.614499298696	39066.00486252766	34611.83518773171	9347.59001114135	11113.630494621088	7553.822912459448	30.11225226225504	2824.5771117230124	7163.919434669425	6816.967619330861	5779.232220613019	30386.49161988365	36407.72284139165	22400.68814894016	27272.926312769785	34678.8159908919
PWY-6749	CMP-legionaminate biosynthesis I	1855.9747621886213	502.3855543838525	1843.9037737683864	11.290978973547368	2214.9043857408496	1496.261082601088	1859.4304565151097	5819.35292074487	3089.7296324528265	1068.1383513001304	2517.8513236099607	580.6029615544576	3054.7470645572685	2446.5370120658904	2065.336550729393	2590.5601179589576	1688.6905439151174	810.4071004556868	2418.615056481772	1551.799392898234	3033.478872141696	7146.119751191439	7707.185537601369	7056.624410952546	6064.509592938875	12386.06494963862	47.84990178984665	39.95977082485738	6573.909654194784	4078.099860310485	6279.8065915586585	3104.098243780848	4378.711787759709	3211.751500137856	9548.024052240886	13433.214194973987	7587.964779541798	3.926008583690988	1700.4116564437716	3746.263763449463	2475.294235375935	1848.55913170255	7940.993827604759	8362.81916484641	2164.327996169115	2922.267226511213	4059.779315287964
PWY-6830	superpathway of methanogenesis	0.0	0.0	0.0	0.0	0.0	0.0	0.0	0.0	0.0	0.0	18.24909115000888	0.0	19.294097688124182	58.9745392918956	16.631491671931798	0.0	0.0	0.0	0.0	0.0	0.0	0.0	0.0	63.28812706234263	32.37388675785805	0.0	0.0	0.0	48.65005733333423	34.26039862211963	47.76818686971465	46.201932443947655	43.851745638799606	49.83581780538824	0.0	12.938751482642218	0.0	0.0	0.0	0.0	0.0	0.0	0.0	0.0	0.0	0.0	0.0
PWY-6876	isopropanol biosynthesis	0.0	0.0	2.9999123894345368	0.0	9.999209966776954	23.994187755565125	28.983848087611506	15.996950913757908	0.0	9.99765486994846	4359.543710405894	695.7079390528016	5295.492884985531	2628.002209428042	3135.680689412004	5.999629164236343	0.0	0.0	0.0	0.0	0.0	405.3645205369928	664.8958816718291	1378.067382296245	1053.7660993573318	499.2822175309692	106.2769875903688	631.0833132225696	2784.829943414367	6556.836383857853	1770.4992549583872	2552.0203955912884	3945.390395748337	3072.826269740242	71.95402525298897	83.95299487978453	0.0	0.0	7.998706433292582	0.0	7.999337280355709	0.0	804.0401579553624	633.637599049347	591.7613829991456	1034.1460938000437	1445.8807098385123
PWY-6891	thiazole biosynthesis II (Bacillus)	569.9538465593331	77.34746222396316	558.1649355895066	22.37384941180088	650.2631148438351	414.14039300167696	1290.4249170113628	6786.7828542415855	3176.625902031055	1002.3218199142726	8791.124470277678	1122.466389812088	4954.252137149275	8809.169423105488	8549.74767258132	2273.387982084906	1005.88589078639	407.2803467782962	1420.5735991210358	610.7028312401047	2117.346696593724	5409.454808623308	8164.932170331861	4112.834137673314	2939.456053214268	9946.23753665653	207.6743387375466	528.5805028405446	12836.37756155363	22999.371865219524	8180.412547365528	8339.571955601095	8241.676503499724	6488.836247479494	9197.482456221524	6050.548154323921	3823.454188946732	4.6911436280629575	1231.771832733293	2004.858441888388	2077.297861447348	935.9491567262944	11295.638174968995	11658.712307538684	3563.575030744927	4329.822486337941	5659.991739462404
PWY-6892	thiazole biosynthesis I (E. coli)	21030.487144190443	6675.041992594329	21300.49686277343	79.13907852135637	24770.63767524417	17491.393240705995	9182.174009983157	12962.739687626798	13343.856795849675	8205.443920876789	30686.4747754424	6198.948863013104	30721.83199427031	17193.461406955113	24748.1930723449	17578.68002585607	11218.701702546605	9064.61808181428	20946.734069996357	19465.019188609134	24667.61393594845	27355.251495720426	22518.84616360633	21259.57057970419	15948.136887904177	36568.35150122312	407.5565275623607	1078.3155804566811	26838.85789191976	40782.58077301381	21509.79980876561	27937.41485698433	26273.47477101312	27933.055360198086	16405.299604163	15981.446520616246	10032.339736978473	73.01330622853821	11045.412287282626	19975.77829248463	21851.370034244508	21795.633394099877	28286.36294274027	30051.01739986972	20194.79648611345	23666.54756178689	30669.6102145355
PWY-6895	superpathway of thiamin diphosphate biosynthesis II	2662.8042750749883	375.14174403876666	2620.850421225732	54.9580393966439	3052.411710103155	1957.394413171325	5158.918222458161	14374.573077538762	10565.643279953552	4078.47170034178	28819.69200993164	3979.7789695222073	18388.056847608645	24577.09794934343	25880.646429225173	8941.284379410406	4432.169931853589	1867.513860051934	6147.020308979282	2835.072542857152	9065.499042240352	19805.78516393797	23844.32620052453	14849.577646516484	11102.995137432825	32391.85944908535	926.411942714172	2353.996990317348	23712.567751652587	38578.45412824172	17991.00426279503	19073.55586519037	20633.01091467776	16751.015833305766	17695.08467116501	15774.211761589337	11723.52700675019	20.263474412480917	4834.504602265137	8183.760375498307	8359.964151541732	4220.299411037308	26248.229827529136	26810.578364686357	12697.253865672836	15559.059152674658	19926.524623229987
PWY-6897	thiamin salvage II	25139.19799429409	7310.561220006374	26651.297180368827	81.77123319964193	31060.43542033237	22485.66440515093	19942.61307214705	19166.19495478776	23826.877253989864	16738.771714744737	66550.26193440327	10638.994547425662	56590.75605518334	44745.06334523378	52910.30902178952	30573.60440081437	28158.322692368834	16448.790886441842	31346.38113658431	26980.85065124457	45738.53476300813	57911.10204576891	43660.37494178871	41192.24380512782	34888.65427154913	71468.87698082617	6871.175955450542	17429.42489391821	29016.317815154776	44288.24992171437	25362.56566771709	28476.273386580317	32368.994290437666	28305.94012902092	21971.788731415923	24858.14586563171	23222.522173926816	110.44645036179068	15552.542062972912	31728.919147889792	28503.36177574281	28562.51700055055	37619.74465916026	38469.19342723568	34505.44057538886	43356.26321427488	52832.650322538
PWY-6901	superpathway of glucose and xylose degradation	1762.5654368393357	262.8356039356334	1668.80688807574	34.09418844549701	1375.19744573024	1645.3617258238155	2137.9843341227192	2879.7204383933254	4659.521990905148	2123.834250058285	46489.44532656386	5853.81695298654	38503.4369816393	32268.43290146776	43547.4110433433	3518.124567675018	2236.645207514692	1019.8609120016414	2849.543691621395	1381.5908970354958	4518.859126003531	19088.730679413315	17558.819745798257	23417.251306965245	17654.633896086845	27389.6130810888	1996.124413404949	10033.20463194138	15395.97390348701	18918.669306420943	15686.319881481651	16895.73461169709	23620.34344586929	19123.963130452332	6179.076609113543	8275.329052350824	2991.371921026275	0.0	1367.5532187166195	4643.321744276075	3510.4071850894707	2891.465784883693	16017.147078706388	20246.333020252296	10289.591433175066	13605.52987768095	14835.47445558059
PWY-6906	chitin derivatives degradation	0.0	0.0	31.525955780274167	0.0	0.0	0.0	0.0	2.785063394224523	0.0	2.1080348287143056	2085.3756844130835	106.27681859801643	2328.086702118057	854.0750903069514	713.9422932787782	0.0	0.0	0.0	0.0	0.0	0.0	179.67006696620632	104.25973741149178	718.5834563348155	300.79998602485443	0.0	35.306157475346055	118.61754882035468	245.7475728575255	432.1937780036529	161.0272235658683	170.88060132568893	1646.581665738813	212.4506554637126	9.96357296751576	0.0	7.358797079389818	0.0	0.0	0.0	0.0	0.0	11.927692004031458	189.65051776159612	0.0	0.0	0.0
PWY-6919	neopentalenoketolactone and pentalenate biosynthesis	0.0	0.0	0.0	0.0	0.0	0.0	0.0	0.0	0.0	0.0	0.0	0.0	0.0	190.45650661099512	0.0	0.0	0.0	0.0	0.0	0.0	0.0	0.0	0.0	0.0	0.0	0.0	0.0	0.0	0.0	0.0	0.0	0.0	0.0	0.0	0.0	0.0	0.0	0.0	0.0	0.0	0.0	0.0	0.0	0.0	0.0	0.0	0.0
PWY-6944	androstenedione degradation	0.0	0.0	0.0	0.0	0.0	0.0	0.0	0.0	0.0	0.0	514.5912370970191	0.0	833.5667958866961	943.1883948819034	814.7303312114459	0.0	0.0	0.0	0.0	0.0	10.698376363581117	0.0	157.82847917371322	338.20505909322446	125.98232138142956	162.5127293320695	623.0782749886754	1530.0658994864848	80.14450835408435	0.0	0.0	0.0	135.15080589010188	0.0	0.0	0.0	1.2805902089087438	0.0	0.0	0.0	0.0	0.0	0.0	0.0	0.0	22.73549913237903	0.0
PWY-6948	sitosterol degradation to androstenedione	58.86056931918386	0.0	114.6385441166322	0.0	0.0	6.856056912833023	0.0	0.0	0.0	0.0	28.86864855014728	0.0	57.38499267373142	166.04651192441327	311.55857382627977	0.0	0.0	0.0	0.0	0.0	0.0	23.45433275157033	15.831858839577334	227.97327257820444	9.897882424793698	7.937348968076745	0.0	0.0	188.56095332675463	132.83757645865293	211.1096729454164	746.9188099300244	229.89298796939508	192.3811485241677	6.855924084695545	0.0	0.0	0.0	0.0	0.0	0.0	0.0	0.0	0.0	0.0	0.0	0.0
PWY-6957	mandelate degradation to acetyl-CoA	0.0	0.0	0.0	0.0	0.0	0.0	0.0	0.0	0.0	0.0	0.0	0.0	0.0	541.2054200276767	337.05279259558233	0.0	0.0	0.0	0.0	0.0	0.0	0.0	112.50333217194604	309.42371031837155	174.48441541865958	76.86673796752106	0.0	0.0	0.0	0.0	0.0	0.0	0.0	0.0	0.0	0.0	0.0	0.0	0.0	0.0	0.0	0.0	34.29158877032523	82.90111893067966	0.0	0.0	121.61943527097304
PWY-6969	TCA cycle V (2-oxoglutarate:ferredoxin oxidoreductase)	35150.37324735359	10404.197093444582	37300.17050548315	108.35199020955648	42933.2869200607	31310.72108324681	27713.226168242916	28588.67597137039	33935.761071203946	23170.236345350662	94328.77996321696	15493.812361940509	83538.19718880352	72527.33073399267	80579.87990891114	41362.59725589071	37023.575908758256	21151.79697008662	40360.020364885626	36325.61252340735	61046.029599141446	85705.39643553749	64036.16924405052	72737.13782266247	57374.21374525058	109474.5526834278	4257.286814628502	15953.700769229694	40330.186811537926	53040.17134015748	38190.62773504913	35775.33019420183	47359.99736878504	40611.71275891774	33864.1700582306	41839.57523579931	34955.22759348202	153.74650663323553	21272.69727213944	43824.770586212166	38359.65590474394	38702.85882840663	54268.149338795374	56492.94270411294	46505.55593766861	58808.106055713215	71684.87741150212
PWY-6992	1,5-anhydrofructose degradation	0.0	0.0	0.0	0.0	0.0	0.0	24.156407374729817	9.998262846396493	0.0	8.331863070401614	1234.731215825081	532.8096697208032	5024.178841090426	2251.711122208972	1543.0525064776784	0.0	0.0	0.0	0.0	0.0	0.0	205.90469270673356	398.66379996952975	537.8155131069148	321.5456226382197	209.20492748913023	60.51800400386557	393.2277579945916	526.6569060081041	1396.9293720966905	585.6019261562611	419.6675310012362	475.54848357292593	698.2537614324069	0.0	0.0	0.0	0.0	0.0	0.0	0.0	0.0	178.51149003434665	123.16900029139975	197.9560480695228	168.8827389631522	363.51202090232783
PWY-7002	4-hydroxyacetophenone degradation	0.0	0.0	0.0	0.0	0.0	0.0	0.0	0.0	0.0	0.0	0.0	0.0	0.0	0.0	0.0	0.0	0.0	0.0	0.0	0.0	0.0	0.0	0.0	0.0	46.974021564174365	0.0	0.0	0.0	0.0	0.0	0.0	0.0	0.0	0.0	0.0	0.0	0.0	0.0	0.0	0.0	0.0	0.0	0.0	0.0	0.0	0.0	0.0
PWY-7003	glycerol degradation to butanol	182.25503512126724	0.0	210.51281499731869	0.0	0.0	0.0	70.45966218102558	49.4371315417056	0.0	58.46631454681682	7162.325079062486	851.3199443020077	13178.334051500917	7403.430242790195	13390.410500947051	0.0	65.62720860821435	0.0	0.0	0.0	0.0	3140.1925106227127	1328.2285933866206	620.7540926237235	839.2169383228276	1159.4420714954151	152.1062141048201	302.6318828528785	2695.223499962777	3893.976855770573	2871.3960371594035	4251.529089982218	9828.901151176047	4837.561295655849	248.86172125136	560.7375733918534	0.0	0.0	0.0	0.0	0.0	0.0	941.9300962089582	2391.283410353776	548.2625523021808	1271.1155430298134	1344.25488975866
PWY-7007	methyl ketone biosynthesis	91.6254606030255	15.962607294611738	250.26303930872805	10.940991069865174	65.8058215662039	47.90386566649998	908.7096949795252	666.2387852502044	746.2229606838165	386.18536624094367	23395.907738425485	1622.757802662799	10920.98721245727	12512.096904121752	12979.07980581338	580.4633743198474	468.4976042802464	133.30670393188143	305.9395689056468	198.85695864830848	490.4870770809944	2330.4332904228004	3236.5023240027617	5154.450016855413	3356.157485517274	4923.410489362269	886.0370009400402	6941.913751814546	3152.646545437777	5368.949061982336	2643.331329536676	4959.082633841439	12910.251610864734	4052.605634769092	3706.01976254364	11344.304616652582	7059.663009733613	0.0	449.9492405081724	1534.0282578641572	299.3337631720256	263.60370287237333	2661.319504775558	2678.57049356344	778.2965487229008	1188.7319061045466	1492.0251967197312
PWY-7013	L-1,2-propanediol degradation	428.8499811630818	0.0	348.1414038181786	0.0	0.0	15.99548735507535	0.0	0.0	0.0	0.0	820.7556358200694	0.0	781.6987841357416	1709.213678509964	2159.0923121736478	23.99262127057109	0.0	0.0	0.0	0.0	0.0	271.6474938731668	689.0336381851811	840.6749386787548	1228.1136419275506	391.43597465967576	321.3709926646448	956.5570911069144	545.6098411787282	405.2232271463536	945.0952764212036	3186.812787667284	3775.313481518652	1030.9849567518825	0.0	0.0	221.2833582179403	0.0	0.0	0.0	0.0	0.0	179.74760202448104	203.69207861584545	251.41027341159955	101.92663168343476	504.5248999896066
PWY-7024	superpathway of the 3-hydroxypropanoate cycle	0.0	0.0	0.0	0.0	0.0	0.0	0.0	0.0	0.0	0.0	25.50039717819289	0.0	81.22041862220571	118.86820102001884	393.3355815927332	0.0	0.0	0.0	0.0	0.0	0.0	0.0	0.0	0.0	21.998633206942035	0.0	0.0	0.0	0.0	0.0	0.0	0.0	0.0	0.0	0.0	0.0	0.0	0.0	0.0	0.0	0.0	0.0	0.0	0.0	0.0	0.0	0.0
PWY-7046	4-coumarate degradation (anaerobic)	0.0	0.0	0.0	0.0	0.0	0.0	0.0	9.716875042702943	0.0	0.0	260.62311458888263	58.59374552677565	487.8010672718654	189.71087101567576	382.8985814971208	0.0	0.0	0.0	0.0	0.0	0.0	299.2095149138776	232.12200922612	294.0623862579239	204.18876420319583	343.12221267065024	0.0	0.0	140.643074430905	386.8009797667464	135.7326310950586	108.7624800156671	176.2223645867588	178.06445694428515	0.0	0.0	0.0	0.0	0.0	0.0	0.0	3.987570195856493	76.97231014613196	56.954459451908015	55.4559449477609	52.82861839822658	88.75334650205366
PWY-7084	nitrifier denitrification	0.0	0.0	0.0	0.0	0.0	0.0	0.0	0.0	0.0	0.0	473.17071476072886	98.55274492315782	973.7083426914792	311.7054302675334	231.0433729799917	0.0	9.162041325243605	23.80043116723129	0.0	0.0	37.13383135925572	815.9063521593639	107.3114554524051	149.37139310850674	124.84647808481316	436.72451723974217	0.0	38.16497515311705	108.44729386440125	277.99727005222394	116.54511106979548	53.018262358136894	129.0791552010231	179.58469914522053	0.0	0.0	0.0	0.0	0.0	0.0	0.0	0.0	48.60474380623605	22.94732386083759	58.4010896182636	155.1832597281263	105.2906519075449
PWY-7090	UDP-2,3-diacetamido-2,3-dideoxy-&alpha;-D-mannuronate biosynthesis	63.612975355576935	0.0	93.75002638921993	9.670487106017193	61.82648403487904	118.01047917248668	301.3450111248583	485.0398867278796	1085.0237532568449	274.92511032270863	2097.9539676864238	312.46551325756315	5310.123115336709	3866.770632208401	3093.6381485687584	278.3032373996975	241.8795415081377	84.42329478513818	310.0708383160043	189.1415800602118	606.6829267909409	1545.6937580505871	1273.136409195758	2879.3471001680277	1777.0625962057147	2361.125001099557	64.21011078898322	314.036505460106	7943.1865587635375	8003.103733674328	9965.935812707616	6347.866418432357	5564.731213160439	5555.555169594516	1005.2088346119244	1053.104078392966	469.399850938485	0.0	142.5590084520034	272.4534064418052	295.38332400043254	242.90535306957625	3689.444195102947	4931.719343334611	2356.576808692812	2729.4562787818195	3485.1543437961263
PWY-7094	fatty acid salvage	9545.35680134278	2952.610853514405	7857.473740507921	33.84060243084997	9347.290797317311	11002.879099686928	13562.289771249429	10701.069222189904	10393.019060706409	9829.860380974533	97381.71671587454	12229.023515336292	77833.39927003368	67925.38525580154	80048.29774185242	16077.76356806913	12663.82563684004	10104.980537548634	11621.004307013032	13976.838106164463	15288.572630117898	47330.49062182856	35872.68599857267	52768.08758247113	37326.9359614363	56457.40147982381	14694.25191608227	39365.57539706973	27211.357495083997	39749.00876951636	21727.280975816644	25558.467595419	27431.896979844438	24474.150101136984	16986.635915932337	24374.163468605413	16134.976091461644	15.599610093299104	4843.71771422097	13251.516784545222	9690.166470708991	9426.471718073268	31062.34589631699	31082.613477133385	30014.61506392546	41188.413924070366	51036.58132745975
PWY-7097	vanillin and vanillate degradation I	0.0	0.0	0.0	0.0	0.0	0.0	0.0	0.0	0.0	0.0	3289.8284069615397	290.68630163647856	3554.329254385621	1510.8304706028844	2226.455988591963	14.148341401814852	0.0	0.0	0.0	0.0	0.0	819.4662109442396	636.8010635282445	761.9245814832899	849.3191908841072	785.0339663368533	83.25851799559914	644.6736468232149	273.42325841666803	706.0634573706378	266.7912570141924	392.1080980977766	367.00504453068646	303.4537745759894	0.0	0.0	40.05837617399142	0.0	0.0	0.0	0.0	2.461475208106386	121.99940480900284	106.42437051041009	66.23684395365393	152.58594597620677	196.518177980613
PWY-7098	vanillin and vanillate degradation II	0.0	0.0	0.0	0.0	0.0	0.0	0.0	0.0	0.0	0.0	3533.38680598662	300.4590341605632	3852.342584508113	1632.8507128139995	2359.6500547701216	15.209046000681358	0.0	0.0	0.0	0.0	0.0	893.4936878520464	696.187227524253	836.5699054914219	926.846554608072	856.9103351693503	93.57360773553673	722.7164086560464	291.6158878019742	748.8224263962898	286.23344422817223	417.1386981080721	393.3733252496501	330.03918335727764	0.0	0.0	44.81485023938397	0.0	0.0	0.0	0.0	2.6340819543934373	135.88600705628454	119.09981123702528	74.39737330234576	171.24171177417452	220.51505150016487
PWY-7111	pyruvate fermentation to isobutanol (engineered)	42112.72694915378	13434.73761817196	43625.42299101571	119.81082501313716	51024.33484283	37326.63765357861	26042.338218675774	27702.82779680985	31210.080359867585	21824.43273377582	119742.58083417278	17697.897316874027	117157.48635449773	88535.33207105543	100908.10789195144	42576.80992886479	35872.00185043453	22648.93615646221	45294.20534204334	39113.494374597525	61269.32259278838	97171.24263897636	72858.79682835074	91466.97758967947	68380.55032210985	121400.33757231369	16277.41380141035	40785.406833612935	50731.46497155073	77196.09844042838	46086.60646594808	55592.734670569545	66245.20009802781	60429.5664228426	35100.26195922946	42032.34007947378	33408.932292788784	134.43396226415095	22396.78747022176	45858.50169162617	42565.77995807094	41984.79074180252	58797.53699403147	63475.68920820175	52183.97185402369	67372.87539228317	83270.57499088335
PWY-7159	chlorophyllide a biosynthesis III (aerobic, light independent)	0.0	0.0	0.0	0.0	0.0	0.0	0.0	132.55821584051054	159.02165038743524	0.0	3131.9602097098123	391.6803349928617	2178.554702457302	923.2851923532309	2749.9209025840114	0.0	0.0	0.0	0.0	59.10239018324043	17.960225511472203	655.8340356633003	829.5923441838831	411.2406859977358	1012.045586431669	958.7849480370916	31.058454255692396	442.9487678820629	756.3651800096188	1680.6800932049562	739.8822973705417	1093.2002063165585	869.2813725701427	1257.3400390232282	8.978505715669892	0.0	0.0	0.0	0.0	21.68744540791973	0.0	0.0	246.2003355225505	139.22917328570384	173.96905564629128	177.3195225832428	302.72195459330214
PWY-7184	pyrimidine deoxyribonucleotides de novo biosynthesis I	27310.59228187965	8512.041850086523	30414.62881465147	69.45179977167508	34138.286318227896	24993.306351192005	21668.056972745544	19359.670720859143	26090.696262205893	18182.77126301668	67989.21090603278	11469.884297809884	63492.63654698663	51088.10762258387	61592.47471818655	30442.04587306361	28813.51134779506	16548.78212407095	30591.096156761843	27342.450946715675	38572.62553785838	53179.01097168642	41991.12438159397	48464.72504755937	38615.52330944023	69620.18119493786	7930.576246938316	20025.68886127637	28428.20821510305	37077.53571764296	27494.845139945595	28216.26692574459	37546.250693171285	33037.67157666955	23582.903407772126	27098.52113439253	19825.6207123777	81.66651210262607	14773.87098029336	31388.29035577208	28155.873120513268	27563.43289508048	36277.47076467222	38463.26470129267	30723.75464593292	39723.51268397675	47570.95365819973
PWY-7187	pyrimidine deoxyribonucleotides de novo biosynthesis II	21367.624816779942	6115.127431422873	24185.19651634194	69.73497682552825	26900.080585886568	19055.94377162085	16213.29718871884	16018.323214552698	19592.907258804127	13023.046965806516	46349.80328205188	7433.380040030489	37667.80124192464	29471.73317194066	39038.82515261191	23531.332520475447	22127.07968200163	12617.057634809344	24322.830677359765	21251.14808662327	29490.234126158317	39862.66676275598	33129.36165414073	33669.21231610025	28874.513820865697	55126.57399887802	5977.767190123762	12037.161952132166	25245.707660517863	32602.42460854561	23662.31579266013	26942.90855908271	33152.89608243875	28844.051819062155	21114.14405760893	23802.351575736244	16434.407563479705	55.16134198435721	12263.784382786223	26003.47737901903	22966.173271675318	22469.322275958857	29775.625938893227	31953.89490388432	24155.28943747716	31349.28225912342	37868.18956790993
PWY-7196	superpathway of pyrimidine ribonucleosides salvage	6812.178221279588	1704.2718758642968	5209.995075452424	105.65948340250038	8703.881165143413	8564.069909056467	11192.29298308472	12050.601915341773	14825.200834211462	8317.76019026303	65483.02746891102	10034.632832944668	52483.9383014929	49865.438436127006	53747.31937410796	8808.21258736967	6845.27510060737	3622.870167510231	8129.710636471985	6539.552513679116	16139.99665420851	48564.52602612679	40853.68916417792	55884.60594097985	41635.038277439766	75240.24667244745	1150.373525227838	6925.01490595911	36540.21221632133	50691.81346165969	34731.04461686903	37597.561604528346	43558.63444821891	39592.74097654879	15085.56727192874	17321.00860030142	8424.902115923198	28.78878902546906	4951.025377537761	13710.951098054102	7436.025708006759	8294.650925060729	42043.91391431855	45320.725675773	32561.82129614991	39704.62669494814	49644.70966903349
PWY-7197	pyrimidine deoxyribonucleotide phosphorylation	35899.38718465138	11526.682579699554	37679.40069870023	87.31439665909592	43867.11705515003	31858.380777723272	22230.928947634755	22527.67435851086	26749.53629344198	18645.7827967337	70705.27039749172	11559.292729284252	60132.52844453008	52864.95486497744	59351.71345464175	35047.566867275134	30932.592819084213	18311.10460907397	36559.3336032239	33153.785582981225	52077.30842412511	67504.04492575557	52112.090361031565	58806.797897871256	46850.92020131495	89846.2704322161	6788.508634115598	16914.181500637696	31892.298564377445	45993.355684659466	29309.39121960556	30814.088661103306	37655.03200483487	34139.902040404224	26174.899151726637	31748.255649209463	25311.316910541555	117.723991507431	18527.8397710549	37453.89517607531	35466.41105809775	35811.202934948546	42733.03513628892	44873.48282430104	35772.562126399454	45408.76790482703	54789.03548844654
PWY-7198	pyrimidine deoxyribonucleotides de novo biosynthesis IV	14041.334317671508	5501.2183489022655	16273.944103490232	0.0	18628.85571449898	13358.50712944418	146.2938662065008	256.58984798112795	794.4844460787397	379.2981326123208	621.3092573647174	0.0	527.6765194111459	661.8693448920702	441.0949660837269	4927.5665915406325	3390.530096266553	1409.4537257568766	5176.5273937139145	6435.252087930476	11810.696502656252	4770.035211208295	4200.565148413597	980.2955150493324	1693.9076551584192	7353.931594258915	73.01747917068748	10.496055186576497	10030.244503468552	22751.21144670624	2642.855878368652	4340.934503613507	2654.1223291349893	1982.885573913483	882.5358074689724	771.7968378637288	566.0743598882663	0.0	1852.764305050904	3674.744120395091	6456.601228171073	6634.324002213976	247.30571168661564	271.6434146850822	108.23107355181112	237.00111543426067	489.9227381035744
PWY-7199	pyrimidine deoxyribonucleosides salvage	1896.9715678069283	547.6424397673923	1709.6145617846153	67.07146897982275	2637.550998890088	2702.283878078015	4611.306672401699	6019.649254311714	6325.329052875073	3663.7286267282593	49316.356144091216	7720.687672679411	44404.980256744166	37009.067178113786	41140.261374481	3184.401864720168	2329.5943866939047	1300.5813123217404	3356.017878030418	2297.430822795708	6142.364701041888	21924.59607287176	20040.480809419983	29953.75177943945	21746.19208298041	35584.17023670426	469.6621072421914	3180.6034980429777	23473.45615649517	28754.329273632527	23829.66519078326	26153.53810589254	30970.78904692814	27223.841342362128	6126.238125126062	8160.369471504423	3030.7444870573872	10.351039260969978	1831.082496567776	5711.786756349571	2927.429835889673	3355.279764776038	24926.1571419696	27209.01205593944	19723.63160331281	24319.2503353305	30255.434478734474
PWY-7200	superpathway of pyrimidine deoxyribonucleoside salvage	3447.264155419806	991.1032571292952	3086.464163007471	77.0341287808225	4687.9915782223325	4957.10448068065	8147.252197765471	10002.063119907174	10718.417358900097	6491.730829771069	59358.86257181152	9469.16151416998	51982.80357670739	44481.23560780331	50060.87485919038	5955.9248175920775	4387.381702681629	2232.5255299380474	5711.322026835493	4108.051574778151	11368.476579654684	35181.418938678675	30207.925550390068	40651.33555089363	30633.933705569245	53830.1113425031	978.0293990279604	5778.505566490816	26482.49329612941	33447.845506176855	25803.80307590022	28071.098093234294	33860.0216376019	30128.061116743906	10141.48097753098	13629.602874920509	5950.223989299653	21.589423496626285	3331.457156404984	10176.409108207636	5189.237456278661	5943.972176520732	32381.395235255717	34706.256926830574	25980.21236901497	32235.645581256256	39907.98641041008
PWY-7208	superpathway of pyrimidine nucleobases salvage	41058.91522460281	12995.843738505264	42675.962205927935	134.9811320754717	49865.78564385864	36528.10172935647	25936.44822001021	26786.040134683757	31075.33844451944	21908.978875834724	90142.17619278954	14605.372242003192	77435.49871687646	67379.93442723963	75224.95667851683	40732.209583345786	34873.96964240308	21037.909135756025	41749.0503641054	38091.59863748914	60128.58706673151	81564.67711336428	64343.86647544937	69564.02941300672	57154.07426645663	109314.4526982874	9570.524344639918	23771.11634936852	45571.95871620051	63642.84757488223	41844.26503326527	48311.00312815603	54722.5122506464	49551.16364037327	32028.37952045829	38797.53457186205	30390.103302833548	136.2820823244552	21223.029870139235	43497.61497926625	40469.63406516635	40820.3865466105	55738.89336077885	59467.46428790213	46127.81001684167	58323.52638471766	71178.45741875815
PWY-7209	superpathway of pyrimidine ribonucleosides degradation	0.0	0.0	0.0	0.0	0.0	0.0	0.0	0.0	0.0	0.0	0.0	0.0	0.0	62.38269622717712	179.0545455560168	0.0	0.0	0.0	0.0	0.0	0.0	0.0	24.971804409427307	47.4445656864201	27.47283672946589	0.0	0.0	0.0	0.0	0.0	0.0	0.0	0.0	0.0	0.0	0.0	0.0	0.0	0.0	0.0	0.0	0.0	0.0	0.0	0.0	0.0	0.0
PWY-7210	pyrimidine deoxyribonucleotides biosynthesis from CTP	17936.8509433427	6984.454757267413	20323.84025841639	0.0	23543.62086576345	17021.164230689184	208.4928951959899	365.05030380433305	1123.812862031509	538.0004971522189	885.4609782972971	0.0	751.6832964967931	942.345416374428	628.7130900637043	6739.430201337552	4673.138387418297	1962.985562864952	7067.998675206834	8652.034595351719	16082.82842175854	6715.765732349123	5894.734404110041	1394.8804235617845	2399.1941206363854	10333.424774658226	103.91876549687876	14.991186810680857	13011.734630562656	28587.42510111104	3657.0856173619263	5955.169543133695	3710.132586079817	2783.7360358379347	1245.0021717581178	1092.937981202085	804.322936256152	0.0	2560.2716184896217	5082.316855284952	8700.169981511637	8966.436674056344	352.74598080167914	387.4257288960201	154.50077529452105	338.1279542199834	698.3283348655668
PWY-7211	superpathway of pyrimidine deoxyribonucleotides de novo biosynthesis	22440.303462996977	8082.164153849231	27003.278542602897	45.66686503408878	28942.94942934784	20951.81816526138	22155.46258010653	17615.89661331075	25574.52037325423	18462.86035459969	71755.2754830415	11553.020276216192	64920.587458760805	52619.96872427138	61869.52836301902	30654.31542684345	29125.078886579544	16980.424285925088	30935.42578240597	27248.283625421944	37233.65778073749	52218.42073213326	37349.6789658103	47791.04334124878	37805.943338471305	64404.39057404348	8083.061476675333	20265.14807535708	23846.586248442032	35788.51888832551	20544.495207913045	23606.936330671837	35856.27150795053	27683.802677886924	22210.087712130586	23086.701279623376	19510.314024004198	88.2392271600033	14657.366749361412	31611.1596926945	27687.40344015338	27521.36734399236	33652.610387707	35323.37183647982	31143.394823331702	40388.75972281803	48639.054798885634
PWY-7219	adenosine ribonucleotides de novo biosynthesis	42537.83071357448	13439.029066940871	44189.33381416851	131.4	51783.85335261077	37787.94046532047	26972.00697497364	27269.368348571446	33580.351966407936	22649.554737709404	88268.44578738588	14630.78519371555	77426.08311875103	65216.08269182338	73352.71048406916	42425.59711975765	37382.22784772037	21953.966921422325	43877.740096717134	39575.92343657668	63059.97033829711	84335.62374166673	66910.89876251906	72231.55932911347	58859.218449008215	113861.05094568065	8579.446020682886	22409.86365233524	46254.75208909438	65946.62413862912	41855.85762702453	47861.77485143612	53292.494259606254	49046.80072969046	32821.19847780033	39603.92246417744	31823.13134519702	142.85061655990802	22270.19733835138	46026.0224936785	42498.82130958269	42901.33082793919	56141.48156581074	60009.59489583666	46835.83804638161	59069.42132519227	72214.4356048417
PWY-722	nicotinate degradation I	0.0	0.0	0.0	0.0	0.0	0.0	0.0	14.051643817383203	0.0	0.0	887.3872532762838	262.1843560636791	1052.048243989988	834.6975480526688	752.3129744216445	0.0	0.0	0.0	0.0	0.0	0.0	441.64081308264224	297.530175138527	379.6038843820947	439.3640825187762	918.5379540549084	445.5482264313704	3336.999651802603	129.1611032456766	524.3655051838292	121.75943885235122	82.57552910617311	155.85926537652537	70.8310905540026	0.0	0.0	0.0	0.0	0.0	0.0	0.0	0.0	105.29643714747114	109.09287985439808	86.38455915779775	136.1819277584405	209.0515195025546
PWY-7220	adenosine deoxyribonucleotides de novo biosynthesis II	32115.25541621585	10694.251584800077	34934.337154356326	86.21936056838365	40298.88787474364	30848.841049093568	24096.363784910227	21437.169463603062	29754.35036559475	20410.288309941	83895.68026202121	13706.141933406792	73467.90440497632	64335.531726738365	72349.23135383776	36095.11022271391	33076.37460129548	19198.92202618048	36249.33259790408	32505.302565276063	51977.79378239607	72429.30596438046	55785.15558316738	65025.22433344361	51435.29496935508	95103.73352286288	8443.530511670599	21630.225467559947	34175.48436820159	49940.23430267197	31481.907831781176	32859.09483556565	43059.20957265844	38275.4413419662	25634.51320664035	29554.568079191493	25607.021258998742	114.3931623931624	16463.22944670771	36215.57590145923	32161.594691372306	32288.85069144216	45692.422812048	48115.90373925277	39171.325163990296	50218.14503805916	60035.21853156522
PWY-7221	guanosine ribonucleotides de novo biosynthesis	37421.86223510935	11845.489894859558	39861.816271805495	110.7086092715232	45895.54172442196	33093.4457573804	23786.26101394618	24648.716160081185	29592.270089426023	19696.16327865912	86731.61090617564	13599.70863124887	73686.02696270724	62361.32683611358	71955.21001797741	36940.07338438655	32552.3691811622	19283.486261142843	38796.38137824704	34728.63899116567	54774.26581448888	71452.57511608893	57040.37644765352	64124.76820263587	50847.78678754655	96869.74093481968	7103.296377292632	18206.170252120104	40170.22101317438	55464.95697466258	38035.29746712696	43343.60888619359	52857.93001020816	45721.7365301298	29588.187604904066	34127.64300170593	26781.17733156265	123.65934661680129	19786.64875331405	40992.52915944766	37590.2062065908	37875.0341868472	48464.30253858763	51601.04378435503	40810.84182690449	51557.2463284662	63140.93276977807
PWY-7222	guanosine deoxyribonucleotides de novo biosynthesis II	32115.25541621585	10694.251584800077	34934.337154356326	86.21936056838365	40298.88787474364	30848.841049093568	24096.363784910227	21437.169463603062	29754.35036559475	20410.288309941	83895.68026202121	13706.141933406792	73467.90440497632	64335.531726738365	72349.23135383776	36095.11022271391	33076.37460129548	19198.92202618048	36249.33259790408	32505.302565276063	51977.79378239607	72429.30596438046	55785.15558316738	65025.22433344361	51435.29496935508	95103.73352286288	8443.530511670599	21630.225467559947	34175.48436820159	49940.23430267197	31481.907831781176	32859.09483556565	43059.20957265844	38275.4413419662	25634.51320664035	29554.568079191493	25607.021258998742	114.3931623931624	16463.22944670771	36215.57590145923	32161.594691372306	32288.85069144216	45692.422812048	48115.90373925277	39171.325163990296	50218.14503805916	60035.21853156522
PWY-7228	superpathway of guanosine nucleotides de novo biosynthesis I	36719.482502300176	11685.941377712405	38620.18756865882	97.09769505105456	44889.01130688786	32520.195631997674	24144.976041295267	23848.97465895926	29967.716166844915	20195.513173183797	87656.95943547202	13901.167729848015	75014.99945301318	64833.7925443026	73993.13995472126	36823.6255893454	33101.43958284205	19408.511616985565	37986.9918245208	34120.96230821846	53818.19250300316	72577.63494913299	56804.04730438288	65512.30962354016	51682.06442577229	96930.67918445123	7805.093146643295	20089.194297529823	37383.81900553389	53223.241307114935	34838.99761108577	37602.259166583535	48548.46969898174	41905.60726627605	27831.348466924464	32659.205152920284	26265.15956307684	122.24109533006435	19307.8611638754	39310.60674700471	36774.70147289785	36971.37605477953	47324.91762241177	50292.9582732678	40223.84389241877	51215.12024166177	61962.48724906468
PWY-7229	superpathway of adenosine nucleotides de novo biosynthesis I	38780.42329319779	12464.910415637249	40884.916908749256	113.6062207450788	47650.658338597226	35245.17637805772	26313.045494554968	25113.238381035637	32753.238059335057	22200.520783506105	89635.28253898094	14683.249245186991	78502.8795616493	67237.7820715443	75766.4271131258	40327.17279988859	36284.18036044751	21141.08498821061	41026.87858825176	36963.5070045562	58885.13247837369	81152.61029777584	63647.08600439683	70982.51614203789	57184.18221737698	108321.13013243576	8830.972717051585	22950.355331042472	42051.68391329437	60477.68608897426	38316.6128100677	42546.3533760868	50712.3430974874	45776.41106709623	29986.339192273244	35700.21346584185	29523.184460569548	132.45602855350668	20148.038261829184	42295.93063626957	38733.73914350501	39037.16728281726	53035.19139060159	56397.46464434439	44982.87251057466	57112.82301135972	69269.44040806267
PWY-7234	inosine-5'-phosphate biosynthesis III	6294.119614317603	1400.4655999905592	7289.922853833762	11.189651033004166	6811.898129502988	7088.45792755216	14573.008067940178	8354.346237087158	8845.606060410617	13504.56567925042	61689.02495426723	9878.928609912711	54599.27556220829	47304.98423466374	54623.97389170416	18812.147191417083	10965.119654040976	11922.212096203291	18585.9246947424	16215.286305283464	12753.030692236069	34730.25780185386	22790.915781786785	33931.56374418902	23429.28638901647	35210.06858618349	6812.006359467841	17086.024955022724	16412.49067032544	24749.512967229228	14334.040059749392	16224.176763702166	26621.13030966515	19216.075966149645	9670.47192531754	12053.759851890312	9290.25501436046	34.9540492399168	6498.14413820159	14841.84914470274	13635.18782025959	12006.698480854891	20618.221083398348	22866.6132711616	21839.473272773303	29015.824482878044	34904.63169035099
PWY-7237	myo-, chiro- and scillo-inositol degradation	201.0	0.0	301.0	0.0	6.0	24.0	79.5	106.5	199.5	83.5	5691.34	1008.0	11382.6	9450.66	8977.79	169.5	70.0	13.023255813953488	91.26470588235294	64.5	134.7926657263752	2597.0	1479.2500000000002	2347.55	1700.5000000000002	2377.0	6055.75	14519.49	3023.34	6378.05	2771.79	3104.6700000000005	3997.76	3894.53	479.5	533.3299999999999	279.16	1.5	47.0	118.0	112.92929292929291	176.0	1096.0	1849.17	557.5	745.5	1350.17
PWY-7242	D-fructuronate degradation	542.250918707416	33.77729364825445	522.1990970337301	8.72805446076675	402.03971572882654	460.0263010378203	368.1353743204714	537.2185710409216	805.2493354749047	311.3859279932679	16252.855011531468	2432.303683133227	25607.39894026812	16263.587192900392	22968.522907810977	627.5388586076405	322.98168653726844	68.37577479478475	312.9059493559312	426.3661558135378	568.8266731038252	8708.504913647863	6188.044562726327	10551.718940357136	7886.178091754933	8237.843372963993	311.8351259007195	3518.590808423398	11940.840090045062	13640.140758496478	16255.68356920134	13312.890604999886	23301.44208059889	17624.990210185282	933.6178286183164	1404.3871938737675	609.5481112569249	0.0	194.4144382855988	636.0509105500342	327.452912418274	598.0763763858632	9310.845460100438	14326.671517579412	6839.901978835552	8721.029955635795	10814.68771244208
PWY-7254	TCA cycle VII (acetate-producers)	516.6998495319601	22.160096882204627	1190.36868684446	45.30936308339325	191.3094735079628	3234.211246290635	2173.253282019892	1238.584410157304	11755.131118726982	1113.6562126587496	27723.831936499933	3383.341623336928	22459.19828314685	25101.867336225805	31824.37700759288	887.0812036997111	14106.316492283722	89.72658943101128	160.92408049979016	252.4123306956628	282.6369015606239	6855.544806060135	6212.52882929386	10144.08746644056	7771.885845370467	8845.009276488892	11090.390310535437	27373.57144272525	9690.288705262272	9044.18809529543	9844.106696035416	15152.222410653338	12225.529513217043	11336.351308857878	518.7802924199985	224.18630958035092	7284.160955111221	15.34065767202696	376.79085450428335	273.84347078737886	102.09467099553908	1608.721654840437	8885.022309003896	10077.170763783088	7592.714366831694	9029.857722203158	13579.454839864344
PWY-7255	ergothioneine biosynthesis I (bacteria)	84.18749213737958	0.0	180.4365139691346	0.0	0.0	7.9759637988576	30.51151668787403	15.863830409927417	33.432868895741734	3.987829522986017	5890.143257270574	497.0450810654786	3276.5956700401216	6091.745835503503	6851.393203065241	18.83703578062493	14.891207180928612	17.60946193468653	13.760826060965876	9.90365683873714	11.951615580690548	1322.3953154061044	1583.0568480795189	2016.8392235734743	1105.730867688788	1291.7059920009085	35.90357986060503	1097.3483808996957	1487.8107200188842	2214.3112340186126	1244.203649302379	2240.065840266672	1516.0538306497142	2048.883118318361	54.70044810789864	71.22089163710727	62.7447378288453	0.0	10.890596386254806	40.165109065433775	0.0	12.851625131780493	796.5123217264486	798.9591793923222	1050.1601228357138	1284.832273616973	1774.4055211309924
PWY-7274	D-cycloserine biosynthesis	0.0	0.0	0.0	0.0	0.0	0.0	0.0	0.0	0.0	0.0	0.0	0.0	0.0	0.0	0.0	0.0	0.0	0.0	0.0	0.0	0.0	0.0	0.0	0.0	0.0	0.0	0.0	5.714174971417405	0.0	0.0	0.0	0.0	0.0	0.0	0.0	0.0	0.0	0.0	0.0	0.0	0.0	0.0	0.0	0.0	0.0	0.0	0.0
PWY-7286	7-(3-amino-3-carboxypropyl)-wyosine biosynthesis	608.4573088212179	190.72614727787345	1199.548301092152	0.0	893.5006736941563	464.8456876355005	13.61955519553775	33.58761427307579	84.53331348279073	57.67716401151459	21.403133496577063	7.332231648757462	7.559777967703038	78.28691315239645	54.214753145398056	326.04148232335143	268.76515494375207	119.03292562328492	380.5681568877997	281.51263373023744	1097.671964802871	835.0535392155109	562.1464644107671	141.78266204903056	201.3274055263124	1145.4049080953057	0.0	0.0	23.32967263298069	14.665618394014242	23.462663233971277	22.66343164850173	13.998917429234671	15.998477124506495	48.14228911374771	79.47077075808507	62.15066186633471	0.0	249.39512909459972	337.7025262219578	379.203574048016	544.2786897236128	68.02533245889963	39.4208520444155	22.8538905856599	40.619231147075055	75.00095451174136
PWY-7295	L-arabinose degradation IV	0.0	0.0	0.0	0.0	0.0	0.0	0.0	50.862736266082855	0.0	0.0	985.1849923716616	328.70387822324625	1196.7763096491856	1192.7325866176147	819.4481808177854	0.0	0.0	0.0	0.0	0.0	0.0	2121.229880342453	503.3914902285973	732.8147465553277	925.4426623356488	1681.3146155666736	307.4709463853451	1613.840987791062	223.8207753480017	142.78698067013406	116.76250056525907	97.042238205512	164.1394973412654	61.89636572906132	13.958863158678945	0.0	0.0	0.0	0.0	0.0	0.0	0.0	793.9338107731397	1221.0725279962182	2170.782924956146	3054.003736770291	4291.429588485472
PWY-7315	dTDP-N-acetylthomosamine biosynthesis	234.00443280846335	14.792382124495704	180.05175702481137	0.0	137.826411607219	806.4837277870997	29.18320607532792	43.36433784025257	164.65713166990557	79.65325478632012	585.7895418978095	156.44556690028074	2286.2641455167627	1554.3709266209976	1843.2110648271064	72.53819388044505	41.3757250336612	35.97120903819281	133.41009796301896	53.96610792453211	86.34092177092465	211.4730987839219	488.6312317829387	648.6194343010441	458.9600258481587	590.8684617119064	2731.57343930549	5675.086311059882	437.1017712472473	417.18967260982055	495.9044226427201	464.8255743163003	2008.9314017808133	811.8865685399494	235.09377866190724	92.8894885262293	248.1192136901551	0.0	35.973222810020296	83.32872938558316	68.1500121376588	99.2967649028501	981.8492978721572	956.5189410839744	190.76752280230585	271.36177793244383	490.7089938544984
PWY-7316	dTDP-N-acetylviosamine biosynthesis	0.0	0.0	0.0	0.0	0.0	0.0	0.0	0.0	0.0	0.0	0.0	0.0	0.0	55.973865027025525	0.0	0.0	0.0	0.0	0.0	0.0	0.0	0.0	0.0	0.0	0.0	0.0	0.0	0.0	0.0	0.0	0.0	0.0	0.0	0.0	0.0	0.0	0.0	0.0	0.0	0.0	0.0	0.0	0.0	0.0	0.0	0.0	0.0
PWY-7323	superpathway of GDP-mannose-derived O-antigen building blocks biosynthesis	28110.815622284077	8254.269000561564	29378.697110354024	91.58906946597274	34274.938049123906	24744.757400575105	19257.995050086934	23490.99422912265	28658.910475628785	15114.68934396128	66810.2133725577	11119.93465083543	57097.10514599895	43253.72307870565	47713.648797218695	30689.494831226548	30875.54395802478	15132.573746208764	32917.31198616764	27862.97351358322	49302.48373348757	67145.24375545802	52447.28652980447	58249.61569560993	46945.22438673314	92075.72395083072	7084.48613200374	18721.856042624026	29009.76419189092	33940.60295797732	29133.348558282443	26328.44513148118	30641.24419224975	28732.386529481315	27005.509559743525	31155.098320510348	24913.45724965588	126.26809518958264	17101.663979700214	35231.699921594416	31378.05806591253	31651.152633902904	44509.22411208828	46704.271054955	35307.27145488608	43842.0811280892	54128.34575120643
PWY-7328	superpathway of UDP-glucose-derived O-antigen building blocks biosynthesis	844.9100624975	70.67656024203117	1517.982598796231	0.0	605.6821381377172	3673.727818241484	3830.189452447998	2723.447752934109	11974.883454969911	2356.491580732939	43099.5867023351	5994.774085706614	34604.45731313632	26033.123507765453	32076.013439243183	3347.2808482367304	13847.513739450354	1355.0740568059562	1391.64201825257	1909.8419113110092	2266.9754562339417	22008.44551001752	11977.286735547745	10577.722369792691	9808.701599788135	13879.37577016286	7181.357509860593	13773.32568162955	17419.92208419552	26839.20851141347	10470.50035502521	15978.907459276046	14578.83681378344	15593.656796526844	3798.474107503797	3022.784197542279	5873.250863108252	17.202654380213136	1221.0615253528208	1341.001267927201	1423.589115766011	3090.52287773372	13723.551834299557	12689.786561811936	10832.341413319058	13891.01761173278	17698.165858379933
PWY-7332	superpathway of UDP-N-acetylglucosamine-derived O-antigen building blocks biosynthesis	249.69875413099348	0.0	400.0975765431402	26.62756745076125	208.7081746019388	460.2710760520837	901.3345947078816	1511.229016786561	3716.7910391694695	848.6848770784086	6923.253743974298	891.9980366389433	16684.375649091504	15438.481264957503	11965.282717435142	1048.6915818089974	904.005855475228	343.1906042496288	1337.6297086035006	783.5814256709966	2555.9726896959696	5005.16145661388	4171.783352240758	9845.135072909434	5883.866515997553	7532.470547045404	2.309365353951626	690.7915211965735	25241.29036114292	40047.56714866883	22114.417046972758	23195.84117045346	20732.625015163267	20071.02401747768	4293.305265735668	4442.360277577231	703.4964003929193	0.0	596.628499217867	893.1570788858883	1555.2141002972098	1027.567324201385	11531.725692340247	14466.732954000843	8193.899060276397	9785.583039058714	12589.775448969474
PWY-7347	sucrose biosynthesis III	61.179446457487806	15.0537581613821	21.63384295754268	0.0	63.20736613636443	80.40563710355087	28.417808022840447	19.44535453844312	65.89326332216254	29.84939421685422	1976.7513751772892	449.1920291921977	2373.652513428553	1430.983928349124	714.1201407428327	121.9588191627571	101.78350994493223	74.80300116452823	358.5369207411779	99.86656274632202	547.6604259492295	1082.5515498296795	913.217165404662	2136.316319449912	1186.2526552730594	1792.5884063459273	82.20924498226579	32.98040175976605	645.57500418598	918.2407921127532	522.0560942825358	488.7882555970845	1934.9037336769777	461.946506882875	349.9028860838694	310.57164032204776	20.970703256635577	0.0	55.96081049113257	60.37330030187987	471.655553502338	271.0461867366351	1184.0088691669116	2136.403756703653	885.7026156969042	1293.8942680869818	1236.375423137178
PWY-7371	1,4-dihydroxy-6-naphthoate biosynthesis II	2376.6130246515345	664.0685894747714	1887.237477746804	46.45604395604396	3030.280158622532	2021.187756493511	1959.5925810551628	4735.966132274235	2740.275677355772	1067.4185382085452	14185.101534550244	2121.4797486849798	11092.65317389224	9961.749761065974	10107.426587167582	3141.7893134933324	2003.1664930989768	1200.6506181268653	2970.105419117518	2179.9030312746995	6383.547354033107	12683.151219925114	13370.337024594157	9499.899519094735	8594.06339648684	18012.72845406995	64.93962797847809	138.0	12914.426689585149	22200.42102058524	8018.904149734132	8953.520398105276	7848.260670360876	7652.886660849649	7831.672433864762	11111.143504649408	8240.25225243378	18.0	1769.3469824320678	4925.982666769077	3374.6132788817213	3005.5664079528688	13488.584668668263	13361.095151798148	11656.99686310363	14738.05904982853	16391.092802983814
PWY-7373	superpathway of demethylmenaquinol-6 biosynthesis II	0.0	0.0	0.0	0.0	0.0	0.0	0.0	0.0	19.891117973251987	81.7039095802774	295.3157859548623	1.9985868918430052	4.998310263271245	87.4208072460533	733.7496513665031	7.984751203076316	68.21225864587605	0.0	0.0	0.0	5.316676841351606	69.03700770821752	23.967733109854763	61.46032920421767	38.54987159352521	63.82990719295668	0.0	0.0	0.0	0.0	0.0	11.98794981822046	0.0	39.84380870719921	572.474781517224	51.14283661618328	3876.965681998061	8.842105263157894	93.1691756366252	11.978115424654431	0.0	0.0	0.0	0.0	0.0	0.0	0.0
PWY-7374	1,4-dihydroxy-6-naphthoate biosynthesis I	1686.6658915412504	412.9590358018767	1294.9805841536506	34.197427939379935	1930.973320505136	1292.6356513211952	1798.4642976269072	4519.316061679223	2509.056484068857	880.2879851702121	12172.54146361006	1724.9630734325588	8514.540143131015	7708.735292544435	8516.671037382812	2389.640941490435	1530.2029677583675	782.9732171916954	2006.785632823056	1499.2180694042322	4820.422149650159	11052.29778076851	11368.808638008551	7319.967409270441	6449.492482357893	15122.783893586386	64.07900181227642	159.68783638320772	10936.722171457355	19443.853023016956	6629.2782870665205	7479.961541529685	6592.7950064988845	6620.691302258394	6963.218254009262	10308.88946555904	7435.007100818498	16.41509433962264	1499.3020463871485	4060.132999440303	2342.2400625613245	2249.7058003245697	11284.601052993805	10869.407401401651	7563.025508016442	9113.278844306216	11026.529858031425
PWY-7376	cob(II)yrinate a,c-diamide biosynthesis II (late cobalt incorporation)	256.9097266834535	0.0	395.6139460773848	0.0	0.0	1394.7573684712952	96.10652122480346	147.31012367220234	79.33238843779442	64.94912339636491	17248.587607000198	1775.427455761878	14615.483021266957	13941.989401618934	13735.40546241459	48.22664277209275	725.3768611566043	423.56128481255416	6705.9378540501775	679.3506996437753	727.43397254314	3618.130792835965	3532.915621113568	8558.815424641063	4074.086267315704	3942.877374544106	6137.31848418009	14001.687010852267	5959.860895105407	11079.505303850325	4832.149219494142	8149.086191884437	5807.234989298263	7295.329821600592	2102.205505380191	128.75714456658838	2247.457397941216	22.41030263876249	1763.7268697081918	2834.568710703812	4532.840364425503	3046.840598206649	2122.378077767627	2267.491582632389	1608.7431932832535	2475.659805926374	3613.0559795213903
PWY-7377	cob(II)yrinate a,c-diamide biosynthesis I (early cobalt insertion)	1159.4613967457658	147.88456359281776	1232.4152832507448	37.26614321892052	1110.741972812601	1484.8621030601082	231.45161845073585	558.4052472483556	581.2490639083998	360.2149281804585	12986.121579305933	1121.0387930787754	5568.458565113006	3930.8648020509904	7180.895871996294	1054.4814226095257	972.2125746940286	549.5937267329532	1656.946439392432	1300.9557823794376	2496.469171441476	3372.2698009643545	3323.4909368098697	928.8719044026348	2144.1136053582995	4673.414778054072	332.85167551334064	1001.9212131234016	11366.18510383908	14007.66839856574	10115.599276114765	16435.016131460718	13163.081091300195	12182.630320296545	1540.6334962764342	1464.2176883332238	384.8504621925056	0.0	1189.4147103588443	1812.654846703625	2039.318714293716	2420.906619139565	8450.111611367902	9416.052810261908	6545.1049608475005	7793.447133260811	11311.258948668445
PWY-7385	1,3-propanediol biosynthesis (engineered)	0.0	0.0	0.0	0.0	0.0	0.0	0.0	0.0	0.0	0.0	97.1760429193331	0.0	0.0	220.2233434083203	114.58576879771552	0.0	0.0	0.0	0.0	0.0	0.0	0.0	287.5950043819618	0.0	104.09318168881762	0.0	0.0	17.393316077639817	0.0	0.0	0.0	0.0	27.91100935258689	0.0	0.0	0.0	0.0	0.0	0.0	0.0	0.0	0.0	0.0	126.61543863545177	0.0	0.0	0.0
PWY-7391	isoprene biosynthesis II (engineered)	47.86489819136553	16.806577278775286	70.58574632610765	0.0	56.065463819088585	37.473698938430815	22.68683697710025	21.21329747710763	76.4725891922932	54.13440541399508	111.7289549319408	8.110106024721363	45.650044711864886	416.2559055463297	308.6106704033354	49.62403078641878	42.4679327935017	20.011202609049768	88.33926427569318	40.82825306654941	340.13149882812286	1284.781981715642	867.0356837214366	252.91044502164775	455.0324738563592	1648.4348587668585	0.0	0.0	252.96461718975115	126.18314005845464	219.30754713566984	131.82308463104573	108.12573278794794	175.6835349006913	62.61461630745205	129.91635161789566	22.412255838380812	0.0	45.24059618574852	51.191233658590974	0.0	51.50423887800634	63.939075609912926	40.89103494058866	36.473703715361474	15.463598330128042	40.65863019985415
PWY-7392	taxadiene biosynthesis (engineered)	7879.557035518531	2082.4392864041083	10731.655125714084	81.06078000995623	9719.771984785872	7224.195192197874	10628.302486667328	10083.65320084088	12049.258413568634	7437.929579478492	54518.16799277887	8146.963779868849	46344.595034075166	41174.08113712465	46687.92901645325	8132.487672995801	7334.307213309631	2987.3122100721675	7465.73365263902	6175.789849698957	15658.694917987794	38361.08796643074	32697.31668155269	39490.79454215846	31735.88973219887	57973.26794773988	3260.2896922695063	9275.888689275842	26745.359054244047	34624.21417700294	27448.01651552837	29714.290947187645	36472.35878323725	32442.96344905232	11456.207467926582	14337.321147113178	4794.187261155635	38.686397013460414	5454.559724299184	9868.779693006956	7023.533342504365	8044.738623279431	31571.861007435626	32714.380061514978	23206.33912838803	28740.399230558	35303.64821517625
PWY-7398	coumarins biosynthesis (engineered)	0.0	0.0	0.0	0.0	0.0	0.0	0.0	0.0	0.0	0.0	0.0	0.0	0.0	0.0	0.0	0.0	0.0	0.0	0.0	0.0	0.0	0.0	0.0	0.0	0.0	0.0	0.0	0.0	0.0	0.0	0.0	0.0	0.0	0.0	0.0	0.0	0.0	0.0	0.0	0.0	0.0	0.0	49.64954822990239	37.69666352367194	36.147102602268646	34.85782775760567	58.966442953020135
PWY-7400	L-arginine biosynthesis IV (archaebacteria)	37448.18908207399	11879.486413034256	38971.04702174591	94.83971698799712	45514.66817683055	33375.530105774225	18924.333939666765	22019.77964931159	25674.360285518866	15889.735621971624	68309.95610335012	10890.586529275784	57081.07047759566	51400.94949104292	56257.679287899264	33800.61806022014	28782.87278594813	17067.99105425086	37236.05328802839	32647.463660974056	53030.82518402123	66063.37315200036	52572.66805913585	55872.97514808281	46143.14225821638	89462.72549243615	8913.986358801367	21410.68133376964	34499.74048289127	49041.45489870957	31904.09268716185	36710.607694265134	41842.66677952091	38508.09089013083	26536.172007527657	31561.94151468224	25990.12277609464	116.39444403989329	19063.23022438873	37935.64550522774	36567.80167706554	36647.82429512842	43326.78258376358	47038.12757980728	36080.559768524	45251.34443127143	55611.668162421374
PWY-7401	crotonate fermentation (to acetate and cyclohexane carboxylate)	0.0	0.0	0.0	0.0	0.0	0.0	0.0	0.0	0.0	0.0	593.9293662522554	250.0366688268745	737.9870081976653	507.938790153702	797.5223991635995	0.0	0.0	0.0	0.0	0.0	0.0	1381.5799169980046	1592.274723887074	222.31505742198397	104.1026799998098	1211.8256842725746	0.0	0.0	281.54968729881034	391.8710845103097	191.8793305813957	288.059985458222	205.62883483621675	383.567707667309	0.0	0.0	115.2802363705785	0.0	0.0	0.0	0.0	0.0	473.2447915932101	363.2818823201372	722.2946449895127	773.3810648665344	1030.7759498833927
PWY-7402	benzoate fermentation (to acetate and cyclohexane carboxylate)	0.0	0.0	0.0	0.0	0.0	0.0	0.0	0.0	0.0	0.0	0.0	0.0	0.0	0.0	0.0	0.0	0.0	0.0	0.0	0.0	0.0	0.0	0.0	70.19256287622767	0.0	0.0	0.0	0.0	0.0	0.0	0.0	0.0	0.0	0.0	0.0	0.0	0.0	0.0	0.0	0.0	0.0	0.0	0.0	0.0	0.0	0.0	0.0
PWY-7431	aromatic biogenic amine degradation (bacteria)	1088.8347523305129	240.88992974238877	859.6260273171434	0.0	915.0602043731012	677.1164294150557	624.3847703274046	3770.60299610709	1504.6571647686983	398.8814020375365	19557.392876176116	3534.9833728992835	20632.214164379628	15087.632300430589	15678.600398471632	1499.8382871435265	1059.6155109264353	418.2928145766093	914.8436931205922	752.3306940090522	1252.657304376719	6140.55512291996	6725.8754473491	8468.535425930959	6907.412460616978	8439.218384999145	7336.263278928474	16639.6526172641	7410.965442801364	9157.409972250616	5687.017636456576	6330.195930188809	5371.040347730503	7090.865960260165	5078.845395658476	2722.884357331419	896.5083837702534	2.6439232409381663	685.2727450392658	1076.2996277089062	1158.671114009519	603.656480351024	8673.11723353913	8233.837529171513	5407.562422970121	7051.022380212671	8959.582279278393
PWY-7446	sulfoglycolysis	97.24545891398368	7.399999999999998	91.8537454164484	0.0	64.0	49.63205077350257	5.780225281602002	6.2145835706961385	10.78136142625608	15.810147991543344	0.0	7.193250084373945	332.9870301165091	52.75795660521038	159.95427196149214	27.3	18.365413533834584	10.0	25.8	24.0	33.2	17.218654687517034	73.56200985257982	10.460332530737595	97.91659272404614	85.55863808322826	28.55593220338983	208.27742552292676	23.80282119438964	40.26054963366549	44.7990841170684	19.996196965238727	585.6599998335927	21.0345993956446	13.96114864864865	26.394249467543297	7.068064823641563	0.0	18.000000000000004	30.17938144329897	34.099999999999994	42.62992623814541	9.920336250215245	39.05573696579631	11.32057899057532	4.930177392026005	8.393633837381357
PWY-7456	mannan degradation	89.30375328819582	0.0	91.14196588779774	0.0	73.00560487660142	168.88632392254	221.751524645054	174.80624439284242	543.0243065495758	142.39181960215302	1233.4453440707675	277.3621197034331	3146.299989254652	4040.526946791097	7016.859627586167	76.44726088810762	69.95240354727382	0.0	33.43325141706493	31.19822521144584	87.0671750254058	2316.485933208463	1642.5117198900778	2771.2080175414435	4183.2813707811	1215.7876650381036	0.0	0.0	1357.4414838008065	1289.259712218102	1841.156448554084	1382.6070297023202	4109.231058489917	1892.1626830310845	286.1513760790862	428.52900372063664	165.77236673042992	0.0	19.98892171170756	301.5423638534754	69.45252711263755	116.04588695159062	2356.799552874601	3902.0600838616456	832.2749283124853	572.2516580492663	1240.1740206509205
PWY-7527	L-methionine salvage cycle III	0.0	0.0	0.0	0.0	0.0	0.0	0.0	0.0	0.0	0.0	3015.8051160183054	409.9465603391281	1196.7793044033667	10263.685850081612	10202.4777666824	19.630303536408658	117.9954195012213	0.0	0.0	0.0	0.0	1013.6349678070476	540.1956642218814	802.8271824692526	312.99190685174057	295.0378335474632	0.0	0.0	410.3323360210182	365.1159182251136	105.69474719552488	105.601084153158	200.87328987381548	537.8322648909153	0.0	11.920629021484327	0.0	0.0	0.0	0.0	0.0	0.0	0.0	18.638977362494444	0.0	17.944979674623678	0.0
PWY-7539	6-hydroxymethyl-dihydropterin diphosphate biosynthesis III (Chlamydia)	22265.660454065222	6851.728347302874	22537.66761909116	65.32091103083725	25755.0020276158	19544.6901107222	17342.632233340886	15419.075353116288	20755.098027744603	15620.785095180538	65873.215830746	10867.135497724285	60013.31857209858	51207.11987472668	62840.90363210672	25562.54121513254	21877.441084509395	14177.9813989008	26877.803209625014	24393.21897042921	27331.02748582902	41646.48669954091	30873.711540024044	39733.71647588375	29810.888570996307	49704.52308044984	9099.119577621028	22162.776130966125	30841.12702580952	44598.1880752328	29275.413452445377	32789.25651815036	35695.36053473909	34462.59081753336	18443.74770439801	22540.337656336265	13573.3301732165	66.50721396705754	12605.812542180547	25140.442529682045	24568.0297837735	24881.50093094475	31628.44526135152	33925.84618011877	25981.38418381128	32732.144479253693	41576.901046710416
PWY-7560	methylerythritol phosphate pathway II	33210.50132933321	10447.468055800911	34252.31581651489	100.92599027102152	40221.43429085548	29152.495065290448	21045.042353206645	21561.36076750804	26861.678324585333	17965.13432158869	70107.32081637665	10910.376700926432	58721.2102576305	49820.53881144868	57741.74413674399	34303.20946863562	30177.84869435351	17878.303710894204	35263.14680165406	31825.361743305773	49724.56423058546	62411.62905621684	48107.726878702335	41705.05676416336	39150.01502162136	79658.21031120441	6787.8492627188025	17145.177574954236	34285.160257446194	46844.17666130146	32012.11450578876	36704.12114013165	40824.600647059095	37805.35520142703	26716.98435416192	32103.856049228358	26114.233623156568	113.7856376782115	17939.988204988265	37403.65516086104	34063.837412986686	34167.12889202125	42502.814996440495	45985.51988594889	35870.11295676483	45017.79315063739	54956.526846912566
PWY-7616	methanol oxidation to carbon dioxide	0.0	0.0	92.3084330234794	0.0	0.0	11.912998169721522	0.0	14.397915157277131	0.0	0.0	3168.8251772527374	155.77113526131978	2700.752787960525	4375.258111307522	3929.271619957472	0.0	0.0	0.0	0.0	0.0	0.0	490.0232651251953	682.9684664703615	1158.6195890700344	885.5825501663304	731.0767679291679	192.36408054105263	2489.899618879588	790.3546137193299	1208.1187228321037	876.9219646061854	1511.05763268942	1272.1710834615612	1504.972255291393	6.352632606328216	0.0	0.0	0.0	0.0	0.0	0.0	0.0	401.6089416139403	411.3688687131743	422.4728461441735	566.7176205727462	825.8305451909556
PWY-7663	gondoate biosynthesis (anaerobic)	25093.578699719805	7032.468214193491	25317.32129867913	135.89455352795042	30188.028560036197	23084.416976818084	26646.21235171965	22796.354207445296	30720.29319276828	22007.915740715427	99045.01632783812	16755.1853984736	101178.7427672906	78567.99014312674	93868.55642201594	35488.56079932499	33099.83010905641	19183.4100244982	39943.58742805152	29570.74422430222	50550.47696405068	85698.88080113062	67786.85646978368	78873.46982511692	63452.115801804735	112976.95280552872	16097.363301349917	34926.025023376606	46160.19861223627	67058.55471462545	43364.630027733394	47907.49532522898	53563.74160429615	52866.29475895845	28321.47807208323	29583.246968101448	27625.10240150817	150.29400876575733	17693.829557972214	38096.92909622785	34260.24953969038	32195.53721768233	56765.94764630606	62782.70962376858	52175.88737656418	66270.99540870835	80092.00594064766
PWY-7664	oleate biosynthesis IV (anaerobic)	854.2194123046642	68.13996768407371	1833.795755045277	83.91667459378782	527.3697230691989	6654.63986448425	13392.725729000853	9089.01667131629	10297.05177430264	11576.33490763768	60068.3733310918	11657.109039006906	63536.11394291253	43417.73418505297	64400.531169302245	13832.62714473441	18725.53850587826	4421.714833114677	16106.167617823174	4608.477879985587	6760.339472199724	37993.48400412557	27599.57331161875	38805.98401176953	25970.069057674536	38531.49217264676	12046.796399650962	28517.516354142776	12845.124578154728	22949.880987356628	10763.280259682224	11951.390981225017	21917.996824839225	17544.33127646655	7978.616896338563	8342.495638694714	12550.159569585883	90.92775040085434	4664.683989993578	9685.550685252752	9931.97367843647	8712.073126076733	21834.66573343343	22894.391984891	19898.65871818428	26221.259431796025	31804.54283156084
PWY-841	superpathway of purine nucleotides de novo biosynthesis I	37245.341230407925	11750.02278642551	39038.73255630522	108.50032318694365	45395.45134799067	33384.17608355988	24743.01641132783	24561.58007028817	30889.963557955987	20732.444108572658	83622.59999411808	13722.17742576588	72626.220562565	61721.78811513121	70623.44089282736	38309.14444746252	34227.874432762204	20102.494666285314	39415.46374599861	35569.201721403115	56015.82570593443	74722.48534538128	58422.52444894103	61810.39273708199	50867.76168130086	98200.84813514144	7783.131120877023	19923.6127690269	39741.0547040821	56898.9763752389	36241.16169665375	39926.2229457243	47945.35941372631	42845.5002940779	29470.69880173304	34970.56796744623	28446.87951874207	127.3464297670532	19586.56052084944	40864.053281272514	37397.6977253174	37671.67087941565	49564.87814733362	52838.4092775171	41764.49316235484	52882.97946025144	64297.81746130262
PWY-922	mevalonate pathway I	410.97187579926936	157.1385099297139	517.404882036551	0.0	502.0022379846024	316.68831866938064	198.3337034027649	38.96055197871688	176.64305507896458	73.1652040107128	728.5014328796984	19.00924963369767	981.3787368829312	1962.008009332262	4732.551349154311	240.55762515228983	178.32294959786793	84.58532412155778	218.89954060513116	180.89552680268463	743.1006351192677	1839.5455377308533	1916.5784607414805	1185.3815168222734	1043.4009374518905	4218.3775264684045	0.0	6.50999421379301	1458.1891831040118	837.8401665747745	1294.2749792192171	395.6498727959464	445.97640822413456	402.75546341181126	408.87929488344776	421.102304030181	79.80228261195492	0.0	151.71855619795886	213.1645786257036	266.8202155268011	350.19829530479376	255.75602865003108	259.718555853311	186.5775063768781	207.203157638324	240.61358705058583
PWY0-1061	superpathway of L-alanine biosynthesis	1050.2375669249968	105.31927786663236	1543.521571981329	0.0	550.904528277671	3122.097449266708	14147.175214061752	3739.1306921833934	13735.952705227352	10401.373195515962	48996.97585706962	6568.896561597232	33872.909656243835	31223.498496991248	44540.19153399844	10335.8263914633	17038.381085309127	10408.637546078431	4361.755652411567	12447.299822905028	7630.530854333078	24485.63019319349	9630.50420093525	14073.205859592455	9046.372903475283	17871.104370697234	7610.327828752645	19423.168594396582	4347.790872873972	7754.775992479156	3305.684003503098	6733.857237591949	9524.01161826654	5207.349727895288	2936.061145192845	4019.365212656767	6292.867240955357	12.753034846086386	1218.6034181400764	5196.203981562299	1508.0015101722042	4091.998624879852	5099.575010707134	7251.369757679973	10859.327241424511	15818.51041046965	17495.60013019823
PWY0-1241	ADP-L-glycero-&beta;-D-manno-heptose biosynthesis	23815.09917150775	7403.111969952443	22296.607254919287	54.03894698882076	26841.90570584017	19971.858737586965	11101.735648779735	13291.80303731213	14758.106164145654	10290.34045222536	24974.95315901607	4934.0068753143805	23339.853896990287	12754.51549071196	14328.496541767086	24138.440820016272	17970.28120803609	10070.060402656052	21045.27380156954	20355.43949898236	35085.47806034143	42181.04343812603	31513.0144757534	20190.771038333616	22383.3344165493	50833.785450381096	6110.915229948811	12931.945107232004	11727.188882662338	10928.906971029215	11940.327046370923	7298.066694350303	9350.705236657626	9212.37325968582	15949.04913212712	20857.97743129954	21626.48476873289	88.74610591900311	12331.180409712078	23318.611494794888	22322.153414676985	22626.670175716958	22119.843636595604	22418.455019665296	14668.44670566153	17730.453794436726	22757.22157091958
PWY0-1261	anhydromuropeptides recycling	3229.923495398512	665.7167795786506	3611.008673092797	94.599462622866	4637.330831845589	5469.924941830928	7054.963620669634	7798.700848600908	11834.01482397723	5885.59834727964	62994.08983362452	8909.816258787323	56169.05136201924	52898.16176406579	64884.10230604889	10590.580739719042	8015.598490474691	4592.236690508688	9868.562353738082	6877.840695418015	16218.795924871323	34949.06487011315	27649.0663254383	32953.23009800152	25270.654354697584	45008.057191533495	2928.375629741025	13365.354393442673	34446.860442630525	43901.52371970619	33724.23372031281	34254.33108720099	36273.327946176	36265.913085796565	14153.135108708238	16522.35459180604	7604.319602140023	0.0	5107.439161550071	15239.243767335962	8622.49608641002	8663.881265304057	30955.78162016348	34865.74805452356	27151.61456482473	33633.0649913938	42003.91569889925
PWY0-1277	3-phenylpropanoate and 3-(3-hydroxyphenyl)propanoate degradation	268.56479931236606	13.748965213157817	321.67452949789174	0.0	115.49349003171504	98.0872535719733	19.338682911196493	19.59420868937544	31.455215450454624	54.76109809365197	1844.1711780762207	2.3870372721155	740.9358888511326	4062.224358555448	1467.976082222776	91.0838221501656	60.42919251272147	26.039717677098626	77.96142212414827	112.43811708765506	104.18018044328056	331.19877458295906	608.5020453216429	1623.475589597647	351.6884574739445	371.6337880822758	237.8487058794996	1900.4187923396944	970.1285311612398	749.9723181404196	972.0480156847516	2263.37931522888	2505.865718110668	936.8523987585438	50.03198153222779	75.70754982947193	29.65226344339488	0.0	48.668381293448206	92.27616378325186	82.11807570787387	110.12233092602064	73.1134223002335	212.11913929539648	74.95505417339562	101.20760556080224	157.0621667879962
PWY0-1296	purine ribonucleosides degradation	1079.723891907946	169.32353286861613	950.12249562603	67.08146247594611	1325.9931722498852	2097.9424741526923	1105.639370348974	1996.4119796753928	2412.538027920953	1116.0046097953425	32538.240210264197	4207.097601987884	24910.397255880336	28350.90717047885	30465.03997822746	1394.028372668979	1034.0299131253298	511.8484239312014	1061.8272089218406	768.8388778680096	2896.620778763115	13409.60179830701	13341.655207377378	8890.515404704753	8290.650904220827	18874.596317182983	316.879523143405	2386.641370016908	22696.196507488487	36251.59227681397	19887.68795075613	28750.74359369393	29189.10717643847	27652.61336324758	4948.162907800431	6295.626451070464	3659.8226424695695	0.0	716.8459090220528	2329.414858069444	1223.9360505982634	1671.8460008758714	15836.790897900106	17908.95950383185	11247.56103029313	13818.921291050814	18372.22628856165
PWY0-1297	superpathway of purine deoxyribonucleosides degradation	1069.7005790698563	144.63450486088496	1039.881452385591	60.51068325898099	1133.831062145511	1790.5675972361432	958.4669952765986	3259.52562713878	2225.279007959285	1740.1717985593698	35356.382366760394	4196.793465278907	23777.76885500088	26260.395478934228	27430.53587205962	1200.4509676356863	890.1545022160733	438.7319058447623	907.1788570515662	656.495681853376	2503.3934991289348	11627.044466231637	11679.093271743215	12258.945471427844	9495.482369304334	16483.33038368852	449.4646342542035	3124.883866250525	20958.83292761788	33789.85405090854	18329.54518066485	26434.38158868356	31381.93469774956	25869.977225512368	3585.90155174283	4716.69120189909	3171.8537085892144	0.0	614.9411959733619	1996.038335587508	1044.876305416544	1433.1730867858564	13943.984250719152	15843.745482534185	9914.515039236134	12204.99942600874	16188.75922185753
PWY0-1298	superpathway of pyrimidine deoxyribonucleosides degradation	930.0916314843508	127.32901999651034	853.1006455308145	55.913722218912	956.1186449724828	1475.4539371145197	873.4024511481688	2719.991484145334	1949.256486552449	1530.6233301575032	27805.382112830936	3683.1481965337744	19839.92412025834	22378.512810319116	23498.671332521524	1024.0179081886542	746.3941710835921	393.0518236057428	840.0306298607394	571.6645843291772	2147.551711970883	9883.54741831699	10979.60038937387	10767.681771042207	8566.666409465737	14953.908741181112	475.58558658462783	2306.5441793954124	19854.475322485487	32784.761348643144	16628.95427415756	25041.237476926588	26826.287117794447	25050.30166726502	3758.0140695320415	4692.150313715917	2341.325109234487	0.0	516.8814517453619	1694.9079748917306	960.453041919863	1276.8128711369302	13327.65368229294	14284.857462197087	8571.599738020723	10494.449383799729	13949.575763205945
PWY0-1319	CDP-diacylglycerol biosynthesis II	42233.24193849871	13659.854944673609	43321.17052443967	131.4594677055952	51327.55366305746	38229.47685802965	27809.209569966224	27659.214882272656	34370.60874970114	23074.07842308154	97047.1269612022	15498.440722390009	86771.19756882443	72247.34884104799	80264.993996812	42922.27135526037	38648.400225300014	22726.23592721969	44602.35617472313	40337.42842737182	64641.49321452808	88640.80569274447	70060.64501743109	79366.95885797149	62674.32523359447	120085.8980120914	15338.461103919795	35695.21519248737	45257.88131173704	64636.574803640906	40472.12782781547	47422.84111744957	52851.929481999054	50190.11527162042	33666.7783670047	41174.87283320461	34478.45450151998	151.85384387236775	22334.801211980543	46365.15685824486	42649.04369609507	42732.438255802925	58795.00145696136	62294.47676590906	50713.97531842302	64413.82854545293	79479.79011834988
PWY0-1338	polymyxin resistance	112.0776419213974	7.399999999999998	128.7717612809316	0.0	85.82608695652173	70.75121271812013	37.75425667090216	75.55372296516428	190.5090091134661	40.27324519987409	52.07561083525884	22.983440546684445	6.438678522747279	42.549656605076656	0.0	186.13974587039397	162.55022113211916	49.11971830985915	180.2144	133.66409537166902	320.11783402001174	17.251374058481563	156.47253171948256	77.80545090497141	108.71481678173129	58.531494816807786	1794.625891745826	7713.058990685382	18.435026103464644	9.557683227308829	28.094530755369405	18.936527472527477	569.7021819660282	23.748605565063063	296.32222800624675	368.3158700259007	86.65630292370362	1.6666666666666667	106.9028006589786	101.95197666882696	245.1	200.839081053175	61.42455327597617	126.3611902975744	37.37087400426344	47.95481988553474	48.81681698459574
PWY0-1415	superpathway of heme biosynthesis from uroporphyrinogen-III	937.4883075745598	161.91377811384845	1330.5819186362576	16.95696573215096	889.9487962581279	1836.649190353248	2646.1014133557933	2970.8259968392026	3067.4478122618584	1499.7176131075253	38610.719358215785	4459.678991838371	26625.11305652936	30386.658028836428	35609.80774283795	3714.6619795274505	2702.581463219816	1734.5804970694712	3443.6916226057538	2552.000977371672	6269.784699118668	18967.372019296374	13616.29442079407	24498.32778834155	14441.426803496104	21562.871229893408	248.21491039123052	2912.855117985634	15255.631682500083	19109.59872365788	16672.63806428633	12822.030418581158	22030.618811982466	15059.924094796272	2780.768683086717	3560.095280946854	4584.572259974771	22.946560312533467	1763.238399800285	4377.14844682683	3477.589636453122	3370.2001090329245	15562.508288254385	16748.229444563392	14029.561602748146	16364.365470829482	20911.208162237137
PWY0-1479	tRNA processing	8531.334749108664	2378.6376220581565	6162.209037971687	48.97002765365995	8675.78899185392	6800.815703739879	14759.151397899734	10902.347915425227	15833.294564864154	11988.276190757955	38700.09526880192	6245.979451722066	37835.78067898218	22712.68040299844	26071.80479529263	18289.10045355837	19237.647719390632	11256.057687079325	14204.607068309277	15807.361870469584	19440.19346131432	39782.10529898287	28998.41352520325	31443.85327290797	25473.76587282461	45505.93974175604	4578.254076477482	11880.90180814875	16852.681271238485	21132.38472681993	14554.119479567804	15066.988006143263	22336.72282406876	18116.48559417265	15308.36981858216	19272.1758964925	14918.729108947064	50.35873643992631	6005.074482340763	14752.568652282696	11106.307632747925	11446.60185503305	23647.95667665001	24900.51330751023	21624.33966932603	28761.8041321362	33688.98641413119
PWY0-1533	methylphosphonate degradation I	242.83063694483027	12.878537383509991	616.9182269012489	16.90566037735849	117.97553060689738	905.7089296047124	1791.261601410758	4246.849833672294	8272.186586336918	1101.2237995671378	10867.346189717817	1962.0041555561345	15930.40942307738	7544.350290833546	9185.060456866144	1218.027913380734	923.8042304477126	1220.9221101399537	4087.232655296205	1177.15689167683	1325.6163393943975	3254.0531833494697	4551.671867743809	9404.30059203367	4877.307676168956	4931.775883551292	1513.0303632343528	7615.473440897244	6783.175734390537	7029.20300476071	7040.227354080965	4051.613219674413	6084.959686069741	5999.6913814589725	5880.3212469258	4437.841440426984	2798.9827366537493	3.4979079497907954	1461.55322168233	3033.205990335042	2654.066523129341	1960.4416767161583	5620.953158757758	6718.458931479695	1982.3069078838437	3056.741050866499	4407.457931121679
PWY0-1586	peptidoglycan maturation (meso-diaminopimelate containing)	5655.280687476307	1651.7668939233536	4414.99027326306	65.3151364764268	6478.250627427527	5423.768912316668	9506.86764391202	13894.529387754985	12824.492456884282	6597.201176653652	59470.85930882061	8530.298096235585	49644.44471739682	48500.2833459805	63821.90133732757	11105.328272341998	10252.759986576992	3266.466985678345	7308.558876239936	5999.897667949805	26383.25755895136	38384.189730179605	27673.65340356569	27706.601417489208	24817.730367472734	49405.16221123016	8932.928970007913	22822.09943970649	26214.197812258677	43036.29640926317	26044.93019841609	29003.261154058197	32364.16557663459	22088.42834048229	16388.83629736969	20724.280501143177	19855.01750557485	93.05825242718448	6565.299840835907	12737.196871865455	7664.856949824362	7457.3496756670675	32909.321540642086	35377.084981789594	27157.64020679448	33782.14107316188	41673.0202606996
PWY0-162	superpathway of pyrimidine ribonucleotides de novo biosynthesis	37314.73580004527	11736.782069742292	39288.91460762682	111.92114271819648	45915.25892761256	33513.095451408895	25968.308798794933	25758.88081196777	31673.878788847545	21691.95043586706	84974.36697370114	14095.254559171815	74450.34916432065	63170.09285988451	71578.7018413402	39265.83849383716	35035.26977925043	20362.176417609346	39823.47702376968	35706.9312566103	57827.32887506802	78210.45414506031	60480.07712573888	66370.18976079913	53742.242268475886	103081.74233211584	8251.858881246615	20654.409356671866	39938.04897564201	56693.68222759339	36939.89988731733	40303.2362877576	47260.87706146619	43582.943356187534	30663.290963656724	37014.64509759653	29584.531278634484	130.96374539847	20094.395683389062	41949.739067186245	37887.41301519298	38313.74522861093	51344.12181902968	54715.73162147497	42988.91228521691	54513.00467866197	66255.70124428092
PWY0-166	superpathway of pyrimidine deoxyribonucleotides de novo biosynthesis (E. coli)	27578.976131048566	8559.778870098133	30442.474023618743	71.03651531925803	34357.0031751729	24990.455664884637	21004.16771529528	19531.697023495497	25297.337762956595	17604.76433769731	64830.18451721024	10869.986842578755	59573.103140487765	47837.89993809622	57460.71158560374	30167.263652585527	28222.434866818632	16202.664640490491	30401.66322875027	27198.02521136733	39068.11625208484	52773.26900023956	41659.98388895845	46721.18282991448	37522.09297035664	69225.67603418359	7391.041042963831	18447.770954607036	27819.507072391043	36062.068535553626	26718.039874469247	28079.316557213333	36292.07196181826	32411.08236252608	23802.435717948327	27582.47235025956	20075.03809201748	83.10790830228859	14978.589638454629	31471.373376532945	28296.20911998574	27801.839040436964	35911.990744021736	37999.72971215421	30322.80303501899	39055.18230312042	46928.5114613971
PWY0-321	phenylacetate degradation I (aerobic)	190.77034662091305	21.62310179198236	277.5019499430759	0.0	150.63420051249145	189.466742608578	33.53476855292988	85.64412400939374	26.76641297252524	65.01796396795437	9210.70780023225	1851.229407268654	8319.179318906627	7497.525867240734	6226.78355262769	328.2691167138728	285.04737373501	37.807575125204686	82.24577271671897	80.8645420657875	111.62471257613404	2631.7859364382352	1728.310993094091	2830.741440918531	1858.9286549465128	1784.0854428866955	1763.7923083457067	5991.492805216081	1035.329612732325	1921.881696966621	719.840418993695	867.257577922035	936.2491059409442	1668.9126158883255	68.57214285019732	92.50490395257256	19.438312388261405	0.0	110.35859789534368	91.95883481372364	87.29500565279311	101.73576304961348	526.9691701197854	426.723979659408	469.8377164377962	710.2942718560649	1086.142837498656
PWY0-41	allantoin degradation IV (anaerobic)	79.96276791831984	10.93105213686326	120.38104034397898	0.0	93.70745804066844	88.15320386680959	8.450337036129106	8.757467791371193	11.46400761725618	23.098380990981823	0.0	135.0322731176045	668.9762673543619	503.5527050980854	360.375645540108	45.0480295420615	32.910955848123294	14.787828862600474	38.146172419449	35.54894312955787	51.97157778238145	710.2072719324578	112.16362668645584	192.54891458772636	20.81214220982092	32.504329342773175	0.0	29.6766925384124	31.957718581344757	51.07314019215524	19.61067746365416	27.372464597743512	26.771992858923777	435.228389936271	16.93150425518759	69.97561749832975	11.802265911646591	0.0	26.33023892211871	42.29068747453043	50.21906633468707	59.913929767712375	16.076237492344738	213.69357401129648	20.23145585319621	10.917513881827889	18.55278355316793
PWY0-42	2-methylcitrate cycle I	281.8680635244399	31.999179790188837	421.9261453898109	0.0	168.6023149414095	979.0787719006188	2504.9806313927184	1230.873340645189	2608.0101660861046	998.7552746519916	14454.725724117365	2018.2806836960597	12368.646015128128	9530.150514867635	14959.601101921726	614.8455932888126	694.635521972891	452.833737915329	602.3932443663452	470.65878888286034	944.6143486793414	5533.121182919391	3470.903814585724	4500.960831193747	2948.330100423816	4569.965391491856	5627.569205323606	12219.07317267986	2526.408710474895	4822.054710751204	1742.483333305308	2087.188139560414	5611.982411762399	2492.21995479506	292.1441412165437	326.662963756657	1608.2378145468213	2.2764227642276427	226.7053472432745	451.6115637358192	632.0416907363663	794.3545204582235	1383.438104505702	2087.584790436501	2582.4194271333395	4170.675966837957	4009.680162142056
PWY0-781	aspartate superpathway	3829.4410361413	917.4518176112856	5360.378245522769	64.94472199369808	5027.1525772815785	6496.098110913313	5327.531396213696	5573.22517416268	5220.37425196591	4473.6596457201085	62010.44807578373	8884.470791568045	52885.11861114043	45681.15180566675	54267.50188246157	6863.084393437177	5055.664813813051	2960.8194791243645	4687.290931714232	4799.862959672275	7953.996728991047	31063.789891287397	23696.728479228368	35069.7326859613	24327.469920386942	36096.98711838748	5092.505392391547	16192.795192283607	23728.051247674128	35413.41923019288	21055.0831658507	26667.5814365074	34524.36914050475	28160.77771263369	6380.927857322587	7264.566662017314	8928.098446675422	0.0	2877.700410638659	5225.044120337008	3834.768710354032	5231.643341562447	21880.1828907194	26404.10272748964	18389.573825101463	22815.27665264551	29324.63890511945
PWY0-845	superpathway of pyridoxal 5'-phosphate biosynthesis and salvage	401.5546643668198	27.534646654295397	452.69067741382287	14.428512209436064	233.45815253283504	1107.072508698886	355.67714434689617	641.1782018336096	821.7692751229198	356.33259488218204	11579.54803718564	2197.8479399600305	15334.417150299909	16516.15211456224	22499.582783941696	562.0585056390819	908.8201954994812	1401.8410791268789	4415.7589333763535	1545.382922899727	1290.8320721657085	6141.348891634503	4524.274364092144	10522.269203308737	6397.121107287557	9059.828055614702	6487.552083118	14709.96543592011	11229.37540094641	19042.25395612803	8045.750284093337	10270.783187716564	14257.978000507355	10764.957827784368	3212.975642736274	2605.0967702671155	2063.267759040392	14.674237194188912	1620.7118143842586	3115.006168575464	3456.7676589907824	2648.592240290423	4643.1214341350205	5688.819877004401	2634.672174540436	3667.2705484762687	4443.019885967994
PWY0-862	(5Z)-dodec-5-enoate biosynthesis	960.1065858535025	111.19270533008334	1585.4877421246215	77.29233844125534	797.5395595425241	5905.807272463996	12209.437418879614	8141.728621926013	9185.698316647417	10595.436108318769	54745.82593393284	10726.485823186738	58187.48791060294	39361.16249085853	59500.00258875779	12454.299346530886	17207.301095727693	3898.015341442221	14508.908432319016	4025.9084475507434	5888.273503201845	34271.15517380299	24816.739868180477	35034.75412751398	23306.969405829568	34345.064475526255	11202.587878165574	26777.90562232065	11328.75820765276	20384.30934242241	9461.643698743408	10514.8655221773	19572.842809125737	15582.785367284669	7069.583522008818	7405.121033796846	11385.533123804282	84.08084143412492	4129.312542871787	8565.92444731295	8824.029550273955	7722.009961947774	19520.136282321724	20443.081946723385	17842.55314775119	23553.416676557328	28552.214281025997
PWY1G-0	mycothiol biosynthesis	106.58798033572089	0.0	158.34157351853815	0.0	7.370602304297887	9.86207454196379	14.73468368025941	76.49289056212424	103.111963233183	2.1414866186759656	16591.031473402072	1309.2576377653982	8000.840091636201	10839.217045789015	9527.580231614884	0.0	7.388154463986039	0.0	0.0	0.0	4.987196460945905	2518.078215258699	2214.168252420383	6569.960919606515	4185.803166191615	3677.235373884713	84.55598455598455	1094.1329609128456	2462.598025014769	4243.73199437476	2278.5821543387297	3692.860407910337	9543.048483695227	3532.108792584323	13.93443185119188	2.842020231469648	20.57402950487505	0.0	0.0	0.0	0.0	0.0	1508.0687248785327	1720.5316028467769	1124.9916399936335	1671.5868091466011	2288.5715660332776
PWY490-3	nitrate reduction VI (assimilatory)	10.4991792408458	0.0	72.71444481460364	0.0	32.99343214190337	29.99299393461566	47.97547587343251	94.41364991309152	229.04427360481932	81.92546046374152	1677.9324500222356	479.52138391658826	3817.076477780226	4647.773366278057	4093.319593612795	224.6550758526525	199.92814605917752	52.46857721744805	215.73610997046848	160.32067945399095	431.1074446758605	1091.3578988504046	1286.5675159189984	2358.825221932334	1567.0998324141628	1176.7445541816928	8.999376104526062	140.92957037717525	634.1395590204636	1223.5034125650132	687.8790473705195	707.1442543146801	1023.635986362722	1152.1077534950066	743.0532996201812	523.417080423209	1143.9440735584906	8.842105263157896	199.7665611602225	104.9371594641438	315.8679736201635	194.75196840224208	1133.8232825745563	832.4234754569401	809.1041392956355	1061.7412391919463	1209.6543121881682
PWY4FS-7	phosphatidylglycerol biosynthesis I (plastidic)	39835.63352902847	12796.235877735226	40999.6105592198	121.97522281961564	48355.23289109362	35748.77488186055	25068.03938700735	24025.101377304058	30955.502593557558	21016.857577484807	90015.84258256278	14062.28525848862	74816.11102865446	64582.44800576457	73160.62784678735	40050.25907658568	35795.134560067345	21103.16156127153	41449.91278811632	37662.8677457258	59870.34119002365	78721.47735409184	61713.50002940335	64100.15982216576	53304.6936538676	104289.4290439235	10573.723653493213	25729.559303260183	39835.29209395875	57602.89980960995	34426.18438749394	42879.9956825354	49221.2270275657	44875.22709961828	29345.799790502253	37072.35984418675	31070.19534952864	134.44873776205196	20901.73586780178	43372.197199435504	39673.99026658459	40114.10683127418	52257.77590499383	55625.30661281942	45586.48185555544	57523.52303229094	70670.03694626177
PWY4FS-8	phosphatidylglycerol biosynthesis II (non-plastidic)	39835.63352902848	12796.235877735226	40999.61055921981	121.97522281961564	48355.23289109362	35748.774881860554	25068.03938700735	24025.101377304058	30955.502593557558	21016.857577484807	90015.84258256278	14062.28525848862	74816.11102865446	64582.44800576457	73160.62784678735	40050.25907658568	35795.134560067345	21103.16156127153	41449.91278811632	37662.8677457258	59870.34119002365	78721.47735409184	61713.50002940335	64100.15982216576	53304.69365386759	104289.42904392352	10573.723653493213	25729.559303260183	39835.29209395875	57602.89980960996	34426.18438749394	42879.9956825354	49221.227027565685	44875.22709961828	29345.799790502253	37072.35984418675	31070.19534952864	134.44873776205196	20901.73586780178	43372.197199435504	39673.99026658459	40114.10683127418	52257.77590499383	55625.30661281942	45586.48185555544	57523.52303229093	70670.03694626177
PWYG-321	mycolate biosynthesis	823.4368902120424	61.148905477114944	1902.4087626548744	86.73853932142701	479.0076032377421	6910.18606294188	13780.517641572833	9433.944069099069	10619.404431920271	12018.72472501601	63036.80424162326	12168.787531290078	66379.03494833721	45508.18269957753	67477.56701068938	14385.631231797051	19337.605073490253	4606.564940380797	16783.261360681958	4798.811432025871	7032.382915721788	39570.71625596465	28761.59759508017	40532.21672624845	27095.719730921	40153.01562941343	14135.977061984257	32373.594417476572	13340.4930604687	23850.336855561312	11169.405719084873	12418.14544250019	22804.30082301956	18220.438150906823	8290.736421860456	8715.351923483755	13132.505021743438	94.70818961360357	4846.734617665475	10061.653909370769	10323.185004807954	9053.787464394753	22700.035764849352	23796.683389193768	20692.05877048347	27266.38904846132	33108.72788510677
PYRIDNUCSAL-PWY	NAD salvage pathway I	3504.0447785746087	1147.591376793902	3653.185522381208	39.08385895109341	3119.700435307147	5648.161273296553	2343.568336660548	2783.6318570486883	2785.4527196174986	1477.8754236579168	54083.0123208159	7954.023095093139	45450.50159918278	35612.811079052924	43788.51501231508	2831.7380533930777	3256.570741010888	4112.337002645017	15850.300106304603	5218.248930977143	9067.486126785643	22878.83812829108	24771.5654426172	29991.02354361185	18310.73987406823	30441.838185830948	6348.699873324737	14976.399915368753	20463.646289381344	33919.01367411259	21148.77803303049	22982.692761040653	30436.534701981884	26488.329608327986	5584.601599304551	3371.246363797836	6927.309122507604	35.25812709239386	4552.674114564305	8582.768271553425	11007.031984613204	9029.210898725978	20189.26318057018	20384.22448869748	14003.583560678466	17396.648492398454	22339.272589081207
PYRIDNUCSYN-PWY	NAD biosynthesis I (from aspartate)	31362.04395747074	9909.07756701692	33075.91160811654	88.49067291985034	38769.8695325365	28067.206910780336	20625.996759961352	20325.20686441532	25777.644085698303	17446.569239948032	63905.28471948378	9914.73641682696	52341.16500386392	44538.62526414692	49259.97983675441	32602.072948870336	29206.061928491195	16801.36735219673	32205.95106689449	29717.07405847185	48352.61344208208	59517.96941534155	45788.96663880423	44385.71924649637	39042.57243319268	76757.9379210443	7108.148145456852	16988.002118258606	30598.925175745528	41573.91920338389	29010.612824551747	32008.45979662372	38127.64499565282	33565.93016018037	24813.045949692387	30502.934813918484	24460.24380397525	106.8242389913057	16740.301089701923	34263.43492222282	31429.71668138213	31679.85947020752	38573.72197001383	41028.42565543029	34192.24706166145	43227.69407824478	52351.28473040401
PYRIDOXSYN-PWY	pyridoxal 5'-phosphate biosynthesis I	749.0431561009356	100.87657613662202	1273.8510439881677	18.32375122418151	524.8652067156378	2617.420012134553	4184.334106646033	3618.21092682638	4232.868689529391	2462.4896854052367	7238.053752229973	1958.345756002863	12653.56922799014	12943.402460542018	20902.93109990765	4439.322869498435	2506.1261480671305	1699.2440674982147	3309.387853750746	2559.7545981681183	5371.089773006424	9742.326946570782	8334.906000806468	12613.032567175547	8513.326163837492	16657.492819021485	7136.115951967911	16198.612573247225	14603.76940652295	17369.45014962062	16375.214222815304	12109.130374825962	15893.442679180813	13196.760711485484	7565.65643483361	7031.360059801912	5020.620917220933	20.38162321210301	2359.7586956781784	4508.537496217429	3646.0078364252136	2932.0332898526126	13162.75548595288	15045.04021779511	10632.728923524612	12758.661087735842	15939.529754317304
REDCITCYC	TCA cycle VIII (helicobacter)	2254.8995052242794	284.5109455822041	3716.39170040564	0.0	1490.7282640906178	6668.252652113432	22511.27517810748	8256.210019961363	13422.866126872528	16952.765806703057	93785.70420798245	14130.55547735009	84307.11972362016	70119.23911887298	80007.10210897321	19291.49674101404	15958.983600776468	16351.719171173978	10620.709100422742	21706.86979497189	17559.616204338734	43395.959418837134	33589.698274286166	41514.98295427475	30917.22286670883	49910.30290904048	11324.250665773396	28200.767444871675	22486.88605067872	35266.47936298658	18639.15109678641	24718.83780450057	29294.084284438908	29500.091231052276	9290.15303079695	12194.169180426908	13231.846779488387	27.77068129578941	4414.651275760807	11691.059654890778	5318.773131483348	8150.754959439288	32630.050957603493	31409.37993979229	34567.231515184714	46041.29661012232	55511.85668336789
RHAMCAT-PWY	L-rhamnose degradation I	198.6648590281801	17.685512281388334	222.0651106517226	5.0	149.60729635241333	124.06278090887184	168.73020495420658	260.997762783871	395.969375732834	145.7059894115395	12405.104978663448	1219.2292449617055	9898.994538134357	9163.717735815177	12097.916529275628	333.9474187049444	195.00907509037225	28.09660954119023	164.1192895713497	163.49390954417592	248.4887045959757	3252.1776218882374	3148.190795915039	4326.382297096942	4716.225239390981	4240.74334001738	98.29746578559734	911.0398058295386	7036.2341829083125	8503.914647621721	9635.106588026669	6865.609733666186	7073.667731673794	6384.056459085532	552.9906472545871	849.4370497718969	118.90000613356172	0.0	115.21905593577884	421.5784509364904	166.05618635608514	309.8805952609816	3156.668380285195	5089.018536818919	3175.9385502926234	3899.338749787399	4604.131549149527
RIBOSYN2-PWY	flavin biosynthesis I (bacteria and plants)	35785.56104969104	11438.23950970798	37062.64927547084	104.29476571061451	43514.82028081792	31775.75594121739	22389.665355007382	22808.77391759654	27644.93195179033	18759.9495957751	73071.32914759408	12088.65878077266	63632.38327684436	53172.92574469008	61407.89457252045	35352.387146163135	31065.982835331444	18352.339750012976	36835.786012621385	33195.22262235483	51740.925908299374	66131.31176693148	50984.46437567179	51653.89997820427	44049.81157131522	85653.51280705152	7984.517394686973	19744.872815208342	35015.793759823195	48885.67755524566	32325.03477976129	36568.098955104906	41378.20211935112	38314.88380551553	27082.42770083809	32248.339780055245	26111.30314792874	121.359505075575	18584.77166823367	37648.690834260815	35695.27018523669	35748.861783602224	44058.94800264072	46822.09609662718	37751.46466267228	47657.72588598252	58542.42014144556
RUMP-PWY	formaldehyde oxidation I	2072.1563121314857	531.9656540240311	3181.4348829311443	0.0	2944.74713423212	1794.5446364760471	62.7812005156372	428.5217570862562	626.0312277850917	262.62319995044834	3073.4649494075848	560.7789392271733	3125.286833604386	9778.06243009543	14332.80542395474	1528.551306795786	1189.9707710968655	674.2191535557108	1837.0092887454175	1294.5814366614263	4148.4751445412685	4669.317955106196	3533.452713619886	1768.0749524907276	2508.53768244903	5959.748162210728	17.971227619349648	74.8008899020435	1192.904732876771	1706.9145901653856	1174.669659559312	645.9684704349401	878.5597460694471	1305.3001977987617	1138.125010317985	854.1673233612181	283.87734115436785	0.0	921.9279540737964	2064.015765034348	1475.5798520109215	2225.8213886411536	1310.1614850925178	1010.9096855675364	6688.6621956259605	9906.080292079956	8907.78553140959
SALVADEHYPOX-PWY	adenosine nucleotides degradation II	5050.180236732056	1164.996019980195	4884.745106270141	75.6431909348779	5127.692140780531	7154.83375109761	4561.317752760269	10649.669850864018	6464.3483629231405	2894.3386632004112	81607.22612356246	11490.743008082129	63088.521262302806	55848.582177088414	61466.35089102798	7328.034447265391	5509.895748794505	4117.101258275758	9886.853564766863	5900.089451205557	9288.117954088875	46851.32353077363	30668.67609369791	47566.4475016639	33834.08182615359	51263.92640774727	10900.311111297337	29193.862789162973	36420.01210710289	56228.28871733286	26536.74905781773	30377.88393683181	31601.722097069956	31177.26642910118	14394.869819843503	9642.771454100008	8263.492891388947	34.48258404212232	4422.451057941597	8468.94846234454	7645.519900277415	7363.471275788936	30892.42352173623	34843.28771340611	29758.224130675448	37173.0914197331	46152.05554950461
SER-GLYSYN-PWY	superpathway of L-serine and glycine biosynthesis I	33202.25694734483	9991.933847794337	33864.508317632935	136.02585744045703	39573.94311309132	29285.45553321933	23223.57414336912	25741.78854299797	28267.18523413495	18973.088978987464	85236.4011642634	13727.415039821371	76262.50528159819	63472.78415098442	71890.80462159342	36777.36502546346	29393.996579923514	18222.763805664334	36643.15674448736	32573.078189903023	54694.04052638282	77792.08722615389	61631.06366442108	68029.46551751006	54405.44059602974	105519.18311484288	12632.512697292696	33969.8695934168	43329.17094744462	51708.876507983245	41446.73540210303	44359.899753106925	49213.872150643925	45579.96168955713	31284.72760589555	37942.17008181922	29804.5524041878	123.04758815850286	19266.87673346902	40108.74182755425	35790.898177730734	35888.288479100614	55409.55845320616	59874.227551171934	44718.206486920666	55776.82192882679	69382.5440467864
SO4ASSIM-PWY	sulfate reduction I (assimilatory)	10888.698655777973	3921.848793198524	12491.151320198289	52.7026848154603	14309.874945663829	11065.665998888677	11695.836384618571	6029.020594203654	11670.771584747798	10998.624879843564	44354.60242561704	7389.386089863364	47719.86775770383	38082.53112405024	53728.66185976397	13084.573460554024	14496.780324828354	10456.31543151898	15765.24012381775	14741.728124054758	17224.75845622599	28465.90012288496	22245.092419267847	31146.25821644304	20592.69406265005	31363.417434345	11292.26690117606	26505.17450399581	17587.66675141002	20678.3192577379	20883.544133194908	16667.080068499712	20696.32992528716	18227.24647777725	7271.2450088972355	7850.751593018683	8531.100774059667	45.81763817547263	5193.116997165867	11128.340239263016	12404.625392804664	12228.509198520354	20379.81020393881	21704.17967267271	16231.623569554697	20345.808482979115	25096.0813224544
SUCSYN-PWY	sucrose biosynthesis I (from photosynthesis)	187.2385480866025	39.67090304271127	70.9180298678769	0.0	186.61533229950052	261.334229598176	93.75437542901447	64.20332259234907	217.91706014640064	97.81731821047734	5954.503381337167	1292.1189467368474	6866.226138179333	4314.424903202068	2298.997989017369	387.8451965865461	335.67945801159743	232.5614893003657	900.1130035196641	311.9694821731852	1393.5733536933676	3364.469574171328	2573.878993205063	5583.987244090172	3187.5028396455577	4996.964395583378	267.50411949354003	109.49779980460843	1468.1261876685687	2138.4722501240767	1144.4262128992464	1085.7932982924208	5022.150545268974	1014.6303459947234	1035.436301142207	908.605341994858	69.5381038067497	0.0	176.15721836483812	190.36412748422333	1107.3864922654632	812.481212395909	2893.804601003286	4700.832452769711	2586.6525875116818	3724.625398679522	3683.9000503476072
SULFATE-CYS-PWY	superpathway of sulfate assimilation and cysteine biosynthesis	14024.22991136528	4537.027300157745	12538.781704741428	71.61893173028353	15715.730262070634	13492.21736793232	15538.600099738927	9802.600785179626	16408.434507049053	13809.65680563214	56155.5191361667	9361.950441421122	57907.53336061222	46906.5756768332	60083.41448913392	18897.6229619987	19522.25858554855	12909.515306551097	20967.36373500537	19116.617527314484	23910.99263349032	41654.2665023096	32638.985362520085	43892.59934241564	30410.213193523283	48748.25435526284	10734.816563868497	27054.904827390044	25295.61465406887	31083.513525805058	27600.51048254918	24472.292901890192	29866.88354474587	26731.06961093008	12080.825159850325	13541.2596427562	12962.477094866652	61.93895371829916	7687.963117060212	16550.04532881822	17114.607847013718	16859.35391950762	29807.24308985941	31802.96642246944	23484.39620136472	29586.723556918525	36481.29267514557
TCA	TCA cycle I (prokaryotic)	33072.99159429854	9628.484028308329	35144.959521345816	103.42136578635224	40368.62651846316	29682.77857989866	27226.636722752988	27965.592340717896	33331.748549298725	22866.024702814477	92990.67451902627	15083.19622859013	82804.6190161371	71833.7132752482	80292.318592639	40611.91403245611	36779.48668106169	20843.287249373818	39230.92547272992	34998.33923740592	59273.36721855922	84795.57644718296	63035.62379033141	72678.5408792351	56946.08934509523	108310.40048454552	12320.146842525504	30110.041952652675	39794.5554869801	52095.24916704761	37955.60776239507	35315.04425950153	46628.77739661526	40070.37210341077	33436.958786963645	40532.18372091196	33994.50196719288	148.0679219022412	20602.411573441324	42472.69587430206	36957.72723468197	37056.74561585658	53289.069318840855	55618.84742447941	45953.933947824095	58272.73025179996	70812.83328420279
TCA-GLYOX-BYPASS	superpathway of glyoxylate bypass and TCA	962.4894050315002	122.22397947457743	1937.138336916812	0.0	595.5898964525287	3779.789592092828	14950.651671478485	3030.130912015097	5876.185775480692	13174.903368039964	47346.64280268734	7759.721555547959	47280.404652316014	42932.078422071776	49924.25410894925	17303.69254057	9651.6351925772	11345.116976707088	10323.535920134123	13516.074809785909	9117.198686597378	27553.792395854423	14777.942214970331	28065.40813075032	15971.010195812752	22582.71360308024	9875.625727511757	24039.544135356915	10345.261257383729	14703.529053925466	8611.585644162205	10117.753145093782	22489.82384599352	12555.75659633663	6384.632539300857	8869.727975259704	8784.123907123634	13.497612879760634	2899.5875096316013	8726.910812620665	4650.845341369652	5491.410184394223	14142.534848044936	13922.153026190414	19357.88437233757	25782.524215377496	30779.526961796004
TEICHOICACID-PWY	teichoic acid (poly-glycerol) biosynthesis	0.0	0.0	0.0	0.0	0.0	0.0	11.319390487994166	18.660330402439243	67.87460534037834	5.040093280652231	13769.87466764456	1176.720815332702	6487.404530291114	7737.227681646818	10402.104019540311	0.0	0.0	0.0	0.0	0.0	0.0	777.5003789315467	537.4903655842879	663.9363069965873	768.1794375214039	664.3643496230386	122.88952501357302	921.5923250173748	1542.4391841341703	4063.59961286478	1050.2059705440265	2928.5179591775595	2769.1127171331723	2385.276376584244	21.745775849182102	6.599113956926552	15.914232406706438	0.0	0.0	0.0	0.0	0.0	486.3285260504663	499.16111020837593	367.94323112482937	461.25575073000925	664.7727311478279
THISYN-PWY	superpathway of thiamin diphosphate biosynthesis I	29284.00572932884	9086.559027291954	30648.55399154164	84.86162499384271	35566.84565977428	25387.53111386025	16492.74689759092	18009.231778194957	21424.894107178312	14280.158551664184	54154.14187342102	9491.744086154233	48723.94105165291	33764.39276781529	42867.29734563346	28373.82574659022	22411.08147032647	15043.74100400759	31806.3396513747	28162.683346636502	41739.226831106855	48009.51104408186	37986.48883514018	35560.306358449096	28929.628678355886	61602.68680185732	1647.1300640344105	4311.981215184482	29374.707579800517	45188.81590445693	24732.40966637916	27997.618723027445	31435.314394123467	27631.122520406567	21295.185802803924	23334.900148517783	18894.530159541056	105.75768189233813	15978.075901155313	30818.849075647435	30777.22394001733	30826.766057099525	36413.42003281301	37314.12059878746	30733.944823094607	37692.161653453935	46795.14479796543
THREOCAT-PWY	superpathway of L-threonine metabolism	258.765156495178	0.0	119.03360864870484	0.0	114.84833816747792	117.85808141993328	14.41235920169286	15.45870030544136	26.53149879469337	48.16669237466118	0.0	1.2971653670404788	0.0	271.4234340315328	0.0	39.32756589049038	25.624618741466133	29.902924933972507	19.83228592560068	35.10871372387712	18.009657032001503	61.0135983445612	376.20895389162143	32.89831052478044	157.54093734669345	66.6355269268824	104.62620931965122	435.9868176191135	5.196110700179067	7.793633315453623	10.383594124543793	7.793785478577431	3220.413318179488	5.196372222868056	52.52346274841997	81.34945294378677	23.69697866211632	0.0	14.150674267089538	29.00944899888904	88.39417192391689	27.73975063159741	127.44482025343504	261.32771900182627	45.060396442213765	23.83702836757152	40.34615035637948
THRESYN-PWY	superpathway of L-threonine biosynthesis	35705.12519151799	10902.194585774145	36567.70276451901	129.70110471100537	43142.98892798422	31238.712872472814	21067.654115439327	23034.506162604404	28771.58683921089	17942.062225337653	83338.10313105302	13362.99278837952	72721.06431129937	61387.42110785742	69698.31964647585	35352.918781847045	31527.85042759608	16873.52365850733	37320.07293159002	31947.92108981814	53814.97831819624	74346.64885178194	60103.83457382489	65520.21671759984	53382.31576891296	102045.46342884876	8183.857070644705	19460.55192206868	44611.0994433221	60733.69941738634	42959.32905054894	47278.68716686258	50546.27094703895	48576.40895993433	28371.27860077522	34309.104064117026	26855.064851884148	117.16065770016196	19187.82447334096	39365.72133333782	36590.24569666051	36944.132478041065	53319.01708078205	57000.69150983526	43300.048432000585	54123.44019949	66480.93883315781
TRNA-CHARGING-PWY	tRNA charging	33853.937734522195	10786.372637413033	34467.26873767265	114.46914704932496	40739.11232935904	29898.056763701858	22988.74147501795	22982.659651429683	28386.16385241607	19286.117893910337	71079.43160272957	12118.695214369993	62813.05214195791	53966.25932361224	62228.741121784034	35614.23255178614	31023.95682407669	18079.05811453241	34728.84946569257	32572.78582029916	52635.70002123674	70677.71571707656	54630.759696508685	57357.36123157848	47207.21996484962	93209.56340030846	7291.041198598019	18148.05769877463	38209.73625413767	51655.75822197078	35540.64108291207	39528.072460671945	43632.28470296721	41212.00600671114	27777.904853760785	34479.496824264395	27844.042669744063	124.34445440346832	18210.99316279696	37281.95560598269	33870.02629859879	34657.395187284346	47905.37305707074	51045.388530494194	38396.353395424936	48052.59333772401	59174.18274618215
TRPSYN-PWY	L-tryptophan biosynthesis	40504.771463577024	12830.14288561049	41932.73566306883	85.20173447655756	49189.22065143278	35604.31890386628	23585.658453288717	26682.55391006796	30310.481274623136	19951.00712651302	76750.28498376676	11891.543901481971	64363.03333683511	57544.341848026095	65634.08438663986	40242.79042504754	34837.690612089384	20498.83959517245	41098.33537016112	37253.701847871525	58274.97357766684	74219.76016893316	58004.97801980363	61304.28445262182	50421.757210797216	97577.92222082504	7779.997876157345	19457.964024389028	38122.92743810252	53468.3052315977	35131.59517788801	34952.14144811499	42425.62364601228	39448.06555423742	34467.333374050504	42669.19644618452	32497.203849912552	125.42047092743871	21196.94143394134	42607.05332656539	40367.08307627708	40277.513769511024	47627.16840858442	51552.167947922535	38731.8917766492	49770.90200756973	59736.47902337831
TYRFUMCAT-PWY	L-tyrosine degradation I	138.64907951050594	5.847167462129072	445.1494731552344	8.411214953271028	102.44032417807595	1214.094454622367	557.4008542415274	468.2172575294073	429.0037245946498	294.7997162951522	24506.467588625885	3782.901775951166	25245.453330180757	15607.268595181577	21583.112682601768	435.85156078007225	589.9392968759671	1161.284692225802	2020.46216528003	1050.8971618709656	1292.962404400993	7273.187164040365	5228.297317209569	6464.017888922416	4915.834846486749	7196.107120426776	8149.115345680865	18909.4156064732	4752.927872500565	7342.857490659493	3597.10228468995	5238.752665280241	6054.6463835387385	6642.198235285768	1076.462317441052	907.9626418107388	1603.4665345838257	2.033898305084746	516.7360419142365	1510.4998887464558	702.0664998441462	1024.1792410513056	8157.712971621152	8610.191427037968	9598.523957678222	12727.432806896111	15468.310109452052
UBISYN-PWY	superpathway of ubiquinol-8 biosynthesis (prokaryotic)	3234.370018100343	903.739262740076	3108.1977831329355	25.8502818776372	3108.1598007011903	4183.649011924131	13807.234851668863	4545.814003942322	12532.79984913106	11485.919819000716	40137.72902061301	6691.533035100272	41546.81522178755	26403.49238951145	35753.80882659743	15254.414699965058	16236.405583679443	9773.451077121808	13553.913114093848	12002.386003592028	11573.164144330922	29118.212492535426	21560.67678071881	26469.990279719997	17337.098476751136	30302.764989595547	7644.501630691335	17735.079198329913	10369.33888828656	15848.101735277054	8537.72127407432	7971.653833767255	11577.372990092706	11308.547376791992	9164.11669863324	16738.18374802669	14045.90089092435	28.924388568615942	4235.752702107243	10862.461382750014	8421.4052537039	8503.80210158233	16280.715967184156	16314.045570120506	16455.616317848428	22196.80570999041	26727.53581197113
UDPNAGSYN-PWY	UDP-N-acetyl-D-glucosamine biosynthesis I	36811.7555646381	11703.367283441705	38224.16860071628	95.24254830279524	44740.50635641858	32686.563479974007	21671.82903681658	22619.726425870354	27159.641411272187	18408.419890153637	74569.5721819517	11525.33260137085	62624.04403889834	56485.75834019541	62143.0221708054	35759.221538578495	31335.09228974998	18596.29924710585	37209.936877847416	33766.452263075946	52828.53871397557	70165.34723277451	55133.492851692	62791.217415742256	49191.04094612956	95582.69353837792	7198.522802125551	18397.169289199224	33800.27802928326	48538.5449097593	29044.266337892197	35457.89634516917	40346.34102159816	37845.9725655619	27312.40987931195	32221.07164298756	26671.188824141984	115.07580365437408	18959.927069158646	38511.29920780852	36231.383313216254	36440.87346206614	44036.71472839558	45474.24456687349	37286.62795242803	47569.9513156255	58109.92445924949
VALDEG-PWY	L-valine degradation I	0.0	0.0	0.0	0.0	5.989736575470487	0.0	0.0	0.0	0.0	0.0	184.70173271258795	0.0	73.9605981913418	151.74045522037062	0.0	0.0	17.968577565731987	0.0	0.0	5.99803857142871	0.0	0.0	62.8815373528621	26.987511445023767	11.995831083042184	0.0	0.0	0.0	41.93197898361593	74.86722839111559	38.93466694131202	29.973021215515345	50.92585216539156	50.93842420009212	175.07473111022955	0.0	5.9972179339331015	0.0	0.0	0.0	0.0	0.0	8.997068945804159	119.53246584925132	8.997259622896884	23.985892610434306	38.96977995291792
VALSYN-PWY	L-valine biosynthesis	46097.14824829117	14843.1517831252	47265.00118947474	132.00459526978975	55753.99832591244	41102.81857904494	26735.21040440124	28582.640642282087	33678.10981713615	22730.75508686114	115394.41241740668	17700.71637555935	112799.9428565388	83633.5638493063	95356.44879844216	44695.28875243093	38941.56995774576	23735.35690629506	48059.1663405517	42114.62772918507	66616.71131696232	98037.20066147626	74293.42419053332	90446.19538133575	68992.00088744392	124072.3682522586	9975.718775989477	25967.472427806053	50870.99127567101	72155.8761501651	48684.74825118757	54105.58102046939	64288.39786679399	58892.52832456933	35220.538188547864	42669.94486975232	34942.26063002481	146.2168570812675	23447.488760289427	47972.42169894293	45446.39974423115	45415.8394869222	61638.02132011628	66720.50464251495	54169.58179859286	69226.16879120357	85607.42908013478
